DROP DATABASE IF EXISTS restaurant;
CREATE DATABASE restaurant;
USE restaurant;


-- CREATE TABLES --

CREATE TABLE `personnes` (
  `id` bigint(20) unsigned NOT NULL auto_increment,
  `nom` varchar(50) default NULL,
  `prenom` varchar(50) default NULL,
  PRIMARY KEY (`id`)
) AUTO_INCREMENT=1;

CREATE TABLE `clients` (
  `id` bigint(20) unsigned NOT NULL auto_increment,
  `argent` varchar(10) default NULL,
  `id_personne` bigint default NULL,
  PRIMARY KEY (`id`),
  FOREIGN KEY (`id_personne`) REFERENCES `personnes`(`id`)
) AUTO_INCREMENT=1;

CREATE TABLE `employes` (
  `id` bigint(20) unsigned NOT NULL auto_increment,
  `num_badge` bigint default NULL,
  `id_personne` bigint default NULL,
  PRIMARY KEY (`id`),
  FOREIGN KEY (`id_personne`) REFERENCES `personnes`(`id`)
) AUTO_INCREMENT=1;

CREATE TABLE `serveurs` (
  `id` bigint(20) unsigned NOT NULL auto_increment,
  `couleur_blouse` varchar(25) default NULL,
  `id_employe` bigint default NULL,
  PRIMARY KEY (`id`),
  FOREIGN KEY (`id_employe`) REFERENCES `employes`(`id`)
) AUTO_INCREMENT=1;

CREATE TABLE `cuisiniers` (
  `id` bigint(20) unsigned NOT NULL auto_increment,
  `couleur_toque` varchar(25) default NULL,
  `id_employe` bigint default NULL,
  PRIMARY KEY (`id`),
  FOREIGN KEY (`id_employe`) REFERENCES `employes`(`id`)
) AUTO_INCREMENT=1;

CREATE TABLE `commandes` (
  `id` bigint(20) unsigned NOT NULL auto_increment,
  `date_prise` varchar(255),
  `date_livre` varchar(255),
  `id_client` bigint default NULL,
  `id_salle` bigint default NULL,
  PRIMARY KEY (`id`),
  FOREIGN KEY (`id_client`) REFERENCES `clients`(`id`),
  FOREIGN KEY (`id_salle`) REFERENCES `salles`(`id`)
) AUTO_INCREMENT=1;

CREATE TABLE `menus` (
  `id` bigint(20) unsigned NOT NULL auto_increment,
  `nom` varchar(25) default NULL,
  PRIMARY KEY (`id`)
) AUTO_INCREMENT=1;

CREATE TABLE `nourriture` (
  `id` bigint(20) unsigned NOT NULL auto_increment,
  `nom` varchar(25) default NULL,
  PRIMARY KEY (`id`)
) AUTO_INCREMENT=1;

CREATE TABLE `pieces` (
  `id` bigint(20) unsigned NOT NULL auto_increment,
  `nom` varchar(25) default NULL,
  PRIMARY KEY (`id`)
) AUTO_INCREMENT=1;

CREATE TABLE `salles` (
  `id` bigint(20) unsigned NOT NULL auto_increment,
  `place` bigint default NULL,
  PRIMARY KEY (`id`)
) AUTO_INCREMENT=1;

CREATE TABLE `cuisines` (
  `id` bigint(20) unsigned NOT NULL auto_increment,
  `dernier_audit` varchar(255),
  PRIMARY KEY (`id`)
) AUTO_INCREMENT=1;

CREATE TABLE `contient` (
  `id_menu` bigint default NULL,
  `id_nourriture` bigint default NULL,
  FOREIGN KEY (`id_menu`) REFERENCES `menus`(`id`),
  FOREIGN KEY (`id_nourriture`) REFERENCES `nourriture`(`id`)
) AUTO_INCREMENT=1;


-- INSERT INTO --

INSERT INTO `personnes` (`id`,`nom`,`prenom`) VALUES (1,"Leonard","Avye"),(2,"Jackson","Meredith"),(3,"Fowler","Amelia"),(4,"Yates","Ashton"),(5,"French","Kathleen"),(6,"Boone","Reed"),(7,"Mendoza","Calvin"),(8,"Buck","Ariana"),(9,"Patton","Martin"),(10,"Deleon","Clark");
INSERT INTO `personnes` (`id`,`nom`,`prenom`) VALUES (11,"Mcmillan","Yolanda"),(12,"Norris","Grady"),(13,"Sampson","Derek"),(14,"Shields","Amber"),(15,"Anthony","Anika"),(16,"Benton","Jordan"),(17,"Walls","Byron"),(18,"Whitaker","Samuel"),(19,"Buchanan","Xyla"),(20,"Bray","Paki");
INSERT INTO `personnes` (`id`,`nom`,`prenom`) VALUES (21,"Acevedo","Rana"),(22,"Frost","Hiram"),(23,"Burton","Bianca"),(24,"Hunter","Ciara"),(25,"Lawson","Maris"),(26,"Pacheco","Steel"),(27,"Goodwin","Mariko"),(28,"Rich","Sylvia"),(29,"Francis","Melvin"),(30,"Bass","Murphy");
INSERT INTO `personnes` (`id`,`nom`,`prenom`) VALUES (31,"Holland","Wing"),(32,"Shields","Kirsten"),(33,"Sampson","Mari"),(34,"Raymond","Lance"),(35,"Berg","Hermione"),(36,"Mccarthy","Glenna"),(37,"Andrews","Tatum"),(38,"Reed","Eliana"),(39,"English","Russell"),(40,"Foley","Moses");
INSERT INTO `personnes` (`id`,`nom`,`prenom`) VALUES (41,"Allen","Jamal"),(42,"Bender","Inez"),(43,"Evans","Zeus"),(44,"Dillard","Kamal"),(45,"Oneill","Omar"),(46,"House","Lewis"),(47,"Sweet","Randall"),(48,"Nieves","Tyler"),(49,"Barron","Lamar"),(50,"Noble","Bethany");
INSERT INTO `personnes` (`id`,`nom`,`prenom`) VALUES (51,"Beck","Colorado"),(52,"Mosley","Armand"),(53,"Whitfield","Sybil"),(54,"Dominguez","Wyatt"),(55,"Grant","Aiko"),(56,"Simmons","Urielle"),(57,"Knowles","William"),(58,"Kemp","Clayton"),(59,"Garrett","Kenneth"),(60,"Sanchez","Daquan");
INSERT INTO `personnes` (`id`,`nom`,`prenom`) VALUES (61,"Bass","Luke"),(62,"Rollins","Hiram"),(63,"Stewart","Heather"),(64,"Acosta","Damon"),(65,"Page","Colby"),(66,"Hogan","Nyssa"),(67,"Sweeney","Tate"),(68,"Andrews","Uta"),(69,"Mcintosh","Rudyard"),(70,"Nelson","Mollie");
INSERT INTO `personnes` (`id`,`nom`,`prenom`) VALUES (71,"Rosales","Graiden"),(72,"Brennan","Chancellor"),(73,"Collier","Kyle"),(74,"Castro","Lacota"),(75,"Nieves","Howard"),(76,"Contreras","Gareth"),(77,"Zimmerman","Yoshio"),(78,"Parker","Brenna"),(79,"Franklin","Heather"),(80,"Marshall","Paula");
INSERT INTO `personnes` (`id`,`nom`,`prenom`) VALUES (81,"Myers","Shay"),(82,"Francis","Brian"),(83,"Potter","Kay"),(84,"Mcgowan","Colette"),(85,"Smith","Isaac"),(86,"Morton","Preston"),(87,"Mcbride","Vera"),(88,"Carney","Warren"),(89,"Dorsey","Kenneth"),(90,"Clay","Meredith");
INSERT INTO `personnes` (`id`,`nom`,`prenom`) VALUES (91,"Reed","Finn"),(92,"Reid","Theodore"),(93,"Byers","Armando"),(94,"Thompson","Orson"),(95,"Greer","Martin"),(96,"Mcmahon","Malcolm"),(97,"Montgomery","Maya"),(98,"Flores","Fuller"),(99,"Roach","Ella"),(100,"Hodge","Honorato");

INSERT INTO `clients` (`id`,`argent`,`id_personne`) VALUES (1,"956,77€",99),(2,"009,77€",35),(3,"724,30€",85),(4,"966,27€",33),(5,"821,57€",60),(6,"804,32€",47),(7,"250,47€",44),(8,"744,41€",68),(9,"528,23€",86),(10,"525,82€",59);
INSERT INTO `clients` (`id`,`argent`,`id_personne`) VALUES (11,"332,49€",56),(12,"648,77€",45),(13,"798,16€",95),(14,"601,70€",35),(15,"576,18€",59),(16,"866,59€",81),(17,"534,16€",79),(18,"745,61€",49),(19,"253,12€",77),(20,"640,52€",46);
INSERT INTO `clients` (`id`,`argent`,`id_personne`) VALUES (21,"095,43€",46),(22,"367,89€",35),(23,"043,37€",96),(24,"818,18€",35),(25,"533,89€",91),(26,"431,38€",86),(27,"369,06€",46),(28,"880,81€",56),(29,"956,14€",80),(30,"733,56€",89);
INSERT INTO `clients` (`id`,`argent`,`id_personne`) VALUES (31,"759,07€",31),(32,"763,82€",81),(33,"652,57€",64),(34,"866,14€",74),(35,"943,00€",76),(36,"738,07€",59),(37,"664,97€",56),(38,"250,66€",81),(39,"612,44€",90),(40,"885,89€",37);
INSERT INTO `clients` (`id`,`argent`,`id_personne`) VALUES (41,"193,89€",80),(42,"930,82€",32),(43,"694,99€",79),(44,"268,82€",99),(45,"737,18€",71),(46,"760,87€",84),(47,"544,48€",86),(48,"033,53€",98),(49,"310,30€",76),(50,"800,24€",88);
INSERT INTO `clients` (`id`,`argent`,`id_personne`) VALUES (51,"691,30€",89),(52,"676,56€",60),(53,"242,30€",70),(54,"259,60€",48),(55,"664,98€",65),(56,"020,92€",33),(57,"664,52€",97),(58,"548,94€",39),(59,"753,05€",55),(60,"681,83€",73);
INSERT INTO `clients` (`id`,`argent`,`id_personne`) VALUES (61,"659,49€",75),(62,"914,91€",61),(63,"692,52€",57),(64,"199,78€",95),(65,"583,97€",35),(66,"983,36€",69),(67,"241,18€",83),(68,"885,21€",41),(69,"219,81€",53),(70,"973,91€",87);
INSERT INTO `clients` (`id`,`argent`,`id_personne`) VALUES (71,"818,70€",42),(72,"772,87€",34),(73,"178,64€",41),(74,"483,41€",34),(75,"565,28€",87);

INSERT INTO `employes` (`id`,`num_badge`,`id_personne`) VALUES (1,6143233,18),(2,1933607,11),(3,7976542,2),(4,4881914,4),(5,1759466,4),(6,4415390,8),(7,5185398,9),(8,3843267,8),(9,5500441,10),(10,7028011,15);
INSERT INTO `employes` (`id`,`num_badge`,`id_personne`) VALUES (11,7154366,25),(12,6164089,5),(13,1989266,24),(14,4014555,12),(15,2180983,16),(16,1944391,7),(17,7004009,8),(18,4164135,23),(19,1000120,15),(20,5840849,4);
INSERT INTO `employes` (`id`,`num_badge`,`id_personne`) VALUES (21,6621913,20),(22,5987421,24),(23,6471573,13),(24,6385028,8),(25,6105722,25);

INSERT INTO `serveurs` (`id`,`couleur_blouse`,`id_employe`) VALUES (1,"blanche",23),(2,"blanche",21),(3,"noire",8),(4,"grise",13),(5,"blanche",4),(6,"blanche",16),(7,"blanche",17),(8,"noire",2),(9,"blanche",4),(10,"blanche",22);

INSERT INTO `cuisiniers` (`id`,`couleur_toque`,`id_employe`) VALUES (1,"blanche",15),(2,"blanche",3),(3,"blanche",19),(4,"noire",15),(5,"blanche",12);

INSERT INTO `commandes` (`id`,`date_prise`,`date_livre`,`id_client`,`id_salle`) VALUES (1,"20.12.01","20.06.06",36,5),(2,"19.09.23","19.12.21",48,7),(3,"19.02.23","20.03.20",62,7),(4,"19.08.03","20.12.31",56,3),(5,"20.07.25","19.02.06",66,5),(6,"20.06.24","19.11.05",61,7),(7,"19.10.20","19.04.28",32,3),(8,"19.09.02","19.01.28",36,6),(9,"19.03.05","20.08.14",66,2),(10,"19.10.24","20.01.10",36,4);
INSERT INTO `commandes` (`id`,`date_prise`,`date_livre`,`id_client`,`id_salle`) VALUES (11,"20.10.10","20.09.02",57,2),(12,"19.03.03","20.12.04",67,5),(13,"19.08.31","20.08.05",67,2),(14,"19.11.06","19.09.29",37,6),(15,"19.07.09","21.01.08",62,6),(16,"19.02.01","20.09.06",60,6),(17,"20.06.01","20.06.21",34,4),(18,"20.01.13","20.06.05",39,5),(19,"20.04.19","19.04.05",43,3),(20,"20.08.23","20.06.01",49,7);
INSERT INTO `commandes` (`id`,`date_prise`,`date_livre`,`id_client`,`id_salle`) VALUES (21,"19.08.10","20.09.06",46,4),(22,"21.01.05","20.05.15",63,1),(23,"20.02.09","20.06.09",41,6),(24,"19.07.10","20.03.24",41,4),(25,"20.03.12","19.11.20",38,5),(26,"19.07.27","20.07.14",46,2),(27,"21.01.16","19.03.04",69,7),(28,"19.03.14","21.01.02",70,5),(29,"19.11.26","19.09.04",68,5),(30,"20.07.17","20.05.15",61,4);
INSERT INTO `commandes` (`id`,`date_prise`,`date_livre`,`id_client`,`id_salle`) VALUES (31,"19.11.25","21.01.27",70,2),(32,"20.08.18","20.06.21",36,2),(33,"19.03.28","20.05.15",30,3),(34,"20.07.12","20.12.07",42,6),(35,"20.12.18","20.10.19",63,3),(36,"20.06.16","20.10.13",43,4),(37,"19.03.10","19.11.05",48,6),(38,"20.01.26","19.08.06",65,6),(39,"20.08.01","20.03.02",35,5),(40,"19.03.07","19.03.30",65,7);
INSERT INTO `commandes` (`id`,`date_prise`,`date_livre`,`id_client`,`id_salle`) VALUES (41,"20.06.01","20.06.02",37,7),(42,"19.10.20","20.02.20",51,2),(43,"20.11.09","19.02.01",56,7),(44,"19.10.05","19.08.31",39,3),(45,"20.12.26","20.09.09",43,6),(46,"19.08.24","20.08.13",66,6),(47,"20.10.16","20.04.30",66,1),(48,"19.07.08","20.03.13",37,7),(49,"20.03.28","19.09.15",39,3),(50,"19.02.17","21.01.06",37,1);
INSERT INTO `commandes` (`id`,`date_prise`,`date_livre`,`id_client`,`id_salle`) VALUES (51,"20.08.25","19.03.26",54,5),(52,"20.12.06","19.09.12",58,2),(53,"20.04.06","20.08.09",49,3),(54,"20.10.27","19.03.22",40,5),(55,"20.03.20","21.01.26",53,4),(56,"20.12.17","19.05.11",33,5),(57,"20.08.15","20.05.16",46,2),(58,"19.10.05","20.05.21",35,1),(59,"19.09.07","21.01.19",32,2),(60,"20.08.17","19.09.07",47,7);
INSERT INTO `commandes` (`id`,`date_prise`,`date_livre`,`id_client`,`id_salle`) VALUES (61,"19.08.19","20.10.28",39,2),(62,"20.04.26","19.07.31",47,6),(63,"20.10.13","20.02.17",52,7),(64,"20.10.21","20.03.10",62,4),(65,"20.05.31","20.06.14",36,7),(66,"19.03.06","20.06.05",34,4),(67,"20.02.15","19.08.07",52,1),(68,"19.04.12","20.10.22",55,7),(69,"20.07.17","19.08.28",40,1),(70,"19.11.04","19.07.29",50,3);
INSERT INTO `commandes` (`id`,`date_prise`,`date_livre`,`id_client`,`id_salle`) VALUES (71,"20.10.25","20.03.06",69,5),(72,"19.08.03","20.04.22",51,1),(73,"19.04.28","19.10.03",56,5),(74,"20.06.19","19.07.09",40,4),(75,"20.05.19","20.01.01",69,5),(76,"19.12.22","19.09.09",64,2),(77,"19.09.05","20.10.27",49,3),(78,"19.03.29","20.12.24",47,1),(79,"19.03.15","19.07.04",40,3),(80,"20.09.17","21.01.03",70,3);
INSERT INTO `commandes` (`id`,`date_prise`,`date_livre`,`id_client`,`id_salle`) VALUES (81,"20.01.11","19.09.28",68,7),(82,"19.06.24","20.09.08",69,6),(83,"20.03.02","19.03.14",60,1),(84,"19.06.02","19.04.04",61,1),(85,"20.10.10","19.08.24",47,6),(86,"20.11.21","19.08.30",60,1),(87,"19.12.19","19.06.01",67,4),(88,"20.07.30","20.04.01",50,6),(89,"19.06.16","20.10.03",44,5),(90,"21.01.04","20.06.28",47,1);
INSERT INTO `commandes` (`id`,`date_prise`,`date_livre`,`id_client`,`id_salle`) VALUES (91,"19.10.08","20.06.02",49,5),(92,"19.08.12","20.02.13",36,7),(93,"20.01.25","20.08.17",33,6),(94,"20.01.24","19.04.18",37,7),(95,"20.12.03","19.10.15",40,6),(96,"19.03.03","20.02.15",65,6),(97,"20.05.07","19.03.07",46,5),(98,"21.01.13","21.01.09",33,4),(99,"19.08.02","20.06.01",44,6),(100,"20.09.06","19.10.04",45,3);
INSERT INTO `commandes` (`id`,`date_prise`,`date_livre`,`id_client`,`id_salle`) VALUES (101,"20.01.09","19.09.06",41,4),(102,"19.02.11","20.04.21",37,4),(103,"19.09.05","20.10.04",33,3),(104,"20.03.04","19.08.21",61,3),(105,"20.10.01","19.12.29",62,4),(106,"20.07.26","19.12.17",47,5),(107,"20.05.17","19.06.06",62,1),(108,"20.01.22","20.12.24",30,1),(109,"19.06.03","19.09.15",35,1),(110,"20.06.03","20.01.31",61,2);
INSERT INTO `commandes` (`id`,`date_prise`,`date_livre`,`id_client`,`id_salle`) VALUES (111,"19.04.03","19.10.13",55,2),(112,"19.11.15","19.10.16",44,3),(113,"19.03.26","21.01.01",51,1),(114,"20.02.01","20.03.14",43,3),(115,"19.04.23","20.09.27",43,7),(116,"20.11.17","19.09.06",63,7),(117,"20.01.16","20.06.02",54,1),(118,"19.06.06","20.02.26",67,7),(119,"19.03.26","20.05.20",64,7),(120,"20.02.12","19.09.13",67,3);
INSERT INTO `commandes` (`id`,`date_prise`,`date_livre`,`id_client`,`id_salle`) VALUES (121,"19.10.17","19.03.19",57,5),(122,"19.06.07","19.11.27",48,3),(123,"19.04.10","20.09.01",48,4),(124,"19.03.26","19.03.16",53,7),(125,"20.12.10","19.02.18",39,4),(126,"20.12.19","21.01.05",67,3),(127,"20.09.01","19.05.06",42,3),(128,"20.12.17","20.09.13",39,4),(129,"20.04.07","20.06.21",46,2),(130,"19.12.21","19.10.04",56,6);
INSERT INTO `commandes` (`id`,`date_prise`,`date_livre`,`id_client`,`id_salle`) VALUES (131,"20.07.29","19.05.20",44,3),(132,"19.07.13","20.03.11",45,7),(133,"19.11.08","20.08.27",41,5),(134,"19.02.11","20.12.14",68,1),(135,"19.02.08","19.06.25",55,1),(136,"19.09.08","19.05.08",47,7),(137,"20.03.11","19.12.18",60,2),(138,"19.06.03","20.08.10",36,4),(139,"20.05.10","19.08.30",54,6),(140,"19.05.30","19.07.11",63,3);
INSERT INTO `commandes` (`id`,`date_prise`,`date_livre`,`id_client`,`id_salle`) VALUES (141,"19.10.28","20.04.20",65,2),(142,"19.05.06","20.02.25",52,2),(143,"20.05.26","19.12.03",59,7),(144,"19.12.12","20.12.21",64,3),(145,"20.01.09","20.10.27",45,4),(146,"19.02.01","20.03.28",69,4),(147,"20.05.22","20.02.02",67,6),(148,"20.01.23","19.12.26",50,6),(149,"19.03.09","19.12.17",55,7),(150,"20.05.20","19.03.23",67,3);
INSERT INTO `commandes` (`id`,`date_prise`,`date_livre`,`id_client`,`id_salle`) VALUES (151,"20.05.08","20.10.24",49,2),(152,"20.05.28","19.02.15",68,5),(153,"20.11.22","20.06.16",64,6),(154,"20.03.16","20.04.30",58,5),(155,"19.07.22","19.12.22",33,3),(156,"19.02.22","19.05.09",45,1),(157,"20.09.18","20.10.08",58,2),(158,"20.07.01","20.08.19",57,7),(159,"20.04.11","20.10.13",47,2),(160,"19.02.02","19.11.25",43,5);
INSERT INTO `commandes` (`id`,`date_prise`,`date_livre`,`id_client`,`id_salle`) VALUES (161,"20.01.02","20.09.23",45,7),(162,"20.10.10","20.10.07",41,3),(163,"20.10.21","20.03.14",42,6),(164,"20.08.15","20.06.05",59,4),(165,"20.12.18","20.12.25",54,3),(166,"19.12.22","20.01.17",31,7),(167,"20.08.12","19.03.08",48,5),(168,"20.08.06","20.06.06",68,3),(169,"21.01.10","20.03.10",56,5),(170,"20.01.26","19.03.29",37,2);
INSERT INTO `commandes` (`id`,`date_prise`,`date_livre`,`id_client`,`id_salle`) VALUES (171,"19.10.06","19.09.07",44,5),(172,"19.05.06","19.12.23",43,5),(173,"20.12.27","20.09.17",33,6),(174,"20.08.24","20.07.27",60,1),(175,"19.03.01","19.06.24",30,1),(176,"19.05.15","20.11.14",46,7),(177,"19.09.06","20.10.15",55,1),(178,"20.11.11","19.11.04",44,5),(179,"20.09.30","20.03.12",40,2),(180,"20.09.29","19.04.23",53,7);
INSERT INTO `commandes` (`id`,`date_prise`,`date_livre`,`id_client`,`id_salle`) VALUES (181,"20.12.02","20.04.29",34,2),(182,"20.04.03","20.03.24",54,1),(183,"19.12.06","19.02.04",49,5),(184,"20.03.04","19.02.12",61,3),(185,"20.01.05","19.08.13",45,1),(186,"20.06.08","20.06.21",59,5),(187,"20.06.12","20.02.27",52,5),(188,"20.02.18","20.07.30",47,7),(189,"19.09.03","20.10.26",49,6),(190,"19.03.26","20.06.30",33,3);
INSERT INTO `commandes` (`id`,`date_prise`,`date_livre`,`id_client`,`id_salle`) VALUES (191,"19.03.22","20.09.25",41,7),(192,"19.05.22","20.09.01",62,3),(193,"19.02.06","19.08.28",44,3),(194,"20.05.17","20.03.22",35,6),(195,"20.05.04","20.06.12",31,6),(196,"19.03.07","20.02.27",35,4),(197,"19.09.25","20.08.31",47,2),(198,"20.06.18","20.12.28",62,5),(199,"20.09.02","19.03.27",58,6),(200,"20.06.01","20.11.24",33,1);
INSERT INTO `commandes` (`id`,`date_prise`,`date_livre`,`id_client`,`id_salle`) VALUES (201,"20.08.24","19.05.02",60,3),(202,"20.04.22","19.09.20",67,7),(203,"20.01.02","19.04.27",45,2),(204,"20.06.30","20.07.25",62,4),(205,"19.11.14","19.04.11",60,3),(206,"20.02.15","20.08.19",42,7),(207,"20.05.06","19.10.29",59,1),(208,"20.07.30","19.08.20",43,4),(209,"20.10.03","19.02.12",67,4),(210,"20.11.08","19.06.26",51,6);
INSERT INTO `commandes` (`id`,`date_prise`,`date_livre`,`id_client`,`id_salle`) VALUES (211,"19.08.01","19.11.30",32,4),(212,"20.02.15","19.10.06",60,6),(213,"20.07.26","20.06.04",43,1),(214,"20.04.27","19.05.10",53,1),(215,"19.02.15","19.02.21",37,5),(216,"19.01.31","19.03.13",51,6),(217,"20.03.06","21.01.24",69,4),(218,"20.06.14","20.10.12",30,3),(219,"19.12.26","19.07.01",53,6),(220,"19.12.16","19.06.15",32,2);
INSERT INTO `commandes` (`id`,`date_prise`,`date_livre`,`id_client`,`id_salle`) VALUES (221,"21.01.26","20.12.27",41,1),(222,"20.02.01","19.05.31",32,5),(223,"20.04.20","19.02.15",67,7),(224,"20.08.08","19.08.22",61,1),(225,"19.09.27","20.08.09",54,6),(226,"20.06.04","20.01.05",34,7),(227,"19.04.15","21.01.11",49,1),(228,"19.03.13","19.05.10",32,2),(229,"19.09.12","20.06.29",48,7),(230,"20.01.30","19.08.04",50,5);
INSERT INTO `commandes` (`id`,`date_prise`,`date_livre`,`id_client`,`id_salle`) VALUES (231,"19.12.20","20.02.03",61,3),(232,"21.01.03","19.12.03",50,6),(233,"20.01.30","20.04.12",49,5),(234,"20.08.27","19.08.13",43,4),(235,"19.10.07","19.08.26",48,6),(236,"20.09.14","19.10.31",41,1),(237,"19.08.31","19.04.07",67,4),(238,"19.10.21","20.06.01",63,4),(239,"20.03.31","19.04.02",54,4),(240,"20.07.14","20.11.25",50,7);
INSERT INTO `commandes` (`id`,`date_prise`,`date_livre`,`id_client`,`id_salle`) VALUES (241,"20.05.06","19.09.08",46,7),(242,"19.12.01","19.02.12",33,1),(243,"19.09.01","20.05.27",35,3),(244,"20.10.09","20.06.19",34,3),(245,"19.05.26","19.01.28",60,5),(246,"20.09.01","20.07.04",52,3),(247,"20.06.10","20.03.09",65,1),(248,"19.07.09","19.09.19",38,4),(249,"19.11.14","20.11.24",53,5),(250,"20.11.01","20.10.23",43,3);
INSERT INTO `commandes` (`id`,`date_prise`,`date_livre`,`id_client`,`id_salle`) VALUES (251,"19.07.02","19.08.03",56,6),(252,"20.07.04","20.09.06",48,4),(253,"20.07.14","19.03.03",68,1),(254,"19.12.19","21.01.03",42,4),(255,"20.12.14","21.01.25",46,5),(256,"19.08.24","20.08.28",45,3),(257,"20.06.26","20.02.10",54,4),(258,"20.09.01","19.11.19",47,2),(259,"20.01.20","19.07.08",51,4),(260,"20.12.29","20.08.04",32,1);
INSERT INTO `commandes` (`id`,`date_prise`,`date_livre`,`id_client`,`id_salle`) VALUES (261,"20.08.08","20.06.01",42,5),(262,"19.08.27","20.01.30",65,6),(263,"20.11.23","19.08.27",46,5),(264,"19.02.08","20.08.17",67,6),(265,"19.05.13","20.10.29",53,4),(266,"20.01.13","19.05.06",46,3),(267,"20.11.13","20.07.15",57,5),(268,"20.05.05","20.11.14",56,3),(269,"20.10.28","20.01.11",53,1),(270,"19.06.26","19.07.03",51,7);
INSERT INTO `commandes` (`id`,`date_prise`,`date_livre`,`id_client`,`id_salle`) VALUES (271,"21.01.06","19.03.18",50,2),(272,"20.07.11","19.03.27",52,4),(273,"20.06.28","19.05.21",70,5),(274,"19.08.11","20.07.26",47,7),(275,"20.03.15","20.07.14",66,2),(276,"19.07.31","20.08.21",51,6),(277,"20.09.23","20.07.21",56,7),(278,"21.01.16","20.06.17",60,4),(279,"21.01.01","20.02.02",31,3),(280,"20.11.15","19.12.22",69,2);
INSERT INTO `commandes` (`id`,`date_prise`,`date_livre`,`id_client`,`id_salle`) VALUES (281,"19.07.13","20.10.25",35,6),(282,"19.08.23","20.08.15",61,4),(283,"19.06.03","19.11.18",64,2),(284,"19.12.21","19.10.25",47,5),(285,"20.09.05","19.02.22",70,6),(286,"20.04.09","20.05.30",61,5),(287,"19.10.19","21.01.16",53,2),(288,"20.04.29","20.08.23",46,1),(289,"20.08.06","19.06.23",59,6),(290,"20.05.11","21.01.12",49,3);
INSERT INTO `commandes` (`id`,`date_prise`,`date_livre`,`id_client`,`id_salle`) VALUES (291,"20.05.17","20.12.15",55,4),(292,"19.12.07","19.02.17",44,1),(293,"19.07.27","20.05.17",70,1),(294,"19.11.28","19.06.06",42,5),(295,"19.05.22","19.03.22",46,3),(296,"20.12.31","20.03.07",54,2),(297,"19.09.26","19.11.11",60,1),(298,"19.07.29","20.10.03",49,4),(299,"20.01.16","19.03.05",61,3),(300,"19.12.23","20.05.22",36,4);
INSERT INTO `commandes` (`id`,`date_prise`,`date_livre`,`id_client`,`id_salle`) VALUES (301,"19.10.25","20.08.09",69,3),(302,"19.07.13","19.09.17",60,2),(303,"20.07.23","19.09.14",43,2),(304,"20.06.28","19.03.27",61,4),(305,"20.08.03","20.12.25",55,5),(306,"19.03.29","20.05.12",34,2),(307,"19.09.24","20.11.08",52,1),(308,"20.08.05","20.03.29",65,5),(309,"19.12.31","19.11.20",64,1),(310,"19.11.05","19.06.02",58,2);
INSERT INTO `commandes` (`id`,`date_prise`,`date_livre`,`id_client`,`id_salle`) VALUES (311,"19.04.01","20.05.14",33,7),(312,"19.03.23","19.04.14",64,2),(313,"19.10.06","20.09.25",43,1),(314,"20.07.28","19.04.15",31,5),(315,"19.01.27","20.10.13",59,2),(316,"19.01.31","20.08.06",48,6),(317,"20.10.22","20.01.28",57,7),(318,"20.10.26","20.01.11",51,1),(319,"20.06.04","20.05.22",45,2),(320,"20.03.04","19.06.02",42,2);
INSERT INTO `commandes` (`id`,`date_prise`,`date_livre`,`id_client`,`id_salle`) VALUES (321,"19.03.13","20.10.25",42,6),(322,"19.12.07","19.12.30",41,4),(323,"21.01.08","20.11.05",44,2),(324,"20.07.01","20.04.10",66,4),(325,"20.08.14","20.12.16",65,1),(326,"21.01.15","19.02.01",62,3),(327,"20.08.18","19.08.19",56,4),(328,"20.03.05","20.08.09",68,2),(329,"19.02.11","20.03.02",34,2),(330,"20.01.22","19.10.03",44,1);
INSERT INTO `commandes` (`id`,`date_prise`,`date_livre`,`id_client`,`id_salle`) VALUES (331,"20.01.08","19.07.12",30,2),(332,"20.02.25","20.11.04",50,5),(333,"20.07.04","19.08.21",44,6),(334,"20.03.06","20.06.24",55,1),(335,"19.06.21","20.10.06",56,5),(336,"19.03.09","20.05.31",39,3),(337,"20.12.15","19.10.21",40,2),(338,"21.01.10","19.03.08",65,4),(339,"20.05.19","19.09.12",59,5),(340,"20.08.30","19.09.13",45,5);
INSERT INTO `commandes` (`id`,`date_prise`,`date_livre`,`id_client`,`id_salle`) VALUES (341,"19.06.15","19.12.26",61,4),(342,"19.07.11","20.05.26",54,4),(343,"20.09.13","20.02.14",64,5),(344,"20.05.16","20.12.03",32,2),(345,"20.06.21","19.05.04",59,5),(346,"20.09.30","19.02.25",58,2),(347,"20.03.16","19.04.01",64,5),(348,"19.11.07","19.11.25",35,6),(349,"20.03.23","20.08.02",48,6),(350,"21.01.22","19.03.08",37,3);
INSERT INTO `commandes` (`id`,`date_prise`,`date_livre`,`id_client`,`id_salle`) VALUES (351,"20.05.09","19.02.04",63,5),(352,"19.07.01","19.05.08",47,6),(353,"19.05.05","19.07.17",59,4),(354,"20.07.10","19.08.08",67,4),(355,"20.07.14","19.12.07",54,3),(356,"20.09.05","20.05.01",40,5),(357,"20.04.16","20.09.05",43,2),(358,"20.01.16","20.05.20",55,7),(359,"19.12.17","21.01.19",42,7),(360,"20.08.10","19.10.30",70,3);
INSERT INTO `commandes` (`id`,`date_prise`,`date_livre`,`id_client`,`id_salle`) VALUES (361,"19.11.15","19.06.14",40,1),(362,"19.11.04","20.12.19",51,1),(363,"19.07.24","19.08.01",36,6),(364,"20.01.16","19.11.11",41,6),(365,"19.04.01","19.08.10",61,1),(366,"19.05.01","20.04.23",57,2),(367,"19.08.21","19.05.18",35,3),(368,"20.11.19","19.05.31",70,1),(369,"19.12.28","20.04.22",37,6),(370,"20.07.06","20.01.10",57,5);
INSERT INTO `commandes` (`id`,`date_prise`,`date_livre`,`id_client`,`id_salle`) VALUES (371,"19.08.04","20.03.10",53,6),(372,"19.08.13","19.11.13",66,4),(373,"19.07.30","19.11.19",53,3),(374,"19.10.29","20.04.09",61,4),(375,"19.07.01","20.05.12",57,2),(376,"19.02.10","20.06.01",36,2),(377,"20.04.21","20.08.20",50,2),(378,"19.11.03","20.08.26",55,6),(379,"20.01.21","20.12.01",48,6),(380,"20.03.12","20.03.13",34,1);
INSERT INTO `commandes` (`id`,`date_prise`,`date_livre`,`id_client`,`id_salle`) VALUES (381,"20.09.28","20.11.29",54,2),(382,"19.09.21","19.02.23",55,2),(383,"20.10.06","20.12.23",30,2),(384,"20.07.04","19.11.23",66,3),(385,"19.11.22","20.09.11",44,5),(386,"19.03.28","19.10.01",53,1),(387,"20.02.07","19.01.29",52,4),(388,"20.06.17","19.06.08",43,2),(389,"20.09.15","20.07.28",52,2),(390,"19.11.01","20.02.17",38,4);
INSERT INTO `commandes` (`id`,`date_prise`,`date_livre`,`id_client`,`id_salle`) VALUES (391,"19.12.16","20.12.25",41,2),(392,"20.11.24","19.04.17",55,3),(393,"19.12.11","20.08.12",46,3),(394,"20.09.24","19.02.18",39,3),(395,"19.02.26","19.11.06",39,3),(396,"19.04.02","20.10.04",58,3),(397,"20.10.24","20.10.29",58,3),(398,"20.11.29","20.08.12",51,3),(399,"20.09.04","19.11.25",43,3),(400,"19.07.24","20.02.20",58,2);
INSERT INTO `commandes` (`id`,`date_prise`,`date_livre`,`id_client`,`id_salle`) VALUES (401,"19.07.02","19.06.21",50,4),(402,"20.01.26","20.06.04",44,1),(403,"19.11.21","20.03.11",59,7),(404,"20.05.02","19.03.04",34,4),(405,"20.05.17","20.02.01",51,6),(406,"20.10.28","19.11.23",68,4),(407,"19.02.12","21.01.04",60,7),(408,"19.02.21","19.06.24",55,1),(409,"20.06.03","20.01.03",35,5),(410,"19.10.18","19.11.22",38,2);
INSERT INTO `commandes` (`id`,`date_prise`,`date_livre`,`id_client`,`id_salle`) VALUES (411,"19.11.06","19.11.30",49,5),(412,"19.12.13","19.06.27",44,2),(413,"20.01.08","19.04.22",68,3),(414,"20.09.27","20.11.02",65,4),(415,"20.07.02","19.05.03",64,2),(416,"19.10.13","20.06.14",60,4),(417,"20.10.23","19.11.13",43,3),(418,"19.05.24","20.01.04",45,1),(419,"20.10.13","19.03.20",53,3),(420,"19.08.18","21.01.18",65,1);
INSERT INTO `commandes` (`id`,`date_prise`,`date_livre`,`id_client`,`id_salle`) VALUES (421,"20.07.14","20.12.16",38,4),(422,"20.03.01","19.10.21",44,2),(423,"19.11.10","19.05.29",48,2),(424,"19.05.04","20.03.26",37,4),(425,"20.07.06","19.10.18",39,2),(426,"19.11.10","19.02.05",57,7),(427,"20.02.25","21.01.08",41,3),(428,"19.12.21","19.10.12",43,3),(429,"20.05.31","20.10.06",47,1),(430,"20.01.16","20.11.28",62,5);
INSERT INTO `commandes` (`id`,`date_prise`,`date_livre`,`id_client`,`id_salle`) VALUES (431,"20.07.25","20.03.15",34,5),(432,"20.05.14","20.04.05",41,2),(433,"19.05.24","19.03.22",37,3),(434,"20.04.06","20.03.31",51,1),(435,"19.08.26","19.07.16",33,3),(436,"19.11.25","20.05.26",63,5),(437,"19.09.05","19.09.23",40,5),(438,"19.04.17","20.11.06",50,4),(439,"20.02.01","19.03.24",62,2),(440,"20.06.18","20.01.21",57,6);
INSERT INTO `commandes` (`id`,`date_prise`,`date_livre`,`id_client`,`id_salle`) VALUES (441,"20.02.18","19.12.24",36,7),(442,"20.05.18","19.02.18",56,3),(443,"20.02.24","19.06.15",53,6),(444,"19.12.07","19.11.18",58,3),(445,"19.08.29","20.07.13",45,7),(446,"20.08.13","20.03.17",32,3),(447,"20.05.06","20.08.03",57,5),(448,"19.06.15","19.07.13",31,4),(449,"19.08.22","20.10.11",30,2),(450,"19.06.29","19.08.03",59,5);
INSERT INTO `commandes` (`id`,`date_prise`,`date_livre`,`id_client`,`id_salle`) VALUES (451,"19.07.29","19.11.02",31,5),(452,"20.10.18","20.05.04",58,5),(453,"19.11.24","19.04.06",35,7),(454,"20.04.26","19.08.28",30,5),(455,"20.05.05","19.09.15",67,4),(456,"19.10.27","19.03.09",52,4),(457,"19.09.28","20.02.15",32,7),(458,"19.09.07","19.12.21",47,7),(459,"19.05.07","19.11.21",55,3),(460,"20.11.23","20.10.04",46,7);
INSERT INTO `commandes` (`id`,`date_prise`,`date_livre`,`id_client`,`id_salle`) VALUES (461,"20.06.20","20.11.13",51,6),(462,"20.07.22","19.02.16",39,7),(463,"20.05.06","20.07.01",46,3),(464,"19.09.09","19.11.06",65,6),(465,"20.10.01","19.01.28",41,6),(466,"20.03.01","20.04.02",30,6),(467,"20.09.06","19.06.01",54,5),(468,"19.11.24","20.03.26",57,1),(469,"19.02.11","20.10.11",36,4),(470,"20.08.02","19.11.11",38,6);
INSERT INTO `commandes` (`id`,`date_prise`,`date_livre`,`id_client`,`id_salle`) VALUES (471,"21.01.05","19.08.30",43,1),(472,"19.04.16","20.08.31",36,1),(473,"19.02.16","20.01.17",54,4),(474,"19.08.23","20.05.24",67,4),(475,"19.08.02","20.11.17",32,7),(476,"19.02.22","19.12.27",35,3),(477,"20.11.06","20.07.15",50,5),(478,"20.08.31","19.07.02",32,1),(479,"20.01.30","19.10.22",53,4),(480,"20.10.17","20.05.08",61,2);
INSERT INTO `commandes` (`id`,`date_prise`,`date_livre`,`id_client`,`id_salle`) VALUES (481,"20.08.22","20.12.04",48,3),(482,"19.06.07","19.04.09",46,4),(483,"19.03.13","20.12.12",58,3),(484,"20.06.20","20.07.07",39,4),(485,"19.10.12","19.12.26",46,7),(486,"20.10.06","20.06.12",41,7),(487,"20.01.26","20.07.02",57,2),(488,"19.12.31","20.04.14",31,6),(489,"19.06.18","20.02.25",37,1),(490,"20.05.27","20.04.03",64,6);
INSERT INTO `commandes` (`id`,`date_prise`,`date_livre`,`id_client`,`id_salle`) VALUES (491,"19.04.03","19.07.18",58,6),(492,"19.03.26","21.01.02",44,7),(493,"19.10.25","19.12.22",47,1),(494,"20.12.24","19.04.02",38,4),(495,"20.12.31","20.12.18",32,1),(496,"19.10.15","19.06.24",61,4),(497,"19.10.14","20.11.29",56,3),(498,"20.09.11","20.09.22",32,6),(499,"20.11.19","20.02.04",41,4),(500,"20.09.14","19.12.01",35,6);
INSERT INTO `commandes` (`id`,`date_prise`,`date_livre`,`id_client`,`id_salle`) VALUES (501,"19.09.16","19.03.03",39,4),(502,"19.10.01","19.07.20",56,4),(503,"19.10.07","21.01.23",44,4),(504,"20.06.05","20.08.03",54,4),(505,"19.02.16","19.01.27",36,4),(506,"20.06.29","19.05.16",52,3),(507,"20.01.12","20.01.11",61,6),(508,"19.08.12","19.08.18",53,5),(509,"20.05.31","20.08.02",48,2),(510,"20.08.28","19.05.17",45,5);
INSERT INTO `commandes` (`id`,`date_prise`,`date_livre`,`id_client`,`id_salle`) VALUES (511,"20.05.24","20.02.18",39,6),(512,"20.07.09","20.06.04",39,4),(513,"20.12.24","19.04.21",68,2),(514,"20.08.07","19.04.04",52,7),(515,"20.10.22","20.08.17",46,1),(516,"20.12.05","19.05.13",70,5),(517,"19.08.28","20.10.03",43,1),(518,"20.12.13","20.12.01",52,6),(519,"20.01.22","20.01.27",47,3),(520,"19.06.11","19.06.08",39,6);
INSERT INTO `commandes` (`id`,`date_prise`,`date_livre`,`id_client`,`id_salle`) VALUES (521,"20.12.30","20.05.03",54,2),(522,"19.04.04","20.08.02",64,1),(523,"20.07.17","20.11.20",62,3),(524,"20.03.01","20.12.22",65,6),(525,"19.03.13","21.01.20",49,3),(526,"19.04.05","20.04.27",38,4),(527,"19.12.31","20.10.01",34,7),(528,"20.12.31","20.02.01",62,7),(529,"20.03.23","19.02.04",56,3),(530,"19.11.02","19.03.17",40,4);
INSERT INTO `commandes` (`id`,`date_prise`,`date_livre`,`id_client`,`id_salle`) VALUES (531,"19.04.24","20.04.10",44,4),(532,"19.07.03","19.07.12",41,7),(533,"19.06.24","20.07.12",37,2),(534,"20.10.18","20.05.11",36,6),(535,"20.11.14","19.04.14",34,6),(536,"20.11.25","19.03.02",54,1),(537,"21.01.17","20.04.02",68,7),(538,"19.10.01","20.02.01",69,7),(539,"20.10.09","20.01.09",61,6),(540,"19.02.27","20.04.23",33,4);
INSERT INTO `commandes` (`id`,`date_prise`,`date_livre`,`id_client`,`id_salle`) VALUES (541,"19.07.30","19.02.11",44,6),(542,"19.03.15","19.02.17",37,6),(543,"20.07.13","20.12.24",46,4),(544,"19.05.12","20.09.07",35,1),(545,"20.02.01","20.05.14",42,4),(546,"19.03.21","19.04.23",63,4),(547,"19.01.28","19.05.19",46,4),(548,"20.10.27","19.08.11",44,3),(549,"20.05.05","19.10.26",63,3),(550,"19.04.06","19.03.02",45,5);
INSERT INTO `commandes` (`id`,`date_prise`,`date_livre`,`id_client`,`id_salle`) VALUES (551,"20.07.15","19.12.26",70,4),(552,"19.07.10","20.03.09",45,4),(553,"19.08.26","19.04.14",57,3),(554,"19.07.24","19.09.25",45,4),(555,"19.04.23","19.11.19",48,6),(556,"20.07.13","20.12.26",33,3),(557,"19.05.26","19.08.06",68,2),(558,"20.02.11","19.04.29",67,6),(559,"19.08.09","19.09.10",45,2),(560,"20.12.11","19.07.31",56,4);
INSERT INTO `commandes` (`id`,`date_prise`,`date_livre`,`id_client`,`id_salle`) VALUES (561,"19.09.10","21.01.13",69,5),(562,"19.07.31","20.05.22",34,3),(563,"20.08.20","20.10.15",32,4),(564,"20.04.25","20.10.14",45,5),(565,"20.12.14","20.02.08",33,2),(566,"19.05.17","19.03.17",41,6),(567,"19.07.24","20.02.26",58,3),(568,"19.06.10","20.01.15",40,7),(569,"20.08.17","19.10.20",36,6),(570,"19.04.16","20.12.08",49,5);
INSERT INTO `commandes` (`id`,`date_prise`,`date_livre`,`id_client`,`id_salle`) VALUES (571,"20.03.30","20.05.23",60,5),(572,"19.05.22","20.07.09",46,1),(573,"20.05.27","19.09.29",51,2),(574,"20.03.09","20.11.18",48,3),(575,"19.07.12","20.07.28",56,3),(576,"20.07.15","19.03.14",31,1),(577,"20.09.21","19.01.31",33,7),(578,"20.03.11","20.05.12",49,1),(579,"20.05.09","20.07.16",67,2),(580,"19.09.12","20.09.11",48,1);
INSERT INTO `commandes` (`id`,`date_prise`,`date_livre`,`id_client`,`id_salle`) VALUES (581,"19.08.02","19.08.28",39,5),(582,"20.12.20","19.07.09",45,1),(583,"19.11.25","21.01.23",50,6),(584,"19.11.17","19.08.03",38,7),(585,"20.09.14","20.04.26",56,3),(586,"20.08.01","20.04.10",51,1),(587,"20.06.20","20.10.14",49,1),(588,"20.12.19","20.01.10",40,2),(589,"19.04.01","19.10.14",63,1),(590,"19.05.27","20.05.27",36,3);
INSERT INTO `commandes` (`id`,`date_prise`,`date_livre`,`id_client`,`id_salle`) VALUES (591,"19.12.09","19.03.14",50,4),(592,"20.01.29","19.12.01",66,6),(593,"19.05.06","20.06.02",31,2),(594,"19.12.08","19.03.14",41,6),(595,"20.02.06","20.11.24",32,7),(596,"20.09.21","19.07.24",56,2),(597,"19.10.16","19.03.11",56,7),(598,"20.05.06","19.02.05",31,1),(599,"20.08.17","19.12.16",59,1),(600,"20.06.08","19.07.19",46,3);
INSERT INTO `commandes` (`id`,`date_prise`,`date_livre`,`id_client`,`id_salle`) VALUES (601,"20.12.31","19.07.31",66,4),(602,"21.01.07","19.06.25",62,7),(603,"19.03.07","20.04.08",37,2),(604,"19.07.01","19.11.16",70,4),(605,"20.03.15","20.08.06",49,2),(606,"19.11.12","19.10.31",51,5),(607,"19.10.18","19.03.25",51,1),(608,"19.08.19","19.11.17",51,4),(609,"19.08.08","20.04.12",34,1),(610,"20.09.29","19.04.29",49,7);
INSERT INTO `commandes` (`id`,`date_prise`,`date_livre`,`id_client`,`id_salle`) VALUES (611,"20.12.12","19.05.18",63,5),(612,"20.12.27","19.08.05",57,6),(613,"19.05.15","20.02.26",46,1),(614,"19.06.04","19.12.11",30,4),(615,"20.10.31","20.02.15",54,6),(616,"20.01.02","19.11.17",33,5),(617,"19.08.18","19.03.31",52,3),(618,"20.10.07","20.02.12",30,2),(619,"20.11.13","19.06.20",40,3),(620,"20.12.29","19.05.12",48,2);
INSERT INTO `commandes` (`id`,`date_prise`,`date_livre`,`id_client`,`id_salle`) VALUES (621,"19.12.01","19.10.22",40,5),(622,"20.08.18","20.05.09",62,3),(623,"19.03.31","19.12.03",66,6),(624,"19.08.07","20.01.22",57,4),(625,"19.07.20","20.12.03",59,7),(626,"19.09.11","19.07.15",51,4),(627,"19.06.15","20.03.17",44,3),(628,"19.09.04","21.01.12",64,4),(629,"19.04.01","20.07.12",49,4),(630,"19.08.18","19.04.05",61,2);
INSERT INTO `commandes` (`id`,`date_prise`,`date_livre`,`id_client`,`id_salle`) VALUES (631,"20.04.11","19.07.22",61,2),(632,"20.11.19","19.11.29",69,1),(633,"20.06.01","21.01.22",38,3),(634,"20.09.03","20.04.13",50,5),(635,"20.07.03","19.12.10",34,1),(636,"21.01.18","20.02.02",31,5),(637,"20.06.29","20.12.25",49,5),(638,"20.01.08","20.09.11",63,1),(639,"19.12.11","19.07.13",65,2),(640,"20.02.20","19.08.06",67,7);
INSERT INTO `commandes` (`id`,`date_prise`,`date_livre`,`id_client`,`id_salle`) VALUES (641,"20.01.17","20.05.11",62,3),(642,"20.05.16","21.01.06",42,7),(643,"19.03.31","20.01.31",70,5),(644,"19.04.13","20.07.13",68,1),(645,"20.04.18","21.01.04",44,4),(646,"19.12.07","20.06.18",46,4),(647,"20.05.28","19.04.06",62,1),(648,"20.05.24","19.10.22",50,7),(649,"19.04.20","20.07.21",61,5),(650,"19.05.04","20.05.14",57,7);
INSERT INTO `commandes` (`id`,`date_prise`,`date_livre`,`id_client`,`id_salle`) VALUES (651,"19.09.30","20.04.28",55,7),(652,"20.09.11","19.03.25",69,5),(653,"19.12.01","19.08.11",57,4),(654,"19.08.05","20.08.28",69,7),(655,"20.10.30","19.08.30",40,6),(656,"19.12.25","20.12.31",64,3),(657,"20.10.11","19.07.24",50,3),(658,"20.03.20","19.11.08",54,2),(659,"20.01.27","20.11.02",56,2),(660,"19.02.05","20.05.03",70,3);
INSERT INTO `commandes` (`id`,`date_prise`,`date_livre`,`id_client`,`id_salle`) VALUES (661,"20.04.19","20.02.11",43,1),(662,"19.06.28","19.02.23",59,4),(663,"19.06.20","21.01.01",55,6),(664,"20.10.08","20.06.20",47,6),(665,"19.11.02","19.11.09",40,2),(666,"19.10.15","19.07.04",70,1),(667,"21.01.20","20.01.17",68,7),(668,"19.11.15","19.05.15",31,1),(669,"20.11.27","19.08.18",50,6),(670,"20.09.23","19.09.10",64,5);
INSERT INTO `commandes` (`id`,`date_prise`,`date_livre`,`id_client`,`id_salle`) VALUES (671,"20.02.28","20.05.10",62,6),(672,"19.03.22","20.01.25",41,2),(673,"19.03.17","20.04.30",61,6),(674,"20.01.12","20.02.20",64,6),(675,"19.04.13","20.06.24",53,4),(676,"20.09.03","20.11.05",68,3),(677,"19.08.05","19.10.27",62,6),(678,"19.11.15","20.02.08",66,3),(679,"20.01.20","19.02.25",70,4),(680,"20.11.15","20.07.18",51,5);
INSERT INTO `commandes` (`id`,`date_prise`,`date_livre`,`id_client`,`id_salle`) VALUES (681,"19.12.04","19.02.17",67,2),(682,"19.04.28","20.06.07",36,3),(683,"19.07.17","20.10.21",37,5),(684,"20.11.02","20.06.24",48,1),(685,"19.09.23","19.04.21",53,7),(686,"21.01.24","19.03.27",35,3),(687,"20.11.17","20.05.05",56,3),(688,"20.04.06","19.11.29",51,3),(689,"19.04.20","20.05.28",36,4),(690,"20.11.01","19.04.24",69,5);
INSERT INTO `commandes` (`id`,`date_prise`,`date_livre`,`id_client`,`id_salle`) VALUES (691,"20.09.25","19.09.26",61,2),(692,"19.08.30","20.01.30",42,2),(693,"19.09.17","20.12.18",60,2),(694,"19.06.14","20.04.28",43,3),(695,"19.08.24","19.11.17",55,5),(696,"19.04.16","19.06.30",55,4),(697,"20.11.28","19.10.19",40,7),(698,"19.07.09","20.10.30",36,2),(699,"20.04.10","21.01.25",33,2),(700,"19.03.25","20.03.25",56,5);
INSERT INTO `commandes` (`id`,`date_prise`,`date_livre`,`id_client`,`id_salle`) VALUES (701,"20.01.10","19.04.05",70,6),(702,"20.04.13","19.05.16",53,6),(703,"20.04.13","19.09.23",50,7),(704,"20.01.09","21.01.27",56,6),(705,"19.07.24","20.08.01",44,2),(706,"19.09.20","19.05.02",68,4),(707,"19.10.19","19.04.20",37,1),(708,"19.09.30","19.06.13",32,1),(709,"19.12.27","19.03.02",44,1),(710,"19.08.15","19.04.16",63,6);
INSERT INTO `commandes` (`id`,`date_prise`,`date_livre`,`id_client`,`id_salle`) VALUES (711,"19.03.01","20.02.28",54,1),(712,"19.05.04","20.08.21",57,6),(713,"20.03.12","19.12.07",59,4),(714,"19.08.12","19.09.15",46,7),(715,"19.09.05","20.04.06",66,3),(716,"20.05.27","20.06.13",55,5),(717,"19.05.04","19.08.27",47,4),(718,"20.04.03","19.04.04",69,6),(719,"20.09.02","20.01.08",33,4),(720,"19.08.17","19.09.09",35,7);
INSERT INTO `commandes` (`id`,`date_prise`,`date_livre`,`id_client`,`id_salle`) VALUES (721,"19.07.21","19.10.09",41,7),(722,"20.11.28","19.10.01",44,3),(723,"20.05.01","20.07.08",34,4),(724,"20.03.09","19.08.28",58,1),(725,"20.10.12","19.02.02",48,4),(726,"20.01.03","20.07.04",63,7),(727,"19.07.31","21.01.18",63,1),(728,"19.05.17","20.12.15",64,1),(729,"21.01.13","19.05.24",60,6),(730,"19.09.17","20.10.20",36,6);
INSERT INTO `commandes` (`id`,`date_prise`,`date_livre`,`id_client`,`id_salle`) VALUES (731,"20.08.13","20.08.22",31,7),(732,"21.01.25","20.11.14",59,4),(733,"19.12.10","19.02.02",64,7),(734,"19.04.18","21.01.26",41,2),(735,"20.10.22","19.08.17",49,2),(736,"19.03.18","19.12.08",70,5),(737,"20.08.19","20.02.09",68,6),(738,"19.04.23","20.06.14",32,3),(739,"20.05.30","19.03.14",30,4),(740,"19.02.11","19.12.23",44,6);
INSERT INTO `commandes` (`id`,`date_prise`,`date_livre`,`id_client`,`id_salle`) VALUES (741,"20.03.17","20.09.04",42,7),(742,"20.03.28","20.12.03",57,5),(743,"20.10.03","19.09.14",52,4),(744,"20.05.29","20.04.14",34,6),(745,"19.02.06","20.11.21",63,7),(746,"20.12.13","19.05.24",61,3),(747,"19.12.22","19.07.12",38,7),(748,"20.11.20","20.11.14",32,4),(749,"19.12.12","20.08.03",38,5),(750,"20.11.10","20.11.02",51,1);
INSERT INTO `commandes` (`id`,`date_prise`,`date_livre`,`id_client`,`id_salle`) VALUES (751,"20.09.30","19.05.30",46,4),(752,"20.12.16","20.09.17",56,2),(753,"20.09.14","19.08.09",30,6),(754,"19.09.03","19.09.02",49,4),(755,"20.08.13","19.08.30",47,1),(756,"19.03.29","20.09.06",62,2),(757,"20.01.03","19.04.24",44,6),(758,"20.08.29","19.08.14",39,7),(759,"19.09.03","19.11.16",42,3),(760,"20.01.10","20.01.02",33,3);
INSERT INTO `commandes` (`id`,`date_prise`,`date_livre`,`id_client`,`id_salle`) VALUES (761,"19.11.09","19.10.30",46,2),(762,"19.05.05","19.10.23",38,1),(763,"20.09.19","20.04.16",41,6),(764,"20.02.08","19.11.28",65,6),(765,"19.09.03","20.04.20",55,1),(766,"19.05.13","20.04.22",30,1),(767,"19.12.09","20.01.20",60,3),(768,"20.01.03","20.08.10",47,5),(769,"20.11.13","19.11.09",52,1),(770,"19.06.13","20.06.24",37,6);
INSERT INTO `commandes` (`id`,`date_prise`,`date_livre`,`id_client`,`id_salle`) VALUES (771,"20.02.09","20.12.30",56,3),(772,"19.06.13","19.09.28",35,3),(773,"20.07.27","19.02.22",69,5),(774,"19.06.06","19.07.18",32,1),(775,"19.09.17","21.01.01",65,7),(776,"19.09.13","19.02.11",61,2),(777,"19.05.19","19.07.24",54,3),(778,"21.01.27","20.07.14",56,3),(779,"20.08.26","19.12.30",51,3),(780,"19.02.02","20.05.01",36,6);
INSERT INTO `commandes` (`id`,`date_prise`,`date_livre`,`id_client`,`id_salle`) VALUES (781,"20.05.08","20.04.02",40,3),(782,"20.08.04","20.01.15",53,7),(783,"19.01.31","20.02.24",64,4),(784,"20.09.26","19.05.22",54,3),(785,"20.07.17","19.02.04",31,3),(786,"19.01.28","20.05.15",59,2),(787,"19.01.28","19.11.28",42,4),(788,"19.09.09","20.06.12",68,6),(789,"20.11.03","19.11.16",36,1),(790,"20.04.06","20.08.07",60,2);
INSERT INTO `commandes` (`id`,`date_prise`,`date_livre`,`id_client`,`id_salle`) VALUES (791,"20.06.01","20.10.10",43,4),(792,"19.08.30","19.09.17",30,3),(793,"19.07.28","21.01.15",44,3),(794,"20.08.09","19.03.29",63,6),(795,"20.02.12","19.06.19",56,1),(796,"19.06.30","20.11.15",54,7),(797,"19.08.21","19.12.17",42,4),(798,"20.11.02","20.09.06",41,2),(799,"20.01.25","20.03.07",70,6),(800,"20.05.23","20.04.12",58,6);
INSERT INTO `commandes` (`id`,`date_prise`,`date_livre`,`id_client`,`id_salle`) VALUES (801,"19.03.21","19.08.31",52,2),(802,"19.03.15","19.06.30",56,5),(803,"20.12.25","19.04.06",66,4),(804,"20.02.27","19.07.05",40,5),(805,"19.10.17","20.08.10",54,4),(806,"19.09.12","19.09.25",48,5),(807,"19.09.04","20.11.02",59,7),(808,"20.08.25","20.01.24",34,4),(809,"20.07.25","21.01.26",32,3),(810,"19.11.04","19.08.12",40,5);
INSERT INTO `commandes` (`id`,`date_prise`,`date_livre`,`id_client`,`id_salle`) VALUES (811,"19.03.24","21.01.15",52,7),(812,"20.07.27","19.06.28",46,5),(813,"19.08.27","19.12.18",30,5),(814,"19.09.08","20.01.19",62,5),(815,"19.05.06","19.03.17",44,3),(816,"19.07.08","20.12.16",66,2),(817,"20.06.22","20.10.06",38,2),(818,"19.03.14","19.04.26",59,5),(819,"19.12.09","20.06.28",52,2),(820,"20.06.10","20.05.06",58,3);
INSERT INTO `commandes` (`id`,`date_prise`,`date_livre`,`id_client`,`id_salle`) VALUES (821,"20.10.30","19.07.25",32,3),(822,"20.10.17","19.02.10",40,2),(823,"19.08.06","19.12.15",41,3),(824,"20.12.04","19.06.06",33,5),(825,"19.07.21","21.01.20",61,4),(826,"19.12.22","19.02.13",66,2),(827,"19.03.17","21.01.24",45,3),(828,"20.12.25","19.07.05",43,3),(829,"20.05.05","19.10.31",48,4),(830,"19.10.04","19.02.02",68,5);
INSERT INTO `commandes` (`id`,`date_prise`,`date_livre`,`id_client`,`id_salle`) VALUES (831,"20.03.17","19.09.16",37,1),(832,"20.09.01","19.07.19",32,7),(833,"19.06.02","19.07.17",70,6),(834,"19.12.13","20.02.07",34,7),(835,"21.01.26","19.09.14",66,5),(836,"19.04.14","19.05.19",55,6),(837,"20.06.07","19.11.03",41,6),(838,"19.03.17","19.10.05",39,5),(839,"20.02.28","19.05.21",56,4),(840,"20.03.10","19.11.29",39,2);
INSERT INTO `commandes` (`id`,`date_prise`,`date_livre`,`id_client`,`id_salle`) VALUES (841,"20.08.01","19.12.26",64,7),(842,"20.05.16","19.04.20",42,5),(843,"21.01.08","19.08.31",43,3),(844,"20.09.07","20.03.20",51,7),(845,"20.11.17","20.07.23",60,3),(846,"20.08.24","20.08.14",57,7),(847,"19.02.23","19.09.17",51,4),(848,"19.04.30","20.02.17",33,4),(849,"19.04.11","20.07.18",38,3),(850,"19.08.02","20.11.02",55,4);
INSERT INTO `commandes` (`id`,`date_prise`,`date_livre`,`id_client`,`id_salle`) VALUES (851,"19.06.03","20.10.25",31,3),(852,"19.04.08","19.09.27",62,2),(853,"19.10.07","21.01.21",35,6),(854,"20.02.12","20.02.19",58,6),(855,"20.09.20","20.01.11",61,1),(856,"20.12.23","19.09.12",53,6),(857,"19.03.23","20.04.02",33,7),(858,"20.08.09","20.02.01",34,3),(859,"19.09.23","20.04.13",53,5),(860,"20.01.17","20.10.17",36,6);
INSERT INTO `commandes` (`id`,`date_prise`,`date_livre`,`id_client`,`id_salle`) VALUES (861,"20.09.04","19.10.06",47,1),(862,"19.09.01","20.12.15",38,3),(863,"20.09.04","19.07.27",42,1),(864,"20.03.31","20.10.04",46,2),(865,"20.10.14","20.09.13",46,3),(866,"20.02.14","19.12.29",55,4),(867,"20.09.01","20.03.15",53,5),(868,"19.08.04","20.04.23",37,7),(869,"19.10.28","19.04.15",50,5),(870,"20.09.07","19.07.05",63,3);
INSERT INTO `commandes` (`id`,`date_prise`,`date_livre`,`id_client`,`id_salle`) VALUES (871,"20.08.18","19.06.25",48,1),(872,"20.11.08","20.09.06",41,7),(873,"19.08.18","20.04.22",60,7),(874,"19.09.25","19.05.02",35,2),(875,"20.08.16","20.08.04",31,4),(876,"20.01.21","20.03.17",53,7),(877,"21.01.15","20.08.24",67,6),(878,"19.11.10","19.07.13",44,4),(879,"19.08.30","19.10.29",37,3),(880,"20.08.13","20.09.16",48,6);
INSERT INTO `commandes` (`id`,`date_prise`,`date_livre`,`id_client`,`id_salle`) VALUES (881,"19.11.10","19.08.30",46,4),(882,"20.06.25","19.10.25",50,1),(883,"19.09.19","19.04.13",69,6),(884,"19.05.15","19.11.26",63,1),(885,"19.11.09","20.02.05",62,7),(886,"20.07.15","19.12.13",67,5),(887,"20.03.18","20.10.10",39,3),(888,"20.05.30","20.11.04",31,5),(889,"19.09.16","20.08.27",40,4),(890,"20.08.15","19.03.24",52,5);
INSERT INTO `commandes` (`id`,`date_prise`,`date_livre`,`id_client`,`id_salle`) VALUES (891,"20.08.04","20.09.02",64,1),(892,"20.09.22","19.08.06",59,2),(893,"19.12.16","20.07.14",67,5),(894,"20.05.23","19.07.20",51,6),(895,"20.02.07","21.01.05",55,6),(896,"19.03.03","19.09.08",32,5),(897,"19.01.29","21.01.24",47,5),(898,"20.01.18","21.01.25",47,3),(899,"19.04.14","19.06.13",63,4),(900,"21.01.04","19.03.19",35,4);
INSERT INTO `commandes` (`id`,`date_prise`,`date_livre`,`id_client`,`id_salle`) VALUES (901,"20.02.07","19.04.12",51,4),(902,"19.04.16","20.06.09",50,7),(903,"20.10.30","19.03.04",64,3),(904,"20.06.12","20.06.26",45,1),(905,"20.10.25","20.12.18",51,4),(906,"19.04.07","20.05.13",46,3),(907,"20.09.15","19.05.13",65,2),(908,"20.05.26","20.02.27",38,7),(909,"20.06.11","19.03.02",62,4),(910,"20.01.16","20.11.12",47,6);
INSERT INTO `commandes` (`id`,`date_prise`,`date_livre`,`id_client`,`id_salle`) VALUES (911,"19.06.06","19.09.26",50,2),(912,"20.11.03","20.09.23",31,7),(913,"19.11.28","20.06.13",44,4),(914,"19.08.29","20.02.12",69,2),(915,"19.11.26","21.01.05",68,3),(916,"19.08.14","20.06.12",52,1),(917,"20.05.10","20.10.29",68,5),(918,"19.02.08","20.06.12",65,1),(919,"20.04.13","19.06.13",44,5),(920,"19.05.18","20.01.28",58,5);
INSERT INTO `commandes` (`id`,`date_prise`,`date_livre`,`id_client`,`id_salle`) VALUES (921,"19.05.12","20.07.29",56,2),(922,"20.10.02","20.12.23",34,3),(923,"20.10.03","19.09.20",59,7),(924,"20.01.10","19.08.20",68,6),(925,"20.01.13","19.09.14",60,6),(926,"20.04.13","19.07.06",60,7),(927,"20.01.29","20.06.24",52,5),(928,"19.11.23","20.03.04",30,5),(929,"19.11.24","20.01.31",55,6),(930,"20.01.29","20.01.11",61,7);
INSERT INTO `commandes` (`id`,`date_prise`,`date_livre`,`id_client`,`id_salle`) VALUES (931,"19.05.18","20.07.29",49,4),(932,"20.03.28","20.01.24",48,2),(933,"19.12.26","19.06.17",45,1),(934,"19.02.09","19.06.01",60,4),(935,"19.10.01","21.01.22",33,3),(936,"20.08.24","19.02.27",31,4),(937,"19.04.17","19.08.01",34,4),(938,"19.11.18","20.03.11",62,4),(939,"20.03.01","20.01.06",59,5),(940,"19.09.19","20.07.29",58,4);
INSERT INTO `commandes` (`id`,`date_prise`,`date_livre`,`id_client`,`id_salle`) VALUES (941,"20.06.25","19.06.23",31,2),(942,"19.05.16","20.01.27",58,4),(943,"19.09.22","19.03.15",60,2),(944,"20.12.21","19.11.23",47,3),(945,"19.03.11","20.11.13",50,2),(946,"19.12.18","19.04.06",50,1),(947,"19.12.18","20.03.14",32,7),(948,"19.11.03","19.05.04",67,5),(949,"19.07.31","20.09.01",39,2),(950,"20.05.30","20.10.20",66,2);
INSERT INTO `commandes` (`id`,`date_prise`,`date_livre`,`id_client`,`id_salle`) VALUES (951,"20.04.15","19.02.22",60,3),(952,"20.11.13","20.02.19",42,1),(953,"20.12.14","19.04.30",68,6),(954,"20.07.28","19.04.27",51,6),(955,"19.12.14","20.08.03",35,7),(956,"20.12.12","20.07.13",30,7),(957,"20.07.26","20.09.12",70,7),(958,"19.05.18","19.09.03",58,2),(959,"19.09.04","19.06.19",62,1),(960,"20.07.10","20.09.18",34,6);
INSERT INTO `commandes` (`id`,`date_prise`,`date_livre`,`id_client`,`id_salle`) VALUES (961,"20.11.27","19.10.08",56,2),(962,"20.04.15","20.02.19",52,7),(963,"20.04.11","21.01.24",68,1),(964,"20.10.27","19.03.24",70,5),(965,"20.06.03","20.10.16",62,3),(966,"21.01.22","20.10.19",49,3),(967,"19.05.29","19.09.17",64,4),(968,"21.01.06","20.12.19",41,1),(969,"20.09.22","20.04.13",52,5),(970,"21.01.09","19.11.21",50,6);
INSERT INTO `commandes` (`id`,`date_prise`,`date_livre`,`id_client`,`id_salle`) VALUES (971,"20.10.26","20.09.30",49,6),(972,"19.06.27","19.10.26",48,7),(973,"20.11.04","20.03.22",44,3),(974,"20.07.22","19.05.07",48,4),(975,"20.07.13","20.10.10",60,4),(976,"21.01.16","19.04.07",41,6),(977,"19.04.21","19.03.15",52,3),(978,"20.11.23","20.05.28",65,7),(979,"20.01.31","19.03.26",36,4),(980,"20.02.05","20.11.15",42,5);
INSERT INTO `commandes` (`id`,`date_prise`,`date_livre`,`id_client`,`id_salle`) VALUES (981,"20.01.10","19.03.30",33,4),(982,"19.05.11","19.02.01",38,6),(983,"19.03.07","19.12.05",55,4),(984,"19.10.23","19.08.05",32,4),(985,"19.09.20","20.03.05",38,3),(986,"19.04.28","19.03.02",47,3),(987,"20.11.07","20.08.09",35,1),(988,"19.05.11","21.01.13",50,5),(989,"20.05.07","20.12.13",43,6),(990,"20.01.24","20.07.28",39,3);
INSERT INTO `commandes` (`id`,`date_prise`,`date_livre`,`id_client`,`id_salle`) VALUES (991,"20.12.19","19.10.01",49,7),(992,"19.05.28","20.05.26",36,4),(993,"20.07.01","20.10.06",32,5),(994,"19.11.02","20.12.17",64,6),(995,"20.08.12","19.03.30",60,7),(996,"19.07.06","20.04.23",37,5),(997,"19.02.14","20.08.02",65,7),(998,"20.12.20","19.05.03",38,1),(999,"19.11.29","21.01.12",38,4),(1000,"20.04.27","20.06.18",47,7);

INSERT INTO `menus` (`id`,`nom`) VALUES (1,"Terrell"),(2,"Cole"),(3,"Mcclain"),(4,"Beasley"),(5,"Sloan"),(6,"Hooper"),(7,"Anderson"),(8,"Meyers"),(9,"Key"),(10,"Wagner");
INSERT INTO `menus` (`id`,`nom`) VALUES (11,"Bentley"),(12,"Ruiz"),(13,"Woods"),(14,"Orr"),(15,"Blackburn"),(16,"Stephenson"),(17,"Summers"),(18,"Wiley"),(19,"Sweet"),(20,"Malone");

INSERT INTO `nourriture` (`id`,`nom`) VALUES (1,"Morgan"),(2,"Meadows"),(3,"Singleton"),(4,"Carroll"),(5,"Hickman"),(6,"Paul"),(7,"Garza"),(8,"Hammond"),(9,"Myers"),(10,"Stephens");
INSERT INTO `nourriture` (`id`,`nom`) VALUES (11,"Santiago"),(12,"Goodwin"),(13,"Carson"),(14,"Herring"),(15,"Joseph"),(16,"Huffman"),(17,"Sawyer"),(18,"Short"),(19,"Reynolds"),(20,"Delacruz");
INSERT INTO `nourriture` (`id`,`nom`) VALUES (21,"Hoffman"),(22,"Shields"),(23,"Duke"),(24,"Ross"),(25,"Turner"),(26,"Jennings"),(27,"Craft"),(28,"Vance"),(29,"Pierce"),(30,"Watson");
INSERT INTO `nourriture` (`id`,`nom`) VALUES (31,"Cochran"),(32,"Cohen"),(33,"Santiago"),(34,"Reed"),(35,"Burke"),(36,"Bell"),(37,"Boone"),(38,"Mccormick"),(39,"Conrad"),(40,"Pittman");
INSERT INTO `nourriture` (`id`,`nom`) VALUES (41,"Olson"),(42,"Blankenship"),(43,"Stafford"),(44,"Maldonado"),(45,"Pittman"),(46,"Blackwell"),(47,"Wall"),(48,"Walsh"),(49,"Slater"),(50,"Cote");
INSERT INTO `nourriture` (`id`,`nom`) VALUES (51,"Hyde"),(52,"Fisher"),(53,"Downs"),(54,"Barnett"),(55,"Lowery"),(56,"Galloway"),(57,"Dean"),(58,"Cole"),(59,"Moody"),(60,"Floyd");
INSERT INTO `nourriture` (`id`,`nom`) VALUES (61,"Lindsay"),(62,"Giles"),(63,"Castro"),(64,"Compton"),(65,"Hammond"),(66,"Solis"),(67,"Boone"),(68,"Talley"),(69,"Lynn"),(70,"Medina");
INSERT INTO `nourriture` (`id`,`nom`) VALUES (71,"Black"),(72,"Deleon"),(73,"Wheeler"),(74,"Dodson"),(75,"England"),(76,"Hurley"),(77,"Aguirre"),(78,"Jimenez"),(79,"Terry"),(80,"Holt");
INSERT INTO `nourriture` (`id`,`nom`) VALUES (81,"Monroe"),(82,"Lowe"),(83,"Cameron"),(84,"Lyons"),(85,"Dillon"),(86,"Swanson"),(87,"Nichols"),(88,"Kline"),(89,"Myers"),(90,"Jones");
INSERT INTO `nourriture` (`id`,`nom`) VALUES (91,"Maddox"),(92,"Strong"),(93,"Wagner"),(94,"Alvarado"),(95,"Wade"),(96,"Sears"),(97,"Ross"),(98,"Phelps"),(99,"Ashley"),(100,"Prince");

INSERT INTO `pieces` (`id`,`nom`) VALUES (1,"Pruitt"),(2,"Berger"),(3,"Kemp"),(4,"Pierce"),(5,"Kelly"),(6,"Jordan"),(7,"Pruitt"),(8,"Day"),(9,"Ochoa"),(10,"Solomon");

INSERT INTO `salles` (`id`,`place`) VALUES (1,12),(2,8),(3,10),(4,14),(5,12),(6,18),(7,8);

INSERT INTO `cuisines` (`id`,`dernier_audit`) VALUES (1,"20.03.21"),(2,"20.10.13"),(3,"20.07.06");

INSERT INTO `contient` (`id_menu`,`id_nourriture`) VALUES (18,85),(8,14),(16,98),(11,27),(3,71),(12,74),(5,65),(10,93),(12,39),(17,36);
INSERT INTO `contient` (`id_menu`,`id_nourriture`) VALUES (16,90),(5,87),(1,84),(5,26),(1,44),(20,36),(14,32),(20,73),(1,31),(2,99);
INSERT INTO `contient` (`id_menu`,`id_nourriture`) VALUES (19,23),(19,4),(7,66),(13,17),(17,98),(9,14),(14,62),(4,92),(9,87),(18,64);
