#Créer une base de données discothèque
#	Une discothèque possède les choses suivantes :
#		- Un ou plusieur batiment
#		- Des pièces pour le personnel et pour les clients
#		- Des toilettes, des pistes de dance, des enceintes, des bars ...
#		- Des clients
#		- Des employer
#		- Des DJ
#		- Des chansons
#		- Organise des soirée à thèmes
#		- Possède des heures d'ouverture et de fermeture
#		- Vend des places, de l'alcool, ...
#		- Peut louer des pièces, des batiments
#
#	- Le client veut pouvoir réaliser les actions suivantes : 
#               - Voir le salaire de chacun de ses employers ainsi que leur horaire de travail et les tâches qui leur sont affectés
#               - Voir les soirée à thème programmé (lieu, réduction éventuel, nombre de personne prévu)
#               - Voir l'ensemble des équipements des différentes pièces de la discothèque afin de voir les améliorations pouvant y être apporté
#               - Voir le chiffre d'affaire réalisé à une date données
#               - Voir le chiffre d'affaire pour les soirée à thèmes à une date données
#               - Voir le chiffre d'affaire réalisé entre deux dates
#               - Voir le chiffre d'affaire pour les soirée à thèmes entre deux dates
#               - Voir l'état des finances de la discothèque pour une année fiscale (la différence de tout se qu'il y a à payer et les revenu)
#               - Voir la consommation moyenne de l'ensemble des client
#               - Voir la consommation moyenne de l'ensemble des client avec l'entré
#               - Voir la consommation moyenne pour les 20 plus gros client
#               - Voir la consommation moyenne d'un client
#               - Voir le nombre de client régulier
#               - Afficher le nombre de personne étant venu à une soirée en particulier puis le nombre de personne mineur, entre 18-25, entre 26-35, plus vieux que 36 ans
#
#	- Le client demande un jeu de test sur 3 ans 
#		- Il estime qu'il y a plus de 400 clients
#		- Chaque année on réalise 20 soirée à thème ou plus
#		- Une place coûte entre 10 et 40 euros en fonction du jour de la semaine
#		- Une soirée à thème coûte 15 euro pour les clients
#		- Il y a 3 batiment dans la discothèque possédant entre 5 et 10 pièces
#		- Les consommation coûte entre 5 et 1200 euro


#------------------------------------------------------------
#        Script MySQL.
#------------------------------------------------------------


#------------------------------------------------------------
# Table: building
#------------------------------------------------------------

CREATE TABLE building(
        id           int (11) Auto_increment  NOT NULL ,
        name         Varchar (25) NOT NULL ,
        size         Decimal (25,6) NOT NULL ,
        id_schedule  Int ,
        id_nightclub Int ,
        id_address   Int ,
        PRIMARY KEY (id )
)ENGINE=InnoDB;


#------------------------------------------------------------
# Table: base_room
#------------------------------------------------------------

CREATE TABLE base_room(
        id        int (11) Auto_increment  NOT NULL ,
        name      Varchar (25) NOT NULL ,
        PRIMARY KEY (id ) ,
        UNIQUE (name )
)ENGINE=InnoDB;


#------------------------------------------------------------
# Table: allowed_people
#------------------------------------------------------------

CREATE TABLE allowed_people(
        id   int (11) Auto_increment  NOT NULL ,
        name Varchar (25) NOT NULL ,
        PRIMARY KEY (id ) ,
        UNIQUE (name )
)ENGINE=InnoDB;


#------------------------------------------------------------
# Table: gear
#------------------------------------------------------------

CREATE TABLE gear(
        id    int (11) Auto_increment  NOT NULL ,
        name  Varchar (25) NOT NULL ,
        price Decimal (25,2) ,
        PRIMARY KEY (id ) ,
        UNIQUE (name )
)ENGINE=InnoDB;


#------------------------------------------------------------
# Table: state
#------------------------------------------------------------

CREATE TABLE state(
        id   int (11) Auto_increment  NOT NULL ,
        name Varchar (25) NOT NULL ,
        PRIMARY KEY (id ) ,
        UNIQUE (name )
)ENGINE=InnoDB;


#------------------------------------------------------------
# Table: room
#------------------------------------------------------------

CREATE TABLE room(
        id             int (11) Auto_increment  NOT NULL ,
        name           Varchar (25) NOT NULL ,
        entrance_price Decimal (25,2) ,
        nb_people      Int NOT NULL ,
        set_at         Date NOT NULL ,
        id_building    Int ,
        id_base_room   Int ,
        PRIMARY KEY (id )
)ENGINE=InnoDB;


#------------------------------------------------------------
# Table: employee
#------------------------------------------------------------

CREATE TABLE employee(
        id         int (11) Auto_increment  NOT NULL ,
        firstname  Varchar (25) NOT NULL ,
        lastname   Varchar (25) NOT NULL ,
        number     Varchar (8) NOT NULL ,
        start_at   Date NOT NULL ,
        end_at     Date DEFAULT NULL ,
        salary     Int NOT NULL ,
        id_post    Int ,
        id_address Int ,
        PRIMARY KEY (id ) ,
        UNIQUE (number )
)ENGINE=InnoDB;


#------------------------------------------------------------
# Table: schedule
#------------------------------------------------------------

CREATE TABLE schedule(
        id       int (11) Auto_increment  NOT NULL ,
        start_at Time NOT NULL ,
        end_at   Time DEFAULT NULL ,
        PRIMARY KEY (id )
)ENGINE=InnoDB;


#------------------------------------------------------------
# Table: post
#------------------------------------------------------------

CREATE TABLE post(
        id          int (11) Auto_increment  NOT NULL ,
        name        Varchar (25) NOT NULL ,
        base_salary Int NOT NULL ,
        id_schedule Int ,
        PRIMARY KEY (id )
)ENGINE=InnoDB;


#------------------------------------------------------------
# Table: nightclub
#------------------------------------------------------------

CREATE TABLE nightclub(
        id   int (11) Auto_increment  NOT NULL ,
        name Varchar (25) NOT NULL ,
        PRIMARY KEY (id ) ,
        UNIQUE (name )
)ENGINE=InnoDB;


#------------------------------------------------------------
# Table: dj
#------------------------------------------------------------

CREATE TABLE dj(
        id Int NOT NULL ,
        PRIMARY KEY (id )
)ENGINE=InnoDB;


#------------------------------------------------------------
# Table: song
#------------------------------------------------------------

CREATE TABLE song(
        id        int (11) Auto_increment  NOT NULL ,
        name      Varchar (50) NOT NULL ,
        duration  Time NOT NULL ,
        id_author Int ,
        PRIMARY KEY (id )
)ENGINE=InnoDB;


#------------------------------------------------------------
# Table: author
#------------------------------------------------------------

CREATE TABLE author(
        id   int (11) Auto_increment  NOT NULL ,
        name Varchar (40) ,
        PRIMARY KEY (id ) ,
        UNIQUE (name )
)ENGINE=InnoDB;


#------------------------------------------------------------
# Table: song_type
#------------------------------------------------------------

CREATE TABLE song_type(
        id   int (11) Auto_increment  NOT NULL ,
        name Varchar (25) NOT NULL ,
        PRIMARY KEY (id ) ,
        UNIQUE (name )
)ENGINE=InnoDB;


#------------------------------------------------------------
# Table: customer
#------------------------------------------------------------

CREATE TABLE customer(
        id            int (11) Auto_increment  NOT NULL ,
        firstname     Varchar (25) NOT NULL ,
        lastname      Varchar (25) ,
        date_of_birth Date NOT NULL ,
        PRIMARY KEY (id )
)ENGINE=InnoDB;


#------------------------------------------------------------
# Table: address
#------------------------------------------------------------

CREATE TABLE address(
        id          int (11) Auto_increment  NOT NULL ,
        postal_code Varchar (20) NOT NULL ,
        civic_num   Varchar (8) NOT NULL ,
        street_name Varchar (50) NOT NULL ,
        town_name   Varchar (50) NOT NULL ,
        PRIMARY KEY (id )
)ENGINE=InnoDB;


#------------------------------------------------------------
# Table: theme_room
#------------------------------------------------------------

CREATE TABLE theme_room(
        id   int (11) Auto_increment  NOT NULL ,
        name Varchar (25) NOT NULL ,
        PRIMARY KEY (id ) ,
        UNIQUE (name )
)ENGINE=InnoDB;


#------------------------------------------------------------
# Table: base_room_allowed_people
#------------------------------------------------------------

CREATE TABLE base_room_allowed_people(
        id_base_room      Int NOT NULL ,
        id_allowed_people Int NOT NULL ,
        PRIMARY KEY (id_base_room ,id_allowed_people )
)ENGINE=InnoDB;


#------------------------------------------------------------
# Table: room_gear
#------------------------------------------------------------

CREATE TABLE room_gear(
        set_at    Date NOT NULL ,
        remove_at Date ,
        quantity  Int NOT NULL ,
        id_gear   Int NOT NULL ,
        id_room   Int NOT NULL ,
        PRIMARY KEY (id_gear ,id_room )
)ENGINE=InnoDB;


#------------------------------------------------------------
# Table: room_state
#------------------------------------------------------------

CREATE TABLE room_state(
        observed_at Date NOT NULL ,
        id_state    Int NOT NULL ,
        id_room     Int NOT NULL ,
        PRIMARY KEY (id_state ,id_room )
)ENGINE=InnoDB;


#------------------------------------------------------------
# Table: gear_state
#------------------------------------------------------------

CREATE TABLE gear_state(
        observed_at Date NOT NULL ,
        id_state    Int NOT NULL ,
        id_gear     Int NOT NULL ,
        PRIMARY KEY (id_state ,id_gear )
)ENGINE=InnoDB;


#------------------------------------------------------------
# Table: employee_room
#------------------------------------------------------------

CREATE TABLE employee_room(
        id_employee  Int NOT NULL ,
        id_room      Int NOT NULL ,
        PRIMARY KEY (id_employee ,id_room )
)ENGINE=InnoDB;


#------------------------------------------------------------
# Table: employee_dj
#------------------------------------------------------------

CREATE TABLE employee_dj(
        id_employee  Int NOT NULL ,
        id_dj        Int NOT NULL ,
        PRIMARY KEY (id_employee ,id_dj )
)ENGINE=InnoDB;


#------------------------------------------------------------
# Table: dj_room
#------------------------------------------------------------

CREATE TABLE dj_room(
        id       int (11) Auto_increment  NOT NULL ,
        work_at  Date NOT NULL ,
        start_at Time ,
        end_at   Time ,
        id_dj    Int NOT NULL ,
        id_room  Int NOT NULL ,
        PRIMARY KEY (id )
)ENGINE=InnoDB;


#------------------------------------------------------------
# Table: nightclub_song
#------------------------------------------------------------

CREATE TABLE nightclub_song(
        price         Decimal (25,2) NOT NULL ,
        getting_at    Date NOT NULL ,
        stoping_at    Date NOT NULL ,
        id_nightclub  Int NOT NULL ,
        id_song       Int NOT NULL ,
        PRIMARY KEY (id_nightclub ,id_song )
)ENGINE=InnoDB;


#------------------------------------------------------------
# Table: song_song_type
#------------------------------------------------------------

CREATE TABLE song_song_type(
        id_song      Int NOT NULL ,
        id_song_type Int NOT NULL ,
        PRIMARY KEY (id_song ,id_song_type )
)ENGINE=InnoDB;


#------------------------------------------------------------
# Table: room_salable_gear
#------------------------------------------------------------

CREATE TABLE room_salable_gear(
        price    Decimal (25,2) NOT NULL ,
        quantity Int NOT NULL ,
        buy_at   Date NOT NULL ,
        id_room  Int NOT NULL ,
        id_gear  Int NOT NULL ,
        PRIMARY KEY (id_room ,id_gear )
)ENGINE=InnoDB;


#------------------------------------------------------------
# Table: customer_room
#------------------------------------------------------------

CREATE TABLE customer_room(
        id          int (11) Auto_increment  NOT NULL ,
        buy_at      Date NOT NULL ,
        id_customer Int NOT NULL ,
        id_room     Int NOT NULL ,
        id_gear     Int NOT NULL ,
        PRIMARY KEY (id )
)ENGINE=InnoDB;


#------------------------------------------------------------
# Table: leasing_room
#------------------------------------------------------------

CREATE TABLE leasing_room(
        id          int (11) Auto_increment  NOT NULL ,
        start_at    Date NOT NULL ,
        end_at      Date NOT NULL ,
        price       Decimal (25,2) NOT NULL ,
        id_room     Int NOT NULL ,
        id_customer Int NOT NULL ,
        PRIMARY KEY (id)
)ENGINE=InnoDB;


#------------------------------------------------------------
# Table: leasing_building
#------------------------------------------------------------

CREATE TABLE leasing_building(
        id          int (11) Auto_increment  NOT NULL ,
        start_at    Date NOT NULL ,
        end_at      Date NOT NULL ,
        price       Decimal (25,2) NOT NULL ,
        id_customer Int NOT NULL ,
        id_building Int NOT NULL ,
        PRIMARY KEY (id )
)ENGINE=InnoDB;


#------------------------------------------------------------
# Table: theme_room_gear
#------------------------------------------------------------

CREATE TABLE theme_room_gear(
        quantity      Int NOT NULL ,
        id_theme_room Int NOT NULL ,
        id_gear       Int NOT NULL ,
        PRIMARY KEY (id_theme_room ,id_gear )
)ENGINE=InnoDB;


#------------------------------------------------------------
# Table: room_theme_room
#------------------------------------------------------------

CREATE TABLE room_theme_room(
        id            int (11) Auto_increment  NOT NULL ,
        start_at      Date NOT NULL ,
        end_at        Date NOT NULL ,
        id_room       Int NOT NULL ,
        id_theme_room Int NOT NULL ,
        PRIMARY KEY (id )
)ENGINE=InnoDB;


#------------------------------------------------------------
# Table: played
#------------------------------------------------------------

CREATE TABLE played(
        id        int (11) Auto_increment  NOT NULL ,
        played_on Date NOT NULL ,
        id_song   Int NOT NULL ,
        id_room   Int NOT NULL ,
        PRIMARY KEY (id )
)ENGINE=InnoDB;


#------------------------------------------------------------
# Table: dj_played
#------------------------------------------------------------

CREATE TABLE dj_played(
        played_on Date NOT NULL ,
        id_song   Int NOT NULL ,
        id_room   Int NOT NULL ,
        id_dj     Int NOT NULL ,
        PRIMARY KEY (id_song ,id_room ,id_dj )
)ENGINE=InnoDB;

ALTER TABLE building ADD CONSTRAINT FK_building_id_schedule FOREIGN KEY (id_schedule) REFERENCES schedule(id);
ALTER TABLE building ADD CONSTRAINT FK_building_id_nightclub FOREIGN KEY (id_nightclub) REFERENCES nightclub(id);
ALTER TABLE building ADD CONSTRAINT FK_building_id_address FOREIGN KEY (id_address) REFERENCES address(id);
ALTER TABLE room ADD CONSTRAINT FK_room_id_building FOREIGN KEY (id_building) REFERENCES building(id);
ALTER TABLE room ADD CONSTRAINT FK_room_id_base_room FOREIGN KEY (id_base_room) REFERENCES base_room(id);
ALTER TABLE employee ADD CONSTRAINT FK_employee_id_post FOREIGN KEY (id_post) REFERENCES post(id);
ALTER TABLE employee ADD CONSTRAINT FK_employee_id_address FOREIGN KEY (id_address) REFERENCES address(id);
ALTER TABLE post ADD CONSTRAINT FK_post_id_schedule FOREIGN KEY (id_schedule) REFERENCES schedule(id);
ALTER TABLE song ADD CONSTRAINT FK_song_id_author FOREIGN KEY (id_author) REFERENCES author(id);
ALTER TABLE base_room_allowed_people ADD CONSTRAINT FK_base_room_allowed_people_id_base_room FOREIGN KEY (id_base_room) REFERENCES base_room(id);
ALTER TABLE base_room_allowed_people ADD CONSTRAINT FK_base_room_allowed_people_id_allowed_people FOREIGN KEY (id_allowed_people) REFERENCES allowed_people(id);
ALTER TABLE room_gear ADD CONSTRAINT FK_room_gear_id_gear FOREIGN KEY (id_gear) REFERENCES gear(id);
ALTER TABLE room_gear ADD CONSTRAINT FK_room_gear_id_room FOREIGN KEY (id_room) REFERENCES room(id);
ALTER TABLE room_state ADD CONSTRAINT FK_room_state_id_state FOREIGN KEY (id_state) REFERENCES state(id);
ALTER TABLE room_state ADD CONSTRAINT FK_room_state_id_room FOREIGN KEY (id_room) REFERENCES room(id);
ALTER TABLE gear_state ADD CONSTRAINT FK_gear_state_id_state FOREIGN KEY (id_state) REFERENCES state(id);
ALTER TABLE gear_state ADD CONSTRAINT FK_gear_state_id_gear FOREIGN KEY (id_gear) REFERENCES gear(id);
ALTER TABLE employee_room ADD CONSTRAINT FK_employee_room_id_employee FOREIGN KEY (id_employee) REFERENCES employee(id);
ALTER TABLE employee_room ADD CONSTRAINT FK_employee_room_id_room FOREIGN KEY (id_room) REFERENCES room(id);
ALTER TABLE employee_dj ADD CONSTRAINT FK_employee_dj_id_employee FOREIGN KEY (id_employee) REFERENCES employee(id);
ALTER TABLE employee_dj ADD CONSTRAINT FK_employee_dj_id_dj FOREIGN KEY (id_dj) REFERENCES dj(id);
ALTER TABLE dj_room ADD CONSTRAINT FK_dj_room_id_dj FOREIGN KEY (id_dj) REFERENCES dj(id);
ALTER TABLE dj_room ADD CONSTRAINT FK_dj_room_id_room FOREIGN KEY (id_room) REFERENCES room(id);
ALTER TABLE nightclub_song ADD CONSTRAINT FK_nightclub_song_id_nightclub FOREIGN KEY (id_nightclub) REFERENCES nightclub(id);
ALTER TABLE nightclub_song ADD CONSTRAINT FK_nightclub_song_id_song FOREIGN KEY (id_song) REFERENCES song(id);
ALTER TABLE song_song_type ADD CONSTRAINT FK_song_song_type_id_song FOREIGN KEY (id_song) REFERENCES song(id);
ALTER TABLE song_song_type ADD CONSTRAINT FK_song_song_type_id_song_type FOREIGN KEY (id_song_type) REFERENCES song_type(id);
ALTER TABLE room_salable_gear ADD CONSTRAINT FK_room_salable_gear_id_room FOREIGN KEY (id_room) REFERENCES room(id);
ALTER TABLE room_salable_gear ADD CONSTRAINT FK_room_salable_gear_id_gear FOREIGN KEY (id_gear) REFERENCES gear(id);
ALTER TABLE customer_room ADD CONSTRAINT FK_customer_room_id_customer FOREIGN KEY (id_customer) REFERENCES customer(id);
ALTER TABLE customer_room ADD CONSTRAINT FK_customer_room_id_room FOREIGN KEY (id_room) REFERENCES room(id);
ALTER TABLE customer_room ADD CONSTRAINT FK_customer_room_id_gear FOREIGN KEY (id_gear) REFERENCES gear(id);
ALTER TABLE leasing_room ADD CONSTRAINT FK_leasing_room_id_room FOREIGN KEY (id_room) REFERENCES room(id);
ALTER TABLE leasing_room ADD CONSTRAINT FK_leasing_room_id_customer FOREIGN KEY (id_customer) REFERENCES customer(id);
ALTER TABLE leasing_building ADD CONSTRAINT FK_leasing_building_id_customer FOREIGN KEY (id_customer) REFERENCES customer(id);
ALTER TABLE leasing_building ADD CONSTRAINT FK_leasing_building_id_building FOREIGN KEY (id_building) REFERENCES building(id);
ALTER TABLE theme_room_gear ADD CONSTRAINT FK_theme_room_gear_id_theme_room FOREIGN KEY (id_theme_room) REFERENCES theme_room(id);
ALTER TABLE theme_room_gear ADD CONSTRAINT FK_theme_room_gear_id_gear FOREIGN KEY (id_gear) REFERENCES gear(id);
ALTER TABLE room_theme_room ADD CONSTRAINT FK_room_theme_room_id_room FOREIGN KEY (id_room) REFERENCES room(id);
ALTER TABLE room_theme_room ADD CONSTRAINT FK_room_theme_room_id_theme_room FOREIGN KEY (id_theme_room) REFERENCES theme_room(id);
ALTER TABLE played ADD CONSTRAINT FK_played_id_song FOREIGN KEY (id_song) REFERENCES song(id);
ALTER TABLE played ADD CONSTRAINT FK_played_id_room FOREIGN KEY (id_room) REFERENCES room(id);
ALTER TABLE dj_played ADD CONSTRAINT FK_dj_played_id_song FOREIGN KEY (id_song) REFERENCES song(id);
ALTER TABLE dj_played ADD CONSTRAINT FK_dj_played_id_room FOREIGN KEY (id_room) REFERENCES room(id);
ALTER TABLE dj_played ADD CONSTRAINT FK_dj_played_id_dj FOREIGN KEY (id_dj) REFERENCES dj(id);



#_______________________________________________________________________________________
#Insert for nightclub
INSERT INTO nightclub VALUES (1,'shogun');

#Insert for author
INSERT INTO author VALUES (1,'jean-jean');
INSERT INTO author VALUES (2,'ivette la gentille');
INSERT INTO author VALUES (3,'bastien plouf');
INSERT INTO author VALUES (4,'raymond gromec');
INSERT INTO author VALUES (5,'dasylva blabla');

#Insert for song
INSERT INTO `song` (`id`,`name`,`duration`,`id_author`) VALUES (1,"non quam. Pellentesque","00:02:26",2),(2,"Nunc","00:08:55",5),(3,"purus mauris a","00:05:23",5),(4,"Nam interdum","00:05:49",5),(5,"erat volutpat. Nulla","00:06:34",3),(6,"non, feugiat","00:04:43",1),(7,"nunc sed pede.","00:09:42",1),(8,"sed, hendrerit a,","00:05:52",3),(9,"Cras vehicula","00:10:46",1),(10,"Sed","00:03:46",3),(11,"dolor dolor, tempus","00:06:43",2),(12,"risus. In mi","00:12:24",5),(13,"sed pede. Cum","00:01:14",2),(14,"pellentesque massa lobortis","00:08:04",4),(15,"eu","00:10:59",4),(16,"risus","00:11:27",1),(17,"Cras","00:07:40",2),(18,"at fringilla","00:05:49",5),(19,"enim, gravida","00:10:05",3),(20,"fringilla","00:10:05",3);
INSERT INTO `song` (`id`,`name`,`duration`,`id_author`) VALUES (21,"Nunc","00:06:31",5),(22,"mauris eu","00:11:49",3),(23,"eu erat","00:12:19",2),(24,"montes, nascetur","00:12:31",1),(25,"Nam","00:07:17",2),(26,"amet diam eu","00:04:42",1),(27,"malesuada ut, sem.","00:10:16",3),(28,"nisl. Nulla","00:11:45",3),(29,"imperdiet","00:08:42",3),(30,"Maecenas ornare","00:03:15",4),(31,"sit amet,","00:09:44",5),(32,"Duis","00:12:24",4),(33,"vulputate, nisi sem","00:05:27",1),(34,"malesuada","00:05:40",1),(35,"Nulla dignissim.","00:07:20",1),(36,"Proin","00:10:20",4),(37,"scelerisque","00:12:18",2),(38,"interdum libero dui","00:10:14",2),(39,"tempor arcu. Vestibulum","00:07:31",5),(40,"pellentesque eget,","00:02:40",2);
INSERT INTO `song` (`id`,`name`,`duration`,`id_author`) VALUES (41,"montes, nascetur ridiculus","00:07:32",5),(42,"eget","00:02:39",5),(43,"dui nec","00:10:01",1),(44,"risus.","00:08:32",2),(45,"amet ante.","00:06:10",4),(46,"eget nisi","00:07:14",4),(47,"est ac mattis","00:08:59",3),(48,"dui, semper","00:02:32",5),(49,"tellus. Phasellus","00:06:32",2),(50,"fermentum metus. Aenean","00:07:42",3),(51,"Sed","00:11:30",2),(52,"nisi","00:11:02",3),(53,"facilisi. Sed neque.","00:11:49",4),(54,"leo. Morbi neque","00:08:34",2),(55,"Vivamus non","00:01:43",3),(56,"metus. Aliquam","00:05:22",1),(57,"nunc.","00:12:19",1),(58,"Mauris","00:12:23",5),(59,"litora","00:11:47",4),(60,"sem, consequat","00:06:48",5);
INSERT INTO `song` (`id`,`name`,`duration`,`id_author`) VALUES (61,"sapien, cursus in,","00:01:52",5),(62,"eleifend egestas. Sed","00:04:12",4),(63,"quam a felis","00:04:49",1),(64,"ipsum","00:12:55",3),(65,"porttitor eros","00:10:18",1),(66,"est mauris,","00:07:51",3),(67,"dictum","00:06:23",1),(68,"tellus","00:11:23",3),(69,"lacinia","00:05:12",5),(70,"orci, in consequat","00:06:39",1),(71,"gravida. Praesent","00:07:45",1),(72,"tellus. Suspendisse","00:10:24",3),(73,"malesuada malesuada. Integer","00:05:33",3),(74,"ullamcorper. Duis at","00:04:09",2),(75,"natoque penatibus","00:11:04",3),(76,"mauris","00:05:45",4),(77,"pharetra","00:07:12",3),(78,"non sapien","00:12:00",1),(79,"nec ligula","00:08:28",1),(80,"Aliquam","00:02:19",4);
INSERT INTO `song` (`id`,`name`,`duration`,`id_author`) VALUES (81,"eu nulla","00:01:56",4),(82,"venenatis a,","00:07:27",2),(83,"euismod in,","00:01:34",3),(84,"ridiculus mus.","00:04:10",5),(85,"malesuada vel, venenatis","00:04:00",5),(86,"id","00:01:22",3),(87,"cursus in,","00:11:21",3),(88,"dictum eu, placerat","00:06:55",5),(89,"et malesuada","00:07:22",5),(90,"Phasellus in felis.","00:12:07",2),(91,"Donec","00:11:03",5),(92,"gravida","00:06:56",2),(93,"non, hendrerit id,","00:11:48",1),(94,"eu","00:08:10",3),(95,"libero","00:09:52",4),(96,"Aliquam adipiscing lobortis","00:12:52",2),(97,"Suspendisse commodo tincidunt","00:08:15",1),(98,"massa non ante","00:03:01",2),(99,"molestie","00:04:13",2),(100,"orci quis","00:01:55",1);

#Insert for song_type
INSERT INTO song_type VALUES (1,'rock');
INSERT INTO song_type VALUES (2,'dumbstep');
INSERT INTO song_type VALUES (3,'java');
INSERT INTO song_type VALUES (4,'R&B');

#Insert for song_song_type
INSERT INTO `song_song_type` (`id_song`,`id_song_type`) VALUES (1,3),(2,4),(3,2),(4,1),(5,1),(6,3),(7,1),(8,2),(9,3),(10,4),(11,4),(12,4),(13,3),(14,2),(15,1),(16,4),(17,1),(18,2),(19,3),(20,3);
INSERT INTO `song_song_type` (`id_song`,`id_song_type`) VALUES (21,1),(22,2),(23,4),(24,2),(25,4),(26,2),(27,4),(28,3),(29,1),(30,1),(31,2),(32,2),(33,1),(34,3),(35,3),(36,3),(37,4),(38,1),(39,3),(40,1);
INSERT INTO `song_song_type` (`id_song`,`id_song_type`) VALUES (41,4),(42,1),(43,2),(44,1),(45,1),(46,2),(47,3),(48,2),(49,3),(50,4),(51,3),(52,4),(53,3),(54,2),(55,2),(56,3),(57,2),(58,1),(59,1),(60,2);
INSERT INTO `song_song_type` (`id_song`,`id_song_type`) VALUES (61,2),(62,4),(63,4),(64,3),(65,3),(66,4),(67,1),(68,4),(69,2),(70,2),(71,4),(72,3),(73,3),(74,2),(75,4),(76,3),(77,1),(78,3),(79,1),(80,3);
INSERT INTO `song_song_type` (`id_song`,`id_song_type`) VALUES (81,4),(82,4),(83,1),(84,4),(85,1),(86,1),(87,1),(88,1),(89,2),(90,2),(91,4),(92,3),(93,4),(94,4),(95,1),(96,2),(97,3),(98,4),(99,1),(100,3);

#Select song by types
SELECT song_type.name, COUNT(*) FROM song_type INNER JOIN song_song_type ON song_type.id = song_song_type.id_song_type INNER JOIN song ON song_song_type.id_song = song.id GROUP BY song_type.id;

#Insert for address
INSERT INTO `address` (`id`,`postal_code`,`civic_num`,`street_name`,`town_name`) VALUES (1,"9715",28,"Ap #685-6748 Sollicitudin Street","Barrow-in-Furness"),(2,"4317",14,"451-2864 Ut, Rd.","Villanova d'Albenga"),(3,"19693",42,"439-6759 Dolor Av.","Vizianagaram"),(4,"4517",58,"Ap #754-9344 Mus. Street","Fontanafredda"),(5,"76928",9,"4960 Eleifend. Rd.","Roccasicura"),(6,"309177",51,"Ap #975-1822 Nullam St.","Campagna"),(7,"9407HA",1,"Ap #795-2463 Ullamcorper, Rd.","Marystown"),(8,"705889",55,"P.O. Box 196, 7804 Molestie Street","Hualaihué"),(9,"5720",51,"P.O. Box 814, 7239 Tempor Av.","Jhansi"),(10,"78535",7,"Ap #427-366 Primis Avenue","Heerlen");
INSERT INTO `address` (`id`,`postal_code`,`civic_num`,`street_name`,`town_name`) VALUES (11,"39513",27,"175-5853 Non Rd.","Obertshausen"),(12,"942895",22,"128-8429 Mauris Ave","Dolgellau"),(13,"283441",52,"Ap #140-9339 Ante Av.","Vilna"),(14,"3282",21,"P.O. Box 550, 6848 Consectetuer Ave","Armadale"),(15,"T5K 9W2",25,"P.O. Box 646, 350 In Road","Tiruvannamalai"),(16,"11414",3,"261-2992 Adipiscing Road","Shawville"),(17,"43414",18,"8289 Magna. Road","Empoli"),(18,"1040MZ",43,"259-5022 Id Rd.","Burlington"),(19,"952315",29,"8255 Et Ave","Veraval"),(20,"65417",45,"P.O. Box 776, 8100 Lorem, Rd.","Clarksville");
INSERT INTO `address` (`id`,`postal_code`,`civic_num`,`street_name`,`town_name`) VALUES (21,"5606",50,"119-2446 Fusce Ave","Birori"),(22,"10300",47,"Ap #286-5644 Id St.","Bonvicino"),(23,"219592",2,"1059 Eu Avenue","Aieta"),(24,"99172",56,"Ap #916-1002 Molestie Ave","Lochranza"),(25,"6629",5,"711-4574 Nulla Avenue","Tuticorin"),(26,"Y0R 8E2",19,"P.O. Box 943, 1762 Quam, Rd.","Södertälje"),(27,"52615",53,"Ap #116-2563 Augue St.","De Klinge"),(28,"08353",20,"732-3979 Non, Av.","Banbury"),(29,"4651",1,"5011 Odio, Street","Lummen"),(30,"5178",52,"3276 Erat Avenue","Brighton");
INSERT INTO `address` (`id`,`postal_code`,`civic_num`,`street_name`,`town_name`) VALUES (31,"7397",47,"P.O. Box 913, 7481 Cursus. Avenue","Klosterneuburg"),(32,"54400",46,"Ap #316-6100 Diam. Road","Neumünster"),(33,"782509",50,"Ap #394-3064 Vitae St.","Luzzara"),(34,"45380",27,"955-2309 Quisque Ave","Joué-lès-Tours"),(35,"Y5M 9FQ",8,"6835 A St.","Chiny"),(36,"2861",51,"P.O. Box 192, 1130 Vulputate, Road","Croydon"),(37,"688966",45,"939-1412 Nisi St.","Nanaimo"),(38,"53688",9,"126-2951 Primis St.","Sangerhausen"),(39,"78-516",22,"Ap #428-4193 Pede, Rd.","Greater Sudbury"),(40,"77107",17,"Ap #252-5111 Quisque Street","Mildura");
INSERT INTO `address` (`id`,`postal_code`,`civic_num`,`street_name`,`town_name`) VALUES (41,"6639",15,"5838 Vestibulum Street","Peumo"),(42,"10010",25,"401-7162 Massa. Rd.","Sangerhausen"),(43,"0069",50,"822 Leo. Rd.","Valtournenche"),(44,"37479-243",21,"Ap #227-9222 Egestas. St.","Hilo"),(45,"03485",8,"Ap #488-4247 Rutrum Ave","Bonnyville Municipal District"),(46,"773938",59,"P.O. Box 216, 2344 Curabitur Rd.","Mont-sur-Marchienne"),(47,"551928",32,"Ap #912-728 Aliquam St.","Gaya"),(48,"N1C 2K5",11,"Ap #175-6075 Ultrices Ave","Thon"),(49,"54-310",19,"779-1438 In Rd.","Châlons-en-Champagne"),(50,"14259",55,"235-5437 Et Avenue","Nurdağı");
INSERT INTO `address` (`id`,`postal_code`,`civic_num`,`street_name`,`town_name`) VALUES (51,"22502",21,"813 Phasellus Av.","Tarsia"),(52,"O26 2FN",25,"224-1492 Suspendisse Rd.","High Wycombe"),(53,"04011",4,"948-4816 Ligula. Ave","Neeroeteren"),(54,"54688",42,"1921 Dui. Avenue","Mobile"),(55,"4039RQ",20,"4462 Convallis Rd.","La Granja"),(56,"98753",14,"428-9349 Consectetuer Street","King Township"),(57,"49327",15,"Ap #273-4627 Auctor. Street","Munich"),(58,"390998",27,"Ap #384-8975 Amet, Avenue","Avin"),(59,"272796",8,"9537 Turpis. Avenue","Estevan"),(60,"3077",18,"3977 Vivamus St.","Vetlanda");
INSERT INTO `address` (`id`,`postal_code`,`civic_num`,`street_name`,`town_name`) VALUES (61,"985980",60,"P.O. Box 876, 6292 Odio. Av.","Hoshiarpur"),(62,"80610-018",40,"9603 A Road","Olympia"),(63,"0600",52,"894 Eget, Street","Herfelingen"),(64,"Z0E 5ZH",23,"874-9399 Ipsum. Rd.","Geer"),(65,"709938",4,"P.O. Box 788, 2059 Habitant St.","Ahmedabad"),(66,"99404",18,"983-6116 Consequat Road","Strasbourg"),(67,"9367",51,"168-118 Sociis St.","San Jose"),(68,"T4T 9Z7",6,"4918 Molestie Rd.","Nalinnes"),(69,"830879",18,"398-2104 Natoque Ave","Ashbourne"),(70,"1347",6,"Ap #109-9599 Imperdiet Road","Ludlow");
INSERT INTO `address` (`id`,`postal_code`,`civic_num`,`street_name`,`town_name`) VALUES (71,"13479",28,"Ap #839-9858 Erat. Rd.","Waardamme"),(72,"9976",23,"2004 Ullamcorper, Street","Auvelais"),(73,"181191",24,"Ap #324-1234 Nec Avenue","Saint-Oyen"),(74,"QT27 0IO",51,"4583 Nunc, St.","Heusden"),(75,"547496",18,"Ap #514-6134 Donec St.","Montbéliard"),(76,"155698",56,"8539 Pede. Rd.","Flushing"),(77,"9446JX",56,"6845 Magna. Av.","Matagami"),(78,"16124-619",11,"Ap #688-561 Tellus. Av.","Hisar"),(79,"54346",40,"323-5690 Elementum Rd.","Fort McPherson"),(80,"82456",34,"1078 Tristique Rd.","Mango");
INSERT INTO `address` (`id`,`postal_code`,`civic_num`,`street_name`,`town_name`) VALUES (81,"4977",42,"P.O. Box 546, 2648 Consectetuer Street","Rionero in Vulture"),(82,"73338",4,"P.O. Box 121, 6773 Cursus Av.","Todi"),(83,"92789",4,"6042 In Road","Villingen-Schwennin"),(84,"30706",7,"Ap #738-1905 A Road","Wiekevorst"),(85,"G8G 0R6",11,"1380 Id Road","Bajardo"),(86,"59-858",36,"5618 Pede St.","María Pinto"),(87,"38-421",17,"Ap #611-8479 Urna. St.","Gols"),(88,"T36 6FR",35,"638-9437 A Ave","Xhoris"),(89,"16909",17,"Ap #179-3160 Id Avenue","Subiaco"),(90,"54940",44,"Ap #463-403 Mollis Rd.","Mielec");
INSERT INTO `address` (`id`,`postal_code`,`civic_num`,`street_name`,`town_name`) VALUES (91,"847746",55,"6909 Fringilla Av.","Limburg a.d. Lahn"),(92,"5449",12,"Ap #459-6715 Amet Ave","Jodoigne-Souveraine"),(93,"35654",7,"P.O. Box 176, 8361 Ornare St.","Nelson"),(94,"22934",43,"6497 In Ave","Ahmadnagar"),(95,"60897",56,"829-952 Diam. Street","Sonipat"),(96,"6131",49,"P.O. Box 158, 2653 Nisl. St.","Kaneohe"),(97,"730676",26,"528-8940 Mollis Rd.","Monghidoro"),(98,"773416",23,"5991 Lorem, St.","Santomenna"),(99,"71904",22,"Ap #301-8429 Purus, Road","Gloucester"),(100,"01-054",44,"Ap #961-2349 Ac Road","Falerone");

#Insert for schedule
INSERT INTO `schedule` (`id`,`start_at`,`end_at`) VALUES (1,"19:00:00","06:00:00"),(2,"16:15:00","02:00:00"),(3,"09:00:00","17:30:00"),(4,"18:30:00","08:00:00"),(5,"10:45:00","16:45:00"),(6,"00:30:00","07:45:00"),(7,"13:30:00","17:45:00"),(8,"17:30:00","02:00:00");

#Insert for post
INSERT INTO post VALUES (1,'taxi',1100,1), (2,'videur',1500,2), (3,'videur',1700,6), (4,'comptable',1900,3), (5,"agent d'entretien",900,7), (6,'barman',1500,2), (7,'barman',1550,6), (8,'infirmier',1300,6);

#Insert for employee
INSERT INTO `employee` (`id`,`firstname`,`lastname`,`number`,`start_at`,`salary`,`id_post`,`id_address`) VALUES (1,"Tanner","Pugh",80395899,"2016-06-26 09:21:40",1259,2,21),(2,"Nevada","Contreras",57151257,"2017-02-19 23:31:25",1694,7,42),(3,"Chancellor","Hickman",31618439,"2016-06-19 19:57:15",1115,3,31),(4,"Geraldine","Chen",63776300,"2015-05-21 05:50:56",1667,5,20),(5,"Ray","Fitzgerald",85436332,"2015-07-12 13:58:30",2030,5,9),(6,"Ariel","Herring",83194818,"2016-01-27 22:27:49",1261,2,20),(7,"Rae","Kinney",61948881,"2016-11-13 07:13:17",1410,8,39),(8,"Ella","Washington",99695845,"2016-09-24 00:56:07",2070,8,69),(9,"Miriam","Gregory",74462070,"2015-10-23 00:55:05",1414,2,61),(10,"Camden","Tate",52306918,"2016-12-14 07:11:21",1685,8,5);
INSERT INTO `employee` (`id`,`firstname`,`lastname`,`number`,`start_at`,`salary`,`id_post`,`id_address`) VALUES (11,"Marny","Garcia",38152683,"2016-09-28 13:18:34",1656,7,36),(12,"Amir","Swanson",66229117,"2016-10-27 21:18:30",1230,1,17),(13,"Kirestin","Kim",57093790,"2015-11-14 09:49:43",979,2,19),(14,"Cruz","Montgomery",69634051,"2015-04-14 09:21:50",2030,5,70),(15,"Sydney","Snider",28529369,"2015-05-27 06:58:44",1676,6,45),(16,"Melinda","Graham",83872953,"2015-03-19 20:53:07",1072,6,99),(17,"Stephen","Christian",70536785,"2016-04-10 18:04:05",1969,7,23),(18,"Quentin","Lawrence",55334081,"2015-10-25 01:51:16",1341,6,76),(19,"Gavin","Grimes",79068816,"2016-09-09 15:02:54",1661,7,3),(20,"Elijah","Wiggins",10362748,"2016-04-25 09:25:16",1093,5,100);
#INSERT INTO `employee` (`id`,`firstname`,`lastname`,`number`,`start_at`,`salary`,`id_post`,`id_address`) VALUES (21,"Ahmed","Ramos",55515962,"2016-04-17 20:45:13",1899,3,87),(22,"Miriam","Mercer",37517376,"2016-06-14 08:11:38",1766,3,95),(23,"Mariko","Puckett",85352925,"2016-06-03 20:14:31",1969,6,6),(24,"MacKenzie","Davis",31058214,"2016-08-30 13:16:59",1439,5,63),(25,"Zena","Ellis",94062540,"2017-01-17 23:50:49",1073,8,88),(26,"Paki","Jefferson",28789446,"2015-05-28 19:20:52",1466,3,13),(27,"Cain","Graham",27185257,"2016-10-14 04:19:43",2075,1,55),(28,"Ivana","Hopper",15694645,"2015-09-15 18:54:49",1765,1,43),(29,"Lee","Anthony",45089496,"2016-02-01 02:10:43",1472,7,41),(30,"Ciara","Banks",82771933,"2015-10-05 14:21:46",1678,1,68);
#INSERT INTO `employee` (`id`,`firstname`,`lastname`,`number`,`start_at`,`salary`,`id_post`,`id_address`) VALUES (31,"Edward","Osborne",71630867,"2016-09-10 16:43:58",1123,4,11),(32,"Sonya","Watson",38539285,"2016-01-06 21:39:57",959,2,25),(33,"Branden","Allison",90876733,"2016-03-21 21:56:26",1700,8,1),(34,"Taylor","Hall",64704802,"2016-04-19 00:02:23",2032,3,27),(35,"Madison","Flowers",23752089,"2015-08-17 12:07:11",1048,8,42),(36,"Marsden","Finch",29044123,"2015-08-11 01:28:03",1967,8,39),(37,"Madonna","Meyers",80645963,"2015-09-12 19:40:25",1620,4,42),(38,"Kieran","Marshall",93115879,"2016-04-30 07:56:13",883,8,8),(39,"Jennifer","Ingram",43086437,"2015-07-26 00:05:25",1145,7,32),(40,"Gisela","Vincent",18334848,"2015-10-24 16:44:05",911,1,93);
#INSERT INTO `employee` (`id`,`firstname`,`lastname`,`number`,`start_at`,`salary`,`id_post`,`id_address`) VALUES (41,"Xanthus","Albert",53781875,"2015-11-08 23:51:18",1166,4,65),(42,"Bevis","Mccray",61879411,"2016-04-19 15:31:37",2010,3,68),(43,"Noble","Pena",81694560,"2015-07-05 00:12:23",1822,8,97),(44,"Xavier","Yang",56044900,"2015-05-28 05:20:21",1996,3,30),(45,"Carl","Mccullough",76190952,"2015-05-22 14:18:31",1848,8,22),(46,"Alice","Wyatt",55931183,"2015-12-20 19:52:13",1915,7,38),(47,"Rhonda","Dickerson",76797447,"2015-04-05 05:51:03",1082,7,65),(48,"Inga","Dennis",60670199,"2016-07-04 19:02:21",2086,4,35),(49,"Aaron","Nguyen",30064026,"2016-11-21 21:07:41",1241,2,3),(50,"Aretha","Ewing",59075628,"2015-12-09 11:07:50",1886,5,70);
#INSERT INTO `employee` (`id`,`firstname`,`lastname`,`number`,`start_at`,`salary`,`id_post`,`id_address`) VALUES (51,"Linus","Valdez",86553349,"2015-06-04 17:30:36",1859,7,84),(52,"Zeph","Short",76357829,"2015-07-11 02:29:54",2056,7,14),(53,"Rogan","Shaw",92317907,"2017-01-11 19:59:29",2005,1,29),(54,"Amos","Spencer",51683806,"2015-08-06 10:36:39",1479,5,79),(55,"Dakota","Moses",61032743,"2015-10-31 10:09:54",1864,3,21),(56,"Chloe","Norris",49399953,"2015-06-20 09:14:46",1149,6,47),(57,"Unity","Paul",83399608,"2016-10-18 21:31:40",888,7,92),(58,"Geraldine","Pace",63649075,"2016-09-28 02:26:14",1673,6,57),(59,"Sasha","Small",65314076,"2015-10-06 07:05:26",969,7,33),(60,"Jasmine","Manning",45844383,"2016-03-23 21:27:57",1271,1,97);
#INSERT INTO `employee` (`id`,`firstname`,`lastname`,`number`,`start_at`,`salary`,`id_post`,`id_address`) VALUES (61,"Mira","Jones",66241980,"2016-03-09 03:55:56",1199,4,48),(62,"Aristotle","Scott",71688820,"2015-03-05 21:49:03",1046,6,7),(63,"Raven","Mccray",40323454,"2015-05-04 10:30:41",1467,5,72),(64,"Alana","Hansen",98474165,"2016-05-08 12:25:44",2057,7,49),(65,"Quynn","York",49484629,"2015-09-23 11:41:37",1640,1,4),(66,"Logan","Hansen",65730180,"2016-12-04 13:57:02",1076,6,89),(67,"Clio","Avery",73725966,"2016-05-10 03:39:43",1582,1,27),(68,"Karyn","Ellis",37670480,"2016-05-17 12:40:21",1846,6,36),(69,"Lucius","Cross",83040574,"2015-10-09 14:04:42",1271,6,65),(70,"Rajah","Hendricks",97948542,"2015-09-03 08:27:33",1216,1,7);
#INSERT INTO `employee` (`id`,`firstname`,`lastname`,`number`,`start_at`,`salary`,`id_post`,`id_address`) VALUES (71,"Katelyn","Lambert",10941966,"2016-02-20 06:08:56",1257,4,84),(72,"Leigh","Watson",19487730,"2015-06-12 08:20:47",1143,6,95),(73,"Naomi","Snow",40514555,"2016-08-05 08:18:43",1097,6,79),(74,"Geoffrey","Mercado",30238939,"2015-10-01 19:29:56",1762,7,94),(75,"Clark","Compton",45717584,"2017-01-18 05:14:11",1845,6,58),(76,"Olivia","Franks",70480134,"2015-12-07 00:59:35",1863,3,60),(77,"Gareth","Griffin",55971927,"2016-08-24 11:32:35",1377,2,98),(78,"Farrah","Daniel",12553882,"2017-02-21 01:15:17",1830,6,28),(79,"Ariana","Mathews",73568434,"2016-02-18 05:03:03",1538,2,14),(80,"Orlando","Marsh",81513968,"2016-07-08 14:48:49",1112,6,65);
#INSERT INTO `employee` (`id`,`firstname`,`lastname`,`number`,`start_at`,`salary`,`id_post`,`id_address`) VALUES (81,"Ora","Jacobson",87177268,"2016-05-23 21:43:43",915,8,30),(82,"Freya","Morse",79394107,"2016-12-03 16:16:10",1915,1,36),(83,"Quail","Blanchard",24127355,"2015-11-18 08:09:31",1653,4,67),(84,"Justine","Koch",70588095,"2015-09-12 09:38:47",1510,2,29),(85,"Brianna","Williamson",69846974,"2015-07-22 18:01:21",1349,3,8),(86,"Colby","Simon",78176583,"2015-12-06 11:10:04",1637,6,27),(87,"Melyssa","Charles",11057082,"2015-10-24 15:43:48",898,1,51),(88,"Stewart","Chavez",51746770,"2016-07-10 19:07:29",1449,7,55),(89,"Deborah","Love",75179572,"2016-05-12 21:08:47",1232,4,43),(90,"Cheryl","Mooney",45525755,"2016-05-31 02:07:32",1499,8,59);
#INSERT INTO `employee` (`id`,`firstname`,`lastname`,`number`,`start_at`,`salary`,`id_post`,`id_address`) VALUES (91,"Odysseus","Morales",64926522,"2015-09-02 05:07:52",1826,7,7),(92,"Giselle","Franklin",26340303,"2016-10-18 16:04:15",1149,6,90),(93,"Caldwell","Shepard",36603079,"2015-08-16 22:23:35",1732,6,55),(94,"Miranda","Ruiz",64578037,"2016-11-23 17:49:00",919,8,46),(95,"Cathleen","Valenzuela",97738957,"2016-05-04 18:17:06",1259,1,43),(96,"Jasmine","Franklin",67423760,"2015-12-24 07:49:53",1226,2,46),(97,"Byron","Vinson",42754765,"2016-02-12 08:39:10",2056,8,43),(98,"Iris","Michael",78514144,"2016-08-28 17:52:31",1185,1,90),(99,"Dora","Martin",50563875,"2016-05-07 15:43:00",2016,3,54),(100,"Candace","Crosby",28425049,"2016-03-19 08:19:10",1910,3,77);

#Insert for dj
INSERT INTO dj VALUES (1),(2),(3),(4),(5);

#Insert for employee_dj
INSERT INTO employee_dj VALUES (1,1),(2,2),(3,3),(4,4),(5,5);

#Insert for gear
#Common room
INSERT INTO gear VALUES (1,'bar',6000), (2,'pouf',20), (3,'table',60), (4,'estrade',1200), (5,'enceinte',500), (6,'cage',800), (7,'fauteuil',45.60), (8,'chaise',10), (9,'piste de dance',23000), (10,'stroboscope',140);

#Toilet room
INSERT INTO gear VALUES (11,'bidet',60), (12,'toilette',80), (13,'urinoire',40), (14,'lavabo',50), (15,'essuie main',20);

#Cabinet room
INSERT INTO gear VALUES (21,'bureau',2300), (22,'armoire',47.30), (23,'sofa',3000), (24,'grand fautueil',600), (25,'ordinateur',4560);

#External room
INSERT INTO gear VALUES (31,'cendrier',2), (32,'piscine',9000), (33,'table en briquette',30), (34,'fautueil en bois',30), (35,'chaise en bois',15);

#theme room
INSERT INTO gear VALUES (51,'boule disco',15), (52,'boule a facette',25), (53,'mousse',300), (54,'tapi à glissade',50);

#Salable items
INSERT INTO gear VALUES (41,'bière',12), (42,'vodka',24), (43,'wishky',30), (44,'tobleronne',12), (45,'sandwich',8), (46,'tequila',25), (47,'cigarette',30), (48,'bouteille de vodka',1200), (49,'bouteille de rhum',1200), (50,'bouteille de schweps',4);


#Insert for state
INSERT INTO state VALUES (1,'OK'), (2,'NOK');

#Insert for gear_state
INSERT INTO `gear_state` (`observed_at`,`id_state`,`id_gear`) VALUES ("2015-02-23",2,1),("2015-02-23",2,2),("2015-02-23",2,3),("2015-02-23",2,4),("2015-02-23",2,5),("2015-02-23",1,6),("2015-02-23",2,7),("2015-02-23",1,8),("2015-02-23",1,9),("2015-02-23",2,10),("2015-02-23",2,11),("2015-02-23",2,12),("2015-02-23",1,13),("2015-02-23",2,14),("2015-02-23",1,15);
INSERT INTO `gear_state` (`observed_at`,`id_state`,`id_gear`) VALUES ("2015-02-23",1,21),("2015-02-23",2,22),("2015-02-23",1,23),("2015-02-23",1,24),("2015-02-23",1,25);
INSERT INTO `gear_state` (`observed_at`,`id_state`,`id_gear`) VALUES ("2015-02-23",1,31),("2015-02-23",1,32),("2015-02-23",1,33),("2015-02-23",1,34),("2015-02-23",2,35);

#Insert for theme_room
INSERT INTO theme_room VALUES (1, 'buble party');

#Insert for theme_room_gear
INSERT INTO `theme_room_gear` (`quantity`,`id_theme_room`,`id_gear`) VALUES (1,1,1),(6,1,2),(10,1,3),(6,1,4),(7,1,5),(2,1,6),(8,1,7),(6,1,8),(8,1,9),(5,1,10),(6,1,11),(6,1,12),(1,1,13),(8,1,14),(3,1,15);
INSERT INTO `theme_room_gear` (`quantity`,`id_theme_room`,`id_gear`) VALUES (1,1,51),(6,1,52),(10,1,53),(6,1,54);

#Insert for allowed_people
INSERT INTO allowed_people VALUES (1,'client'), (2,'employer'), (3,'gérant');

#Insert for base_room
INSERT INTO base_room VALUES (1,'piste de dance'), (2,'bureau'), (3,'toilette'), (4,'toilette du personnel');

#Insert for base_room_allowed_people
INSERT INTO base_room_allowed_people VALUES (1,1),(1,2),(1,3),(2,3),(3,1),(4,2),(4,3);

#Insert for building
INSERT INTO building VALUES (1,'monica santa', 500.60, 4, 1,1), (2,'mastavia', 432.12, 4, 1,1), (3,'uldavia', 900, 6, 1, 2);

#Insert for room
#For building 1
INSERT INTO room VALUES (1,'dance flor 1', 5.30,60,'2015-02-23',1,1), (2,'dance flor 2', 8.50,120,'2015-02-23',1,1), (3,'new day of flowers', 6.00,40,'2015-02-23',1,1), (4,'toilette', 0,10,'2015-02-23',1,3), (5,'toilette', 0,15,'2015-02-23',1,3);

#For building 2
INSERT INTO room VALUES (6,'prima flor', 20,40,'2015-02-23',2,1), (7,'toilette', 0,15,'2015-02-23',2,3), (8,'toilette personnel', 0,5,'2015-02-23',2,4), (9,'main office', 0,1,'2015-02-23',2,2);

#For building 3
INSERT INTO room VALUES (10,'alhpa dance', 20,200,'2015-02-23',3,1), (11,'toilette', 0,40,'2015-02-23',3,3), (12,'milka', 20,200,'2015-02-23',3,1);

#Insert for room_salable_gear
#Room 1
INSERT INTO `room_salable_gear` (`price`,`quantity`,`buy_at`,`id_room`,`id_gear`) VALUES (14,5,'2015-01-01',1,41),(6,39,'2015-01-01',1,42),(35,28,'2015-01-01',1,43),(15,86,'2015-01-01',1,44),(11,77,'2015-01-01',1,45),(45,68,'2015-01-01',1,46),(15,60,'2015-01-01',1,47),(49,1,'2015-01-01',1,48),(37,38,'2015-01-01',1,49),(24,85,'2015-01-01',1,50);

#Room 2
INSERT INTO `room_salable_gear` (`price`,`quantity`,`buy_at`,`id_room`,`id_gear`) VALUES (21,27,'2015-01-01',2,41),(47,100,'2015-01-01',2,42),(11,16,'2015-01-01',2,43),(31,46,'2015-01-01',2,44),(24,61,'2015-01-01',2,45),(43,74,'2015-01-01',2,46),(41,90,'2015-01-01',2,47),(48,85,'2015-01-01',2,48),(45,24,'2015-01-01',2,49),(58,52,'2015-01-01',2,50);

#Room 3
INSERT INTO `room_salable_gear` (`price`,`quantity`,`buy_at`,`id_room`,`id_gear`) VALUES (19,56,'2015-01-01',3,41),(5,46,'2015-01-01',3,42),(27,73,'2015-01-01',3,43),(54,63,'2015-01-01',3,44),(38,92,'2015-01-01',3,45),(32,46,'2015-01-01',3,46),(44,26,'2015-01-01',3,47),(16,4,'2015-01-01',3,48),(6,2,'2015-01-01',3,49),(39,72,'2015-01-01',3,50);

#Room 6
INSERT INTO `room_salable_gear` (`price`,`quantity`,`buy_at`,`id_room`,`id_gear`) VALUES (14,64,'2015-01-01',6,41),(22,61,'2015-01-01',6,42),(11,68,'2015-01-01',6,43),(14,31,'2015-01-01',6,44),(33,49,'2015-01-01',6,45),(58,81,'2015-01-01',6,46),(29,12,'2015-01-01',6,47),(55,100,'2015-01-01',6,48),(38,20,'2015-01-01',6,49),(48,72,'2015-01-01',6,50);

#Room 10
INSERT INTO `room_salable_gear` (`price`,`quantity`,`buy_at`,`id_room`,`id_gear`) VALUES (36,33,'2015-01-01',10,41),(56,95,'2015-01-01',10,42),(9,76,'2015-01-01',10,43),(39,85,'2015-01-01',10,44),(49,'2015-01-01',76,10,45),(27,36,'2015-01-01',10,46),(22,49,'2015-01-01',10,47),(11,87,'2015-01-01',10,48),(51,74,'2015-01-01',10,49),(56,50,'2015-01-01',10,50);

#Room 12
INSERT INTO `room_salable_gear` (`price`,`quantity`,`buy_at`,`id_room`,`id_gear`) VALUES (21,1,'2015-01-01',12,41),(60,44,'2015-01-01',12,42),(5,14,'2015-01-01',12,43),(10,100,'2015-01-01',12,44),(56,28,'2015-01-01',12,45),(34,1,'2015-01-01',12,46),(48,37,'2015-01-01',12,47),(52,79,'2015-01-01',12,48),(31,43,'2015-01-01',12,49),(4,14,'2015-01-01',12,50);

#Insert for room_gear
#Danceflor
INSERT INTO `room_gear` (`set_at`,`quantity`,`id_gear`,`id_room`) VALUES ("2015-02-23",17,1,1),("2015-02-23",87,2,1),("2015-02-23",67,3,1),("2015-02-23",87,4,1),("2015-02-23",60,5,1),("2015-02-23",31,6,1),("2015-02-23",36,7,1),("2015-02-23",96,8,1),("2015-02-23",15,9,1),("2015-02-23",26,10,1);
INSERT INTO `room_gear` (`set_at`,`quantity`,`id_gear`,`id_room`) VALUES ("2015-02-23",56,1,2),("2015-02-23",27,2,2),("2015-02-23",68,3,2),("2015-02-23",89,4,2),("2015-02-23",12,5,2),("2015-02-23",26,6,2),("2015-02-23",37,7,2),("2015-02-23",93,8,2),("2015-02-23",41,9,2),("2015-02-23",80,10,2);
INSERT INTO `room_gear` (`set_at`,`quantity`,`id_gear`,`id_room`) VALUES ("2015-02-23",70,1,3),("2015-02-23",48,2,3),("2015-02-23",91,3,3),("2015-02-23",44,4,3),("2015-02-23",70,5,3),("2015-02-23",64,6,3),("2015-02-23",24,7,3),("2015-02-23",12,8,3),("2015-02-23",8,9,3),("2015-02-23",95,10,3);
INSERT INTO `room_gear` (`set_at`,`quantity`,`id_gear`,`id_room`) VALUES ("2015-02-23",7,1,6),("2015-02-23",24,2,6),("2015-02-23",2,3,6),("2015-02-23",61,4,6),("2015-02-23",39,5,6),("2015-02-23",19,6,6),("2015-02-23",67,7,6),("2015-02-23",19,8,6),("2015-02-23",82,9,6),("2015-02-23",14,10,6);
INSERT INTO `room_gear` (`set_at`,`quantity`,`id_gear`,`id_room`) VALUES ("2015-02-23",94,1,10),("2015-02-23",80,2,10),("2015-02-23",94,3,10),("2015-02-23",19,4,10),("2015-02-23",67,5,10),("2015-02-23",28,6,10),("2015-02-23",1,7,10),("2015-02-23",52,8,10),("2015-02-23",53,9,10),("2015-02-23",32,10,10);
INSERT INTO `room_gear` (`set_at`,`quantity`,`id_gear`,`id_room`) VALUES ("2015-02-23",81,1,12),("2015-02-23",36,2,12),("2015-02-23",63,3,12),("2015-02-23",25,4,12),("2015-02-23",88,5,12),("2015-02-23",81,6,12),("2015-02-23",24,7,12),("2015-02-23",45,8,12),("2015-02-23",78,9,12),("2015-02-23",13,10,12);

#Toilet
INSERT INTO `room_gear` (`set_at`,`quantity`,`id_gear`,`id_room`) VALUES ("2015-02-23",27,11,4),("2015-02-23",19,12,4),("2015-02-23",16,13,4),("2015-02-23",20,14,4),("2015-02-23",29,15,4);
INSERT INTO `room_gear` (`set_at`,`quantity`,`id_gear`,`id_room`) VALUES ("2015-02-23",27,11,5),("2015-02-23",1,12,5),("2015-02-23",6,13,5),("2015-02-23",27,14,5),("2015-02-23",3,15,5);
INSERT INTO `room_gear` (`set_at`,`quantity`,`id_gear`,`id_room`) VALUES ("2015-02-23",24,11,7),("2015-02-23",16,12,7),("2015-02-23",5,13,7),("2015-02-23",9,14,7),("2015-02-23",9,15,7);
INSERT INTO `room_gear` (`set_at`,`quantity`,`id_gear`,`id_room`) VALUES ("2015-02-23",13,11,8),("2015-02-23",5,12,8),("2015-02-23",24,13,8),("2015-02-23",18,14,8),("2015-02-23",13,15,8);
INSERT INTO `room_gear` (`set_at`,`quantity`,`id_gear`,`id_room`) VALUES ("2015-02-23",18,11,11),("2015-02-23",25,12,11),("2015-02-23",21,13,11),("2015-02-23",5,14,11),("2015-02-23",1,15,11);

#Office
INSERT INTO `room_gear` (`set_at`,`quantity`,`id_gear`,`id_room`) VALUES ("2015-02-23",27,21,9),("2015-02-23",16,22,9),("2015-02-23",13,23,9),("2015-02-23",22,24,9),("2015-02-23",20,25,9);

#Insert for room_state
INSERT INTO room_state VALUES ("2015-02-23",1,1),("2015-02-23",1,2),("2015-02-23",1,3),("2015-02-23",1,4),("2015-02-23",1,5),("2015-02-23",1,6),("2015-02-23",1,7),("2015-02-23",1,8),("2015-02-23",1,9),("2015-02-23",1,10),("2015-02-23",1,11),("2015-02-23",1,12);

#Insert for room_theme_room
INSERT INTO room_theme_room VALUES (1,"2015-03-12","2015-03-23",1,1), (2,"2015-04-12","2015-04-12",1,1), (3,"2015-05-07","2015-05-07",1,1);
INSERT INTO room_theme_room VALUES (4,"2015-03-12","2015-03-23",2,1), (5,"2015-04-12","2015-04-12",2,1), (6,"2015-05-07","2015-05-07",2,1);
INSERT INTO room_theme_room VALUES (7,"2015-03-12","2015-03-23",12,1), (8,"2015-04-12","2015-04-12",6,1), (9,"2015-05-07","2015-05-07",6,1);

#Insert for dj_room
INSERT INTO `dj_room` (`id`,`work_at`,`start_at`,`end_at`,`id_dj`,`id_room`) VALUES (1,"2015-11-13","04:51:47","19:24:32",1,8),(2,"2015-07-05","22:48:10","13:39:35",2,10),(3,"2015-09-30","12:35:14","16:55:33",3,6),(4,"2015-10-15","10:57:56","21:14:09",5,4),(5,"2015-05-28","02:37:42","10:19:14",4,5),(6,"2015-05-01","05:04:04","04:43:39",3,3),(7,"2015-10-21","15:59:09","13:16:12",3,7),(8,"2015-04-01","03:39:40","23:05:47",1,6),(9,"2015-04-27","22:20:27","06:31:01",5,11),(10,"2015-11-26","02:05:47","13:12:32",3,1),(11,"2015-08-05","22:27:53","18:47:11",1,1),(12,"2015-08-23","14:26:12","01:43:49",3,4),(13,"2015-11-01","11:56:27","23:47:56",2,6),(14,"2015-09-29","17:53:10","15:52:05",1,2),(15,"2015-12-23","00:54:13","21:16:54",1,10),(16,"2015-11-11","18:14:34","20:27:28",2,1),(17,"2015-10-24","13:04:23","06:58:52",3,6),(18,"2015-04-19","14:26:44","07:13:48",4,9),(19,"2015-08-28","23:03:40","14:42:11",5,7),(20,"2015-08-06","04:11:10","08:50:24",1,12),(21,"2015-12-15","18:00:46","19:20:11",4,11),(22,"2015-06-22","12:40:38","18:02:27",2,5),(23,"2015-03-19","04:26:52","21:30:40",2,8),(24,"2015-10-20","11:28:16","06:12:09",1,1),(25,"2015-03-15","14:56:09","17:09:39",4,12);
INSERT INTO `dj_room` (`id`,`work_at`,`start_at`,`end_at`,`id_dj`,`id_room`) VALUES (26,"2015-04-02","13:26:59","16:15:21",1,2),(27,"2015-12-17","05:11:50","22:38:14",2,8),(28,"2015-10-12","14:22:04","15:53:38",2,10),(29,"2015-04-18","23:36:05","14:19:01",1,11),(30,"2015-04-16","23:17:11","10:59:49",1,10),(31,"2015-12-18","21:26:39","23:39:07",1,3),(32,"2015-07-13","04:47:44","19:24:59",3,9),(33,"2015-03-27","23:17:19","09:01:51",5,2),(34,"2015-03-22","06:03:24","22:52:28",5,10),(35,"2015-03-20","11:39:43","15:20:49",5,12),(36,"2015-06-04","14:55:49","07:41:22",4,11),(37,"2015-05-03","20:22:29","03:40:53",5,5),(38,"2015-04-07","16:40:10","07:05:42",3,9),(39,"2015-10-22","06:20:52","18:13:33",4,11),(40,"2015-05-22","14:30:25","13:46:08",1,10),(41,"2015-07-08","15:56:35","21:16:00",1,9),(42,"2015-06-03","22:32:55","23:58:49",1,7),(43,"2015-05-17","02:28:11","19:43:49",4,8),(44,"2015-05-04","08:38:25","23:04:03",2,4),(45,"2015-11-21","16:37:18","06:52:06",4,12),(46,"2015-04-19","04:41:37","22:00:12",1,6),(47,"2015-04-15","19:56:44","00:20:04",1,2),(48,"2015-02-23","16:43:07","05:19:40",1,1),(49,"2015-07-21","23:17:13","10:08:24",5,11),(50,"2015-08-20","05:17:21","02:46:37",5,4);
INSERT INTO `dj_room` (`id`,`work_at`,`start_at`,`end_at`,`id_dj`,`id_room`) VALUES (51,"2015-10-14","03:24:45","22:48:22",1,5),(52,"2015-06-02","09:07:58","00:45:26",2,7),(53,"2015-07-06","16:39:01","18:15:26",3,7),(54,"2015-04-13","16:55:46","12:44:40",3,7),(55,"2015-12-01","02:44:41","11:02:40",1,7),(56,"2015-03-27","17:50:35","01:33:34",1,8),(57,"2015-03-13","14:15:58","02:27:43",5,11),(58,"2015-03-25","04:26:10","16:10:26",4,10),(59,"2015-03-23","07:51:14","06:13:30",5,4),(60,"2015-08-02","23:07:09","17:00:26",5,12),(61,"2015-11-29","17:20:18","17:19:27",1,3),(62,"2015-06-29","21:52:27","06:55:59",2,6),(63,"2015-07-22","09:52:34","05:44:02",3,8),(64,"2015-10-12","02:44:48","13:04:28",5,10),(65,"2015-10-21","17:17:59","18:29:34",2,6),(66,"2015-06-14","08:35:05","02:14:30",1,11),(67,"2015-06-24","09:57:22","20:54:27",2,9),(68,"2015-03-08","22:08:19","22:16:06",5,4),(69,"2015-11-05","15:35:23","17:31:00",1,9),(70,"2015-05-29","17:51:36","20:59:35",1,10),(71,"2015-11-08","17:32:11","23:25:53",1,7),(72,"2015-12-24","10:35:20","18:58:06",3,1),(73,"2015-11-16","09:37:33","12:36:13",4,3),(74,"2015-10-28","09:15:04","07:46:12",5,10),(75,"2015-05-11","20:56:25","07:00:23",3,10);
INSERT INTO `dj_room` (`id`,`work_at`,`start_at`,`end_at`,`id_dj`,`id_room`) VALUES (76,"2015-10-30","06:28:28","23:28:14",3,9),(77,"2015-08-16","11:25:57","08:13:01",4,5),(78,"2015-04-18","23:06:24","15:28:22",3,8),(79,"2015-09-09","06:17:07","07:07:58",3,3),(80,"2015-05-29","02:02:40","05:32:42",5,4),(81,"2015-09-23","11:00:05","23:33:21",1,3),(82,"2015-10-18","17:16:53","14:59:50",5,3),(83,"2015-07-07","03:38:23","10:28:47",4,11),(84,"2015-11-14","01:09:41","08:47:21",4,5),(85,"2015-10-25","09:53:36","08:23:54",1,2),(86,"2015-09-03","22:05:32","16:38:27",3,4),(87,"2015-05-31","08:53:13","10:40:02",1,6),(88,"2015-11-08","15:42:20","13:14:32",1,10),(89,"2015-06-18","19:36:32","17:34:26",2,7),(90,"2015-07-24","07:58:30","08:34:03",5,6),(91,"2015-11-12","13:42:19","22:43:05",3,7),(92,"2015-07-01","05:33:18","01:08:49",1,12),(93,"2015-12-01","19:28:37","23:12:44",2,8),(94,"2015-11-07","04:48:05","20:31:36",3,4),(95,"2015-03-15","19:59:38","15:39:17",5,10),(96,"2015-12-22","07:35:56","15:00:51",5,1),(97,"2015-09-03","02:19:55","01:09:30",3,4),(98,"2015-10-28","14:37:15","13:05:07",2,8),(99,"2015-08-17","10:47:09","18:14:39",3,7),(100,"2015-08-15","16:56:53","16:36:08",4,7);

#Insert for played
INSERT INTO `played` (`id`,`played_on`,`id_song`,`id_room`) VALUES (1,"2015-04-27",37,6),(2,"2015-05-02",65,9),(3,"2015-09-21",56,9),(4,"2015-05-29",29,1),(5,"2015-02-27",77,3),(6,"2015-12-21",97,3),(7,"2015-06-12",25,3),(8,"2015-06-24",95,9),(9,"2015-04-05",40,1),(10,"2015-12-27",4,11),(11,"2015-06-16",85,12),(12,"2015-06-28",79,2),(13,"2015-06-12",29,5),(14,"2015-08-01",53,7),(15,"2015-10-20",26,3),(16,"2015-12-26",83,1),(17,"2015-07-13",12,3),(18,"2015-10-09",97,1),(19,"2015-05-19",66,10),(20,"2015-04-09",87,1),(21,"2015-09-03",8,10),(22,"2015-03-14",67,8),(23,"2015-08-13",6,12),(24,"2015-10-29",59,9),(25,"2015-08-18",84,9),(26,"2015-10-09",87,11),(27,"2015-08-01",48,11),(28,"2015-09-04",28,10),(29,"2015-10-18",11,2),(30,"2015-11-07",3,5),(31,"2015-08-18",53,9),(32,"2015-10-19",49,8),(33,"2015-12-13",74,8),(34,"2015-07-31",39,1),(35,"2015-03-04",17,7),(36,"2015-10-12",33,2),(37,"2015-04-25",67,5),(38,"2015-06-15",92,9),(39,"2015-06-22",46,5),(40,"2015-12-21",79,12),(41,"2015-12-09",50,9),(42,"2015-11-18",69,3),(43,"2015-10-29",34,4),(44,"2015-06-02",43,6),(45,"2015-06-13",44,5),(46,"2015-11-20",46,2),(47,"2015-09-29",88,9),(48,"2015-02-23",7,12),(49,"2015-09-27",16,6),(50,"2015-12-27",54,6),(51,"2015-10-20",18,10),(52,"2015-08-30",68,10),(53,"2015-03-02",79,10),(54,"2015-05-31",69,12),(55,"2015-07-21",97,3),(56,"2015-06-19",54,12),(57,"2015-06-26",41,2),(58,"2015-02-28",79,9),(59,"2015-08-03",60,11),(60,"2015-11-14",88,10),(61,"2015-09-18",30,5),(62,"2015-10-03",33,9),(63,"2015-10-09",11,11),(64,"2015-12-22",82,1),(65,"2015-08-06",14,6),(66,"2015-07-15",54,1),(67,"2015-06-17",71,1),(68,"2015-04-04",23,5),(69,"2015-11-02",22,2),(70,"2015-07-06",84,10),(71,"2015-10-09",67,10),(72,"2015-10-14",46,1),(73,"2015-10-14",26,10),(74,"2015-12-17",11,11),(75,"2015-12-02",3,2),(76,"2015-07-03",78,3),(77,"2015-08-01",56,5),(78,"2015-08-18",64,12),(79,"2015-09-21",88,8),(80,"2015-06-24",1,6),(81,"2015-11-10",72,11),(82,"2015-10-01",100,7),(83,"2015-08-29",52,7),(84,"2015-09-28",92,12),(85,"2015-07-16",89,12),(86,"2015-03-02",50,6),(87,"2015-10-17",96,4),(88,"2015-07-17",18,6),(89,"2015-05-10",33,10),(90,"2015-07-02",72,12),(91,"2015-11-28",44,3),(92,"2015-06-09",24,2),(93,"2015-05-28",32,10),(94,"2015-07-13",22,11),(95,"2015-08-28",57,1),(96,"2015-11-25",79,3),(97,"2015-08-03",45,7),(98,"2015-07-09",46,11),(99,"2015-06-08",65,9),(100,"2015-12-26",17,9);
INSERT INTO `played` (`id`,`played_on`,`id_song`,`id_room`) VALUES (101,"2015-09-01",96,4),(102,"2015-09-27",66,2),(103,"2015-12-10",90,11),(104,"2015-07-03",25,8),(105,"2015-07-14",76,3),(106,"2015-11-01",31,2),(107,"2015-12-09",74,11),(108,"2015-12-02",82,11),(109,"2015-03-25",76,12),(110,"2015-05-25",6,2),(111,"2015-12-30",50,12),(112,"2015-05-30",4,8),(113,"2015-12-26",94,6),(114,"2015-06-03",89,12),(115,"2015-06-30",74,2),(116,"2015-03-08",29,3),(117,"2015-09-15",77,2),(118,"2015-04-21",74,7),(119,"2015-10-17",40,10),(120,"2015-12-28",39,7),(121,"2015-11-07",86,4),(122,"2015-03-27",83,9),(123,"2015-10-12",26,8),(124,"2015-11-15",13,12),(125,"2015-08-10",17,6),(126,"2015-05-27",68,12),(127,"2015-04-08",24,3),(128,"2015-09-29",8,6),(129,"2015-10-28",17,8),(130,"2015-10-31",41,4),(131,"2015-03-03",80,10),(132,"2015-03-17",43,12),(133,"2015-11-10",5,1),(134,"2015-06-29",5,12),(135,"2015-06-09",99,12),(136,"2015-07-10",22,6),(137,"2015-05-22",97,1),(138,"2015-08-31",55,2),(139,"2015-04-06",5,7),(140,"2015-10-31",9,5),(141,"2015-05-22",26,5),(142,"2015-11-12",85,10),(143,"2015-04-03",15,6),(144,"2015-04-08",59,8),(145,"2015-07-09",68,5),(146,"2015-07-22",95,12),(147,"2015-07-09",100,9),(148,"2015-07-03",72,12),(149,"2015-03-13",89,3),(150,"2015-04-28",81,4),(151,"2015-09-25",60,12),(152,"2015-11-04",76,5),(153,"2015-04-27",48,6),(154,"2015-08-30",24,4),(155,"2015-09-24",14,7),(156,"2015-11-12",86,12),(157,"2015-08-28",61,6),(158,"2015-09-11",79,4),(159,"2015-05-12",20,6),(160,"2015-06-18",94,5),(161,"2015-09-07",27,4),(162,"2015-07-19",66,4),(163,"2015-10-23",68,8),(164,"2015-11-06",71,10),(165,"2015-07-18",99,1),(166,"2015-10-19",99,8),(167,"2015-04-23",52,9),(168,"2015-03-31",47,4),(169,"2015-07-09",76,12),(170,"2015-07-25",58,7),(171,"2015-08-26",2,3),(172,"2015-09-08",78,4),(173,"2015-04-03",2,9),(174,"2015-03-15",50,12),(175,"2015-08-23",6,6),(176,"2015-07-08",4,2),(177,"2015-05-26",59,7),(178,"2015-05-15",57,4),(179,"2015-12-10",45,12),(180,"2015-08-11",90,2),(181,"2015-08-20",19,4),(182,"2015-07-24",98,7),(183,"2015-05-04",78,7),(184,"2015-12-17",50,11),(185,"2015-03-17",87,1),(186,"2015-05-25",84,5),(187,"2015-06-22",87,3),(188,"2015-04-18",97,2),(189,"2015-10-18",91,5),(190,"2015-12-18",48,1),(191,"2015-11-06",5,4),(192,"2015-07-05",67,8),(193,"2015-08-11",47,8),(194,"2015-07-01",13,4),(195,"2015-08-18",6,1),(196,"2015-12-25",15,4),(197,"2015-10-17",51,7),(198,"2015-07-04",29,8),(199,"2015-11-09",30,5),(200,"2015-05-04",52,4);
INSERT INTO `played` (`id`,`played_on`,`id_song`,`id_room`) VALUES (201,"2015-05-31",26,1),(202,"2015-10-05",28,9),(203,"2015-07-23",97,8),(204,"2015-06-26",74,10),(205,"2015-02-27",43,1),(206,"2015-09-18",21,5),(207,"2015-05-21",39,2),(208,"2015-02-23",38,9),(209,"2015-03-29",52,2),(210,"2015-11-10",50,10),(211,"2015-10-18",56,1),(212,"2015-03-31",59,3),(213,"2015-05-31",96,7),(214,"2015-07-05",73,10),(215,"2015-07-22",52,5),(216,"2015-11-08",84,4),(217,"2015-11-21",90,7),(218,"2015-03-13",52,2),(219,"2015-09-01",26,1),(220,"2015-03-22",62,11),(221,"2015-07-19",18,10),(222,"2015-09-08",41,10),(223,"2015-08-22",60,1),(224,"2015-07-05",49,5),(225,"2015-03-16",26,1),(226,"2015-03-18",74,1),(227,"2015-12-30",46,6),(228,"2015-11-22",33,5),(229,"2015-06-16",97,4),(230,"2015-11-12",50,8),(231,"2015-12-17",98,10),(232,"2015-05-04",75,5),(233,"2015-04-08",97,8),(234,"2015-07-14",26,10),(235,"2015-11-11",77,10),(236,"2015-08-01",9,10),(237,"2015-06-03",70,7),(238,"2015-05-15",81,3),(239,"2015-09-15",91,8),(240,"2015-09-03",30,10),(241,"2015-04-19",80,3),(242,"2015-09-05",100,6),(243,"2015-03-28",46,9),(244,"2015-03-17",17,1),(245,"2015-07-01",40,5),(246,"2015-09-06",48,10),(247,"2015-03-20",28,9),(248,"2015-06-09",54,4),(249,"2015-03-05",12,8),(250,"2015-04-20",23,10),(251,"2015-08-08",87,3),(252,"2015-06-29",56,6),(253,"2015-11-18",87,10),(254,"2015-06-11",29,12),(255,"2015-04-02",48,6),(256,"2015-11-22",79,4),(257,"2015-07-28",13,5),(258,"2015-03-13",62,4),(259,"2015-12-08",98,4),(260,"2015-12-08",79,11),(261,"2015-04-10",52,6),(262,"2015-03-21",18,6),(263,"2015-09-06",81,3),(264,"2015-07-01",67,11),(265,"2015-05-23",5,1),(266,"2015-04-08",73,5),(267,"2015-04-15",62,9),(268,"2015-04-06",80,4),(269,"2015-09-16",58,2),(270,"2015-10-24",83,5),(271,"2015-05-30",28,9),(272,"2015-12-02",47,9),(273,"2015-06-23",28,5),(274,"2015-06-14",61,4),(275,"2015-06-27",65,4),(276,"2015-10-09",40,1),(277,"2015-08-05",74,8),(278,"2015-02-24",86,11),(279,"2015-08-10",17,12),(280,"2015-12-28",11,8),(281,"2015-10-12",70,7),(282,"2015-07-12",45,5),(283,"2015-07-13",16,9),(284,"2015-05-06",82,7),(285,"2015-04-18",39,7),(286,"2015-04-22",8,7),(287,"2015-12-01",45,9),(288,"2015-03-01",42,4),(289,"2015-03-30",30,10),(290,"2015-03-23",43,3),(291,"2015-12-17",16,5),(292,"2015-05-29",86,11),(293,"2015-11-21",62,7),(294,"2015-07-23",92,9),(295,"2015-11-15",65,3),(296,"2015-03-24",76,2),(297,"2015-04-14",66,4),(298,"2015-10-20",70,8),(299,"2015-06-30",80,6),(300,"2015-09-25",46,8);
INSERT INTO `played` (`id`,`played_on`,`id_song`,`id_room`) VALUES (301,"2015-05-10",74,9),(302,"2015-02-25",55,9),(303,"2015-10-29",41,1),(304,"2015-08-28",74,6),(305,"2015-04-26",74,9),(306,"2015-10-03",20,12),(307,"2015-10-16",99,8),(308,"2015-07-27",97,6),(309,"2015-03-29",78,8),(310,"2015-10-21",27,12),(311,"2015-12-16",85,1),(312,"2015-08-17",90,4),(313,"2015-09-03",15,12),(314,"2015-10-01",94,1),(315,"2015-12-25",21,9),(316,"2015-05-13",93,12),(317,"2015-12-14",58,3),(318,"2015-10-25",36,1),(319,"2015-08-02",89,1),(320,"2015-06-02",51,2),(321,"2015-08-08",58,2),(322,"2015-12-28",34,11),(323,"2015-07-15",72,12),(324,"2015-02-26",33,1),(325,"2015-10-10",75,10),(326,"2015-07-06",11,5),(327,"2015-10-09",43,1),(328,"2015-09-07",21,4),(329,"2015-03-06",75,5),(330,"2015-04-01",97,3),(331,"2015-06-25",48,7),(332,"2015-08-22",39,2),(333,"2015-05-08",22,7),(334,"2015-07-31",97,7),(335,"2015-10-15",78,7),(336,"2015-04-09",17,4),(337,"2015-07-20",56,8),(338,"2015-03-23",28,10),(339,"2015-08-19",43,10),(340,"2015-08-31",11,5),(341,"2015-12-03",77,7),(342,"2015-05-01",32,1),(343,"2015-11-19",36,4),(344,"2015-12-16",83,10),(345,"2015-08-05",49,3),(346,"2015-08-12",71,11),(347,"2015-06-03",14,7),(348,"2015-11-09",1,3),(349,"2015-10-14",76,7),(350,"2015-12-07",32,6),(351,"2015-10-05",80,6),(352,"2015-06-06",93,4),(353,"2015-03-13",77,8),(354,"2015-12-18",2,9),(355,"2015-06-25",97,10),(356,"2015-12-03",24,11),(357,"2015-05-23",11,4),(358,"2015-04-14",52,3),(359,"2015-08-23",48,6),(360,"2015-08-27",41,8),(361,"2015-10-29",81,12),(362,"2015-04-01",28,5),(363,"2015-12-07",38,6),(364,"2015-10-05",49,8),(365,"2015-06-03",2,6),(366,"2015-10-14",88,10),(367,"2015-10-30",66,12),(368,"2015-11-29",75,11),(369,"2015-02-28",8,5),(370,"2015-10-04",61,7),(371,"2015-09-29",33,1),(372,"2015-06-26",81,11),(373,"2015-05-16",32,8),(374,"2015-02-26",69,6),(375,"2015-11-06",71,10),(376,"2015-05-11",82,8),(377,"2015-05-28",21,4),(378,"2015-12-01",31,9),(379,"2015-06-23",18,4),(380,"2015-05-25",64,9),(381,"2015-07-13",89,11),(382,"2015-08-28",78,1),(383,"2015-06-29",61,3),(384,"2015-04-13",85,5),(385,"2015-12-12",99,9),(386,"2015-08-25",34,9),(387,"2015-06-03",36,9),(388,"2015-02-27",60,8),(389,"2015-05-25",27,7),(390,"2015-10-06",69,2),(391,"2015-04-15",11,9),(392,"2015-06-26",43,12),(393,"2015-07-18",53,9),(394,"2015-04-04",84,12),(395,"2015-10-28",56,1),(396,"2015-08-18",90,8),(397,"2015-05-26",96,2),(398,"2015-12-11",51,6),(399,"2015-11-26",46,7),(400,"2015-04-09",18,8);
INSERT INTO `played` (`id`,`played_on`,`id_song`,`id_room`) VALUES (401,"2015-11-25",39,2),(402,"2015-06-14",36,12),(403,"2015-07-28",74,2),(404,"2015-10-23",6,11),(405,"2015-06-11",45,9),(406,"2015-03-29",3,1),(407,"2015-04-16",51,10),(408,"2015-11-29",71,8),(409,"2015-07-04",94,7),(410,"2015-12-08",66,11),(411,"2015-11-28",23,11),(412,"2015-12-01",8,12),(413,"2015-09-23",78,2),(414,"2015-12-08",14,11),(415,"2015-06-04",76,7),(416,"2015-12-18",13,1),(417,"2015-03-14",28,10),(418,"2015-04-04",73,2),(419,"2015-03-09",3,11),(420,"2015-12-14",38,9),(421,"2015-03-15",78,6),(422,"2015-05-11",29,2),(423,"2015-11-24",19,3),(424,"2015-04-30",41,8),(425,"2015-05-21",46,6),(426,"2015-05-09",7,2),(427,"2015-12-16",59,2),(428,"2015-12-18",39,9),(429,"2015-06-09",3,8),(430,"2015-03-11",63,1),(431,"2015-04-07",57,1),(432,"2015-10-17",62,8),(433,"2015-06-24",99,6),(434,"2015-08-03",65,4),(435,"2015-12-22",81,10),(436,"2015-08-20",65,6),(437,"2015-08-05",38,8),(438,"2015-04-15",17,6),(439,"2015-09-13",24,5),(440,"2015-03-11",89,2),(441,"2015-12-28",30,8),(442,"2015-08-19",57,4),(443,"2015-12-03",35,6),(444,"2015-09-03",64,9),(445,"2015-10-24",93,1),(446,"2015-03-17",54,9),(447,"2015-11-09",3,11),(448,"2015-06-28",82,6),(449,"2015-06-26",76,2),(450,"2015-08-19",73,3),(451,"2015-08-10",90,9),(452,"2015-12-24",27,12),(453,"2015-11-02",83,9),(454,"2015-04-06",72,2),(455,"2015-11-20",38,12),(456,"2015-12-21",52,3),(457,"2015-03-20",61,11),(458,"2015-04-17",17,1),(459,"2015-11-02",50,3),(460,"2015-12-05",37,10),(461,"2015-12-15",22,2),(462,"2015-05-14",44,7),(463,"2015-11-06",86,10),(464,"2015-04-29",41,10),(465,"2015-05-24",30,1),(466,"2015-04-04",57,12),(467,"2015-06-04",45,6),(468,"2015-07-31",24,5),(469,"2015-03-24",72,6),(470,"2015-08-16",90,2),(471,"2015-02-23",98,4),(472,"2015-06-20",59,9),(473,"2015-11-29",41,7),(474,"2015-03-29",36,2),(475,"2015-10-25",96,8),(476,"2015-07-28",48,4),(477,"2015-07-05",35,8),(478,"2015-03-12",5,11),(479,"2015-10-03",71,6),(480,"2015-06-19",50,10),(481,"2015-08-08",84,1),(482,"2015-08-06",19,7),(483,"2015-06-30",6,11),(484,"2015-11-06",84,8),(485,"2015-03-21",14,7),(486,"2015-09-26",64,3),(487,"2015-08-22",11,12),(488,"2015-06-06",18,7),(489,"2015-04-14",62,8),(490,"2015-09-28",13,9),(491,"2015-04-07",79,7),(492,"2015-03-17",26,3),(493,"2015-11-07",13,5),(494,"2015-10-11",88,12),(495,"2015-11-18",10,7),(496,"2015-05-27",40,6),(497,"2015-10-31",79,12),(498,"2015-04-18",54,2),(499,"2015-06-18",7,4),(500,"2015-06-03",75,2);
INSERT INTO `played` (`id`,`played_on`,`id_song`,`id_room`) VALUES (501,"2015-11-25",71,11),(502,"2015-07-16",92,5),(503,"2015-05-09",84,12),(504,"2015-09-03",90,9),(505,"2015-04-22",54,9),(506,"2015-03-21",53,7),(507,"2015-10-08",76,3),(508,"2015-12-30",97,12),(509,"2015-08-11",98,7),(510,"2015-12-11",3,3),(511,"2015-09-25",96,4),(512,"2015-12-29",57,1),(513,"2015-07-20",30,5),(514,"2015-06-25",66,9),(515,"2015-05-31",95,3),(516,"2015-06-24",26,10),(517,"2015-04-26",25,2),(518,"2015-04-22",45,12),(519,"2015-11-09",66,9),(520,"2015-09-28",11,10),(521,"2015-05-19",65,2),(522,"2015-11-02",25,4),(523,"2015-09-08",45,2),(524,"2015-09-12",69,7),(525,"2015-11-12",86,3),(526,"2015-07-23",29,6),(527,"2015-08-10",65,12),(528,"2015-03-25",10,1),(529,"2015-12-21",88,2),(530,"2015-11-17",21,12),(531,"2015-09-19",99,7),(532,"2015-09-17",77,4),(533,"2015-03-03",67,5),(534,"2015-12-05",13,10),(535,"2015-05-12",77,8),(536,"2015-03-30",69,9),(537,"2015-11-27",46,1),(538,"2015-12-03",69,7),(539,"2015-04-04",61,5),(540,"2015-02-25",56,6),(541,"2015-04-05",24,1),(542,"2015-05-09",90,9),(543,"2015-06-28",47,2),(544,"2015-04-01",50,9),(545,"2015-12-14",53,12),(546,"2015-04-23",59,2),(547,"2015-11-01",66,3),(548,"2015-09-19",6,5),(549,"2015-06-23",2,12),(550,"2015-03-17",53,7),(551,"2015-05-30",28,4),(552,"2015-11-08",43,5),(553,"2015-06-15",24,5),(554,"2015-04-08",77,9),(555,"2015-03-11",71,5),(556,"2015-06-13",52,8),(557,"2015-05-21",87,6),(558,"2015-04-09",39,2),(559,"2015-05-11",42,6),(560,"2015-05-24",52,11),(561,"2015-08-27",9,10),(562,"2015-09-15",59,6),(563,"2015-04-10",74,3),(564,"2015-12-18",69,2),(565,"2015-08-23",51,8),(566,"2015-09-30",11,7),(567,"2015-12-13",92,1),(568,"2015-12-10",75,5),(569,"2015-06-17",48,12),(570,"2015-07-23",62,4),(571,"2015-08-05",74,9),(572,"2015-09-23",60,5),(573,"2015-12-26",71,9),(574,"2015-06-30",14,7),(575,"2015-07-04",14,9),(576,"2015-06-05",28,11),(577,"2015-09-02",72,10),(578,"2015-08-08",68,5),(579,"2015-07-24",10,10),(580,"2015-02-26",57,8),(581,"2015-11-23",22,6),(582,"2015-08-01",88,2),(583,"2015-04-21",86,12),(584,"2015-03-27",1,5),(585,"2015-04-21",40,3),(586,"2015-09-25",51,6),(587,"2015-05-05",28,12),(588,"2015-12-10",76,7),(589,"2015-05-12",55,5),(590,"2015-07-27",66,8),(591,"2015-06-23",46,1),(592,"2015-03-21",48,2),(593,"2015-07-08",21,2),(594,"2015-05-14",39,4),(595,"2015-07-25",37,7),(596,"2015-09-13",75,12),(597,"2015-03-09",97,9),(598,"2015-03-10",25,12),(599,"2015-07-19",97,10),(600,"2015-08-29",44,1);
INSERT INTO `played` (`id`,`played_on`,`id_song`,`id_room`) VALUES (601,"2015-06-21",93,5),(602,"2015-12-10",98,8),(603,"2015-06-26",83,9),(604,"2015-08-29",16,2),(605,"2015-10-25",72,10),(606,"2015-10-04",32,3),(607,"2015-07-30",89,11),(608,"2015-05-04",100,5),(609,"2015-11-07",56,7),(610,"2015-04-01",52,3),(611,"2015-08-14",39,4),(612,"2015-07-25",13,5),(613,"2015-06-12",36,3),(614,"2015-03-20",77,6),(615,"2015-08-06",58,6),(616,"2015-04-30",63,4),(617,"2015-03-21",70,12),(618,"2015-09-24",58,11),(619,"2015-12-12",58,5),(620,"2015-08-15",89,12),(621,"2015-09-12",98,7),(622,"2015-12-13",63,10),(623,"2015-06-13",12,1),(624,"2015-10-11",2,4),(625,"2015-11-25",48,7),(626,"2015-08-02",99,12),(627,"2015-03-31",77,6),(628,"2015-05-31",41,3),(629,"2015-12-04",56,3),(630,"2015-03-03",67,5),(631,"2015-05-16",37,3),(632,"2015-09-28",46,6),(633,"2015-08-31",77,5),(634,"2015-11-08",24,5),(635,"2015-05-16",76,1),(636,"2015-03-06",99,7),(637,"2015-09-25",63,8),(638,"2015-07-03",71,4),(639,"2015-04-16",51,5),(640,"2015-09-27",17,1),(641,"2015-04-20",43,5),(642,"2015-04-08",32,2),(643,"2015-11-01",40,11),(644,"2015-04-12",68,2),(645,"2015-07-02",83,7),(646,"2015-07-07",13,10),(647,"2015-07-25",92,5),(648,"2015-05-27",57,3),(649,"2015-03-01",52,2),(650,"2015-10-08",74,7),(651,"2015-10-02",49,8),(652,"2015-08-14",51,8),(653,"2015-06-14",43,5),(654,"2015-10-06",45,11),(655,"2015-02-28",91,1),(656,"2015-09-01",42,12),(657,"2015-06-19",60,9),(658,"2015-12-14",80,5),(659,"2015-10-03",18,2),(660,"2015-03-20",92,7),(661,"2015-10-28",74,10),(662,"2015-09-07",51,4),(663,"2015-06-23",48,2),(664,"2015-06-22",88,12),(665,"2015-12-25",90,5),(666,"2015-06-10",43,6),(667,"2015-02-24",99,1),(668,"2015-07-21",7,6),(669,"2015-10-05",3,2),(670,"2015-07-06",90,9),(671,"2015-07-03",17,6),(672,"2015-10-31",77,8),(673,"2015-05-03",36,4),(674,"2015-03-04",91,6),(675,"2015-08-21",48,10),(676,"2015-09-09",78,4),(677,"2015-11-15",63,7),(678,"2015-06-11",45,9),(679,"2015-09-02",25,4),(680,"2015-11-15",36,3),(681,"2015-05-19",47,12),(682,"2015-12-21",32,8),(683,"2015-07-14",88,6),(684,"2015-04-06",68,9),(685,"2015-07-18",26,8),(686,"2015-06-09",28,10),(687,"2015-07-02",2,3),(688,"2015-03-09",99,7),(689,"2015-10-29",98,6),(690,"2015-08-24",73,6),(691,"2015-03-12",71,5),(692,"2015-08-23",36,8),(693,"2015-06-11",70,5),(694,"2015-11-18",31,11),(695,"2015-11-29",82,9),(696,"2015-12-15",61,10),(697,"2015-11-09",60,4),(698,"2015-08-26",51,3),(699,"2015-08-23",45,10),(700,"2015-04-06",60,9);

#Insert for customer
INSERT INTO `customer` (`id`,`firstname`,`lastname`,`date_of_birth`) VALUES (1,"Jordan","Odom","1965-11-16"),(2,"Deborah","Goodman","1985-12-29"),(3,"Judah","Lowe","1980-04-23"),(4,"Sophia","Greer","1992-07-08"),(5,"Cain","Leblanc","1967-09-09"),(6,"Francesca","Sherman","1955-08-20"),(7,"Indigo","Crane","1969-04-21"),(8,"Leonard","Moreno","1998-02-20"),(9,"Germane","Crosby","1979-11-25"),(10,"Ezekiel","Salazar","2002-01-27"),(11,"Doris","Roman","1998-05-04"),(12,"Cleo","Holmes","1957-01-14"),(13,"Rhea","Molina","1994-10-30"),(14,"Marah","Peterson","1993-03-26"),(15,"Ross","Whitney","1955-03-03"),(16,"Kendall","Riley","1962-04-15"),(17,"Asher","Fitzgerald","1996-06-26"),(18,"Desirae","York","1993-03-14"),(19,"Alexandra","Dean","1992-10-03"),(20,"Lee","Wall","1962-06-03"),(21,"Jonah","Decker","1969-03-03"),(22,"Uma","Mercado","1973-08-16"),(23,"Rebekah","Mccarty","1985-11-29"),(24,"Breanna","Drake","1981-06-10"),(25,"Nehru","Foreman","1976-11-01"),(26,"Garrison","Boone","1987-03-24"),(27,"Chester","Mays","1974-05-13"),(28,"Sasha","Cain","1969-07-17"),(29,"Bree","Graves","1996-04-10"),(30,"Ivor","Cooke","1956-12-16"),(31,"Summer","Stuart","1999-10-18"),(32,"Maya","Williams","1964-02-14"),(33,"Chantale","Mayo","1965-12-26"),(34,"Keegan","Clayton","1956-12-22"),(35,"Whoopi","Bridges","1983-09-01"),(36,"Thor","Macdonald","1996-06-03"),(37,"Moana","Blake","1956-03-28"),(38,"Deacon","Vaughan","1983-02-26"),(39,"Geraldine","Parsons","1988-12-31"),(40,"Kylee","Richard","1990-08-21"),(41,"Cade","Patton","1996-01-24"),(42,"Alyssa","Meadows","1995-04-04"),(43,"Ariana","Taylor","1978-11-08"),(44,"Lila","Hyde","1997-06-30"),(45,"Grady","Hurley","2000-02-25"),(46,"Maryam","Giles","1975-02-10"),(47,"Zane","Foley","1991-12-21"),(48,"Quentin","Montoya","1998-07-05"),(49,"Joseph","Hooper","1975-09-15"),(50,"Leo","Head","2002-07-16"),(51,"Macy","Keith","1957-08-15"),(52,"Hector","Murray","1995-09-14"),(53,"Eve","Torres","1988-01-01"),(54,"Kadeem","Potts","2002-09-15"),(55,"Ainsley","Giles","1956-09-09"),(56,"Camilla","Santana","1973-01-10"),(57,"Hoyt","Young","1960-04-27"),(58,"Nathaniel","Pratt","1993-12-31"),(59,"Hayley","Andrews","1980-08-01"),(60,"Vernon","Butler","1956-02-21"),(61,"Imani","Myers","1973-06-05"),(62,"Brody","Hogan","1981-11-29"),(63,"Alisa","Keller","1990-03-31"),(64,"Jana","Stephens","1969-11-23"),(65,"Yoshi","Garner","1988-05-27"),(66,"Veda","Norton","1984-08-28"),(67,"Yvonne","Barton","1992-12-16"),(68,"Justin","Soto","1995-02-12"),(69,"Leigh","Petersen","1970-09-24"),(70,"Mariam","Jefferson","1957-06-14"),(71,"Kaseem","Heath","1972-09-11"),(72,"Risa","Downs","1978-04-12"),(73,"Ray","Howell","1974-10-10"),(74,"Holmes","Potts","1964-09-15"),(75,"Alika","Frost","1969-01-30"),(76,"Candace","Fitzgerald","1957-07-11"),(77,"Kim","Head","1981-11-28"),(78,"Thaddeus","Sloan","1960-06-24"),(79,"May","Cohen","1997-09-23"),(80,"Abdul","Hodge","1984-09-09"),(81,"Armando","Mckee","1985-05-27"),(82,"Sylvester","Baxter","1995-12-13"),(83,"Carlos","Moreno","1973-01-08"),(84,"Dai","Callahan","1977-01-16"),(85,"Kalia","Barrera","1969-10-31"),(86,"Cecilia","Leon","1980-01-11"),(87,"Kirk","Bush","1960-06-06"),(88,"Ava","Davidson","1976-01-24"),(89,"Katelyn","Barry","1972-10-17"),(90,"Armando","Fowler","1959-03-17"),(91,"Caesar","Mann","1967-12-24"),(92,"Sigourney","Middleton","1962-12-10"),(93,"Barry","Griffin","1966-02-06"),(94,"Quynn","Robertson","1970-09-03"),(95,"Adrian","Ashley","1977-11-26"),(96,"Sharon","Dejesus","1996-03-21"),(97,"Jessica","Craft","1987-03-21"),(98,"Laura","Gallagher","1970-04-16"),(99,"Guinevere","Key","1972-07-10"),(100,"Jael","Hendrix","1983-07-29");
INSERT INTO `customer` (`id`,`firstname`,`lastname`,`date_of_birth`) VALUES (101,"Thaddeus","Cooley","1970-05-04"),(102,"James","Williams","1964-11-04"),(103,"Holmes","Gilmore","1960-06-05"),(104,"Donovan","Haley","1963-10-04"),(105,"Yetta","Orr","1992-11-20"),(106,"Emery","Benjamin","1995-07-15"),(107,"Genevieve","Kirkland","1991-12-28"),(108,"Rhoda","Patton","1980-03-20"),(109,"Dustin","Fitzpatrick","2000-05-26"),(110,"Sydney","Delaney","1966-08-05"),(111,"Nomlanga","Kidd","1958-02-06"),(112,"Meredith","Skinner","1997-07-27"),(113,"Imani","Mullen","1984-01-18"),(114,"Chancellor","Hendrix","1969-07-14"),(115,"Nadine","Ballard","1968-01-28"),(116,"Rhonda","Leach","1990-12-15"),(117,"Roanna","Heath","1964-12-21"),(118,"Darrel","Coffey","1993-05-25"),(119,"Raymond","Christensen","1976-04-27"),(120,"Jordan","Rush","1992-12-06"),(121,"Kenyon","Chang","1964-01-08"),(122,"Harriet","Lloyd","1979-07-26"),(123,"Giacomo","Joyner","1991-03-16"),(124,"Renee","Boyle","1999-02-26"),(125,"Summer","Woodard","1983-04-07"),(126,"Paki","Jacobs","1983-06-14"),(127,"Craig","Small","2001-01-17"),(128,"Margaret","Berger","1984-04-02"),(129,"Benedict","Cooke","1992-12-09"),(130,"Quincy","Lester","1991-06-08"),(131,"Ferris","Mcbride","1971-09-22"),(132,"Phelan","Deleon","1990-07-02"),(133,"Amal","Herring","1981-02-25"),(134,"Emily","Jacobs","1957-03-28"),(135,"Geraldine","Huffman","1967-07-19"),(136,"Chandler","Combs","1971-04-06"),(137,"Serina","Russo","1970-07-27"),(138,"Tallulah","Woodward","1975-03-17"),(139,"Hyacinth","Rogers","1980-07-05"),(140,"Venus","Knowles","1970-06-19"),(141,"Fleur","Chambers","1995-12-10"),(142,"Sharon","Wagner","1972-11-08"),(143,"Wang","Arnold","1974-04-02"),(144,"Avye","Francis","1989-02-10"),(145,"Walker","Conway","1996-08-03"),(146,"Joan","Mosley","1955-08-29"),(147,"Keaton","Rivers","1996-10-12"),(148,"Jessica","Cain","1982-02-24"),(149,"Anne","Leon","1986-01-11"),(150,"Guy","Melendez","1957-05-18"),(151,"Sasha","Sharpe","1967-09-22"),(152,"Jillian","Howell","1984-09-26"),(153,"Amery","Maxwell","1967-05-25"),(154,"Jacob","Miller","1955-04-19"),(155,"Germane","Cantu","1968-04-19"),(156,"Nora","Warner","1977-11-13"),(157,"Benjamin","Lambert","1990-08-06"),(158,"Magee","Landry","2002-09-02"),(159,"Amethyst","Bender","1963-02-19"),(160,"Sade","Collier","1968-11-01"),(161,"Kendall","Huber","1955-02-26"),(162,"Amelia","Mueller","1976-10-11"),(163,"Reed","Hess","1969-10-30"),(164,"Beck","Small","1998-02-04"),(165,"Dahlia","Medina","1997-04-09"),(166,"Kermit","Ramsey","1987-07-04"),(167,"Myles","Becker","1991-02-11"),(168,"Whilemina","Joyce","1971-07-13"),(169,"Maxine","Maxwell","1986-10-29"),(170,"Quinlan","Oneal","1982-01-04"),(171,"Delilah","Wolfe","1977-02-22"),(172,"Seth","Williams","1991-05-27"),(173,"Erica","Goodman","1990-04-24"),(174,"Mufutau","Kirk","1975-05-14"),(175,"Xander","Warren","1976-03-17"),(176,"Jonah","Taylor","1998-07-07"),(177,"Jin","Wolfe","1976-01-22"),(178,"Medge","Casey","1978-10-02"),(179,"Yardley","French","1955-11-15"),(180,"Cade","Chambers","2001-01-17"),(181,"Lucius","Bradshaw","1955-11-06"),(182,"Sasha","Beach","1964-01-17"),(183,"Quamar","Edwards","1968-02-12"),(184,"Ivory","Cline","1973-07-02"),(185,"Maggie","Garrett","1975-07-06"),(186,"Maggy","Bishop","1977-02-15"),(187,"Carl","King","1997-05-24"),(188,"Keely","Skinner","1965-03-25"),(189,"Alvin","Coffey","1994-12-02"),(190,"Laurel","Pittman","1974-09-21"),(191,"Joan","Clark","1971-03-06"),(192,"Irma","Walter","1966-02-25"),(193,"Gillian","Velazquez","1967-02-04"),(194,"Tanek","Leon","1993-01-19"),(195,"Tamekah","Gordon","1956-10-07"),(196,"Silas","Shepard","1983-10-13"),(197,"Amos","Henry","1984-07-25"),(198,"Blake","Livingston","1969-05-17"),(199,"Deirdre","Berry","1978-12-24"),(200,"Yen","Shaw","1971-07-25");
INSERT INTO `customer` (`id`,`firstname`,`lastname`,`date_of_birth`) VALUES (201,"Reuben","Castro","1994-12-01"),(202,"Camille","Tucker","1962-05-29"),(203,"Jayme","Chang","1976-01-14"),(204,"Asher","Carver","1963-11-27"),(205,"Yvonne","Hampton","1967-03-08"),(206,"Walker","Kaufman","1994-07-21"),(207,"Michael","Maxwell","1957-01-05"),(208,"Guy","Holland","1988-03-21"),(209,"Sarah","Ayala","1982-06-01"),(210,"Grady","Young","1960-03-10"),(211,"Katell","Wilkins","1966-07-09"),(212,"Hilary","English","1964-09-01"),(213,"Juliet","Sellers","1958-04-09"),(214,"Erasmus","Clark","1984-02-11"),(215,"Byron","Goodman","1999-08-16"),(216,"Lillith","Key","1959-08-21"),(217,"Darrel","Ross","1975-11-08"),(218,"Wylie","Lynch","1977-07-15"),(219,"Lionel","Tillman","1986-08-28"),(220,"Mohammad","Oneill","1964-08-31"),(221,"Elmo","Roman","1992-04-13"),(222,"Paula","Grant","1979-11-28"),(223,"Orson","Holland","1971-05-25"),(224,"Yoshio","Weeks","1983-12-17"),(225,"Driscoll","Mcneil","1959-05-18"),(226,"Robin","Mueller","1956-04-21"),(227,"Halla","Burks","1980-09-17"),(228,"Lunea","Fitzpatrick","1988-10-04"),(229,"Jana","Ballard","1957-12-17"),(230,"Vielka","Monroe","1993-10-12"),(231,"Clayton","Parks","1961-02-01"),(232,"Adrian","Sheppard","1983-10-19"),(233,"Marny","Mills","1961-08-26"),(234,"Ursa","Faulkner","1991-02-28"),(235,"Tanisha","French","1969-06-16"),(236,"Lester","Jacobs","2002-06-12"),(237,"Ciaran","Rush","1959-07-29"),(238,"Tara","Vaughan","1968-04-18"),(239,"Dominique","Robertson","1976-11-03"),(240,"Orson","Alford","1955-07-30"),(241,"Kirk","Boone","1991-10-14"),(242,"Harriet","Pate","1984-02-27"),(243,"Sonya","Hughes","1959-12-16"),(244,"Sydnee","Mckay","1982-07-13"),(245,"Sybil","Kelly","1997-09-10"),(246,"Xandra","Briggs","1981-08-10"),(247,"Mari","Armstrong","1973-06-28"),(248,"Claire","Velez","1987-05-27"),(249,"Bernard","Grant","1985-08-06"),(250,"Dexter","Butler","1976-12-09"),(251,"Holmes","Richards","1971-05-16"),(252,"Brett","Padilla","1992-09-07"),(253,"Cole","Pugh","1964-08-06"),(254,"Dillon","Patton","1964-01-27"),(255,"Tara","Trujillo","1987-03-01"),(256,"Sloane","Vang","1975-11-06"),(257,"Gwendolyn","Sanchez","1990-12-12"),(258,"Julian","Goff","1955-04-03"),(259,"Germaine","England","1980-05-01"),(260,"Rama","Castillo","1985-11-17"),(261,"Wing","Horton","1960-10-16"),(262,"Serena","Simmons","1963-06-28"),(263,"Jane","Price","1999-10-07"),(264,"Medge","William","2000-04-20"),(265,"Sade","Acosta","1966-12-07"),(266,"Julian","Kidd","1963-06-03"),(267,"Ciara","Talley","1965-06-26"),(268,"Nyssa","Daugherty","1974-11-05"),(269,"Madaline","Goodman","1966-07-01"),(270,"Britanney","Harrell","1979-11-28"),(271,"Zia","Perry","1988-10-01"),(272,"Dante","Mayer","1966-08-05"),(273,"Emery","Fuller","1982-07-24"),(274,"Miriam","Mccall","1992-06-26"),(275,"Kenyon","Hill","2001-12-27"),(276,"Lars","Dejesus","1966-05-13"),(277,"Quinn","Avery","1996-02-16"),(278,"David","Woodward","1994-03-27"),(279,"Aileen","Fleming","1996-02-27"),(280,"Velma","Kerr","1998-03-02"),(281,"Warren","Mccullough","1992-02-27"),(282,"Aubrey","Salazar","1970-12-09"),(283,"Shellie","Guerrero","1970-07-07"),(284,"Nayda","Holman","2000-07-01"),(285,"Caldwell","Maxwell","1977-07-09"),(286,"Upton","Lawson","2001-02-17"),(287,"Gay","Bradshaw","1968-01-21"),(288,"Timon","Ayers","1979-02-15"),(289,"Armand","Carney","1998-05-25"),(290,"Clinton","Gordon","1976-01-18"),(291,"Gil","Finch","1968-11-10"),(292,"Destiny","Leblanc","1999-05-20"),(293,"Elliott","Berg","1972-07-20"),(294,"Teagan","Kelly","1967-10-02"),(295,"Josiah","Calderon","1993-11-24"),(296,"Irene","Rollins","1981-08-29"),(297,"Lewis","Craft","1964-04-26"),(298,"Harriet","Montgomery","1978-02-28"),(299,"Flynn","Wilkins","1996-03-28"),(300,"Abraham","Richardson","2000-08-08");
INSERT INTO `customer` (`id`,`firstname`,`lastname`,`date_of_birth`) VALUES (301,"Meredith","Finch","1964-08-16"),(302,"Dawn","Johnson","1985-03-07"),(303,"Ahmed","Parks","1983-12-03"),(304,"Simone","Carson","2000-09-25"),(305,"Blair","Jensen","1987-05-12"),(306,"Micah","Farrell","1998-07-14"),(307,"Katell","Knight","2000-01-14"),(308,"Neville","Stanley","1992-03-24"),(309,"Kellie","Maynard","1975-09-14"),(310,"Aladdin","Boyd","1960-11-08"),(311,"Ima","King","1988-07-11"),(312,"Rooney","Stein","1988-08-29"),(313,"Whoopi","Bishop","1977-01-05"),(314,"Zane","Hudson","1999-02-17"),(315,"Lila","Gibbs","1962-12-23"),(316,"Nigel","Reeves","1988-06-07"),(317,"Tyler","Flowers","1973-08-23"),(318,"Samson","Jackson","1991-04-01"),(319,"Orlando","Craig","1969-11-06"),(320,"Mark","Martinez","1961-12-13"),(321,"Anthony","Kaufman","1981-04-05"),(322,"Cyrus","Macdonald","1967-09-07"),(323,"Keaton","Hickman","1986-10-26"),(324,"Natalie","Harper","1964-05-18"),(325,"Samuel","Medina","1969-12-24"),(326,"Kaseem","Durham","1982-07-27"),(327,"Farrah","Pope","1972-12-21"),(328,"Vance","Myers","1978-08-13"),(329,"Gil","Aguirre","1989-01-08"),(330,"Constance","Kirk","1979-07-25"),(331,"Jameson","Bridges","1988-09-03"),(332,"Herman","Moran","1958-04-17"),(333,"Carolyn","Hale","1958-03-03"),(334,"Stephanie","Chase","1990-10-17"),(335,"Wanda","Walls","1985-11-12"),(336,"Jackson","Ferguson","1961-09-27"),(337,"Maryam","Charles","1993-10-05"),(338,"Amela","Harrison","1957-01-30"),(339,"Garrett","Maynard","1979-03-23"),(340,"Chaney","Rasmussen","1960-02-20"),(341,"Juliet","Turner","1965-06-07"),(342,"Cassandra","Nielsen","1993-07-26"),(343,"Carson","Burt","2000-10-14"),(344,"Quail","Moran","1982-06-26"),(345,"India","Manning","1971-11-13"),(346,"Timon","Wilson","1986-06-12"),(347,"Wyoming","Knight","1960-06-18"),(348,"Ferris","Lott","1977-08-23"),(349,"Barrett","Clarke","1973-09-03"),(350,"Yael","Thompson","1975-10-22"),(351,"Arsenio","Ellis","1979-12-20"),(352,"Kasimir","Coffey","1957-04-28"),(353,"Eugenia","Mcintyre","1984-09-02"),(354,"Jessamine","Mendez","1969-07-01"),(355,"Graham","Pennington","2000-11-21"),(356,"Matthew","Oneal","1987-03-13"),(357,"Levi","Henry","1955-02-05"),(358,"Oliver","Stephenson","1998-05-15"),(359,"Aileen","Garcia","1987-07-02"),(360,"Basil","Conner","1977-12-17"),(361,"David","Casey","1978-12-21"),(362,"Leah","Kelley","1972-03-18"),(363,"Ariana","Stevenson","1991-04-05"),(364,"Madison","Rosario","1963-04-26"),(365,"Bevis","Jimenez","1963-06-08"),(366,"Xyla","Hensley","1965-11-15"),(367,"Herrod","Valdez","2002-03-14"),(368,"Bernard","Stark","1986-08-20"),(369,"Oren","Carver","1962-08-31"),(370,"Doris","Rutledge","1982-01-08"),(371,"Hu","Patrick","2001-11-11"),(372,"Griffin","Blanchard","1966-11-02"),(373,"Serena","Spence","1985-06-08"),(374,"Castor","Vance","1973-07-20"),(375,"Daniel","Bowen","1997-01-19"),(376,"Rhiannon","Maldonado","1977-12-17"),(377,"Zena","Hester","1990-09-24"),(378,"Leonard","Padilla","2002-11-13"),(379,"Reese","Rowland","1999-07-20"),(380,"Daria","House","1965-04-11"),(381,"Madaline","Mathews","1993-02-27"),(382,"Taylor","Holt","1965-02-26"),(383,"Cedric","Thornton","1977-12-23"),(384,"May","Anthony","1996-03-13"),(385,"Zelda","Dorsey","1981-04-28"),(386,"Aladdin","Wiley","1958-04-29"),(387,"Hanna","Morris","1973-06-22"),(388,"Dustin","Melendez","1978-08-26"),(389,"Kendall","Caldwell","1989-11-23"),(390,"Juliet","Ingram","1985-03-22"),(391,"Erin","Flowers","1985-11-13"),(392,"Fitzgerald","Solomon","1982-03-09"),(393,"Edward","Montgomery","1995-05-21"),(394,"Carolyn","Sellers","1970-01-08"),(395,"Daria","Ruiz","1962-07-07"),(396,"Brenna","Gross","1973-07-23"),(397,"Mercedes","Lowery","1985-10-11"),(398,"Hilda","Perry","1985-04-28"),(399,"Joseph","Powell","1983-06-26"),(400,"Magee","Schwartz","1991-09-14");
INSERT INTO `customer` (`id`,`firstname`,`lastname`,`date_of_birth`) VALUES (401,"Cynthia","Pittman","1955-03-29"),(402,"Eden","Munoz","1982-03-14"),(403,"Levi","Craig","1976-04-28"),(404,"Yuri","Mann","1958-02-27"),(405,"Lucy","Ray","1970-09-01"),(406,"Gregory","Melton","1955-11-15"),(407,"Leah","Graham","1971-03-01"),(408,"Joelle","Weaver","1994-03-08"),(409,"Linda","Sharp","1975-05-30"),(410,"Candace","Moreno","1982-02-07"),(411,"Mary","Watson","1986-05-12"),(412,"Kristen","Ramirez","1991-11-23"),(413,"Nasim","Skinner","1968-09-12"),(414,"Sandra","Decker","1986-07-16"),(415,"Kimberley","Justice","1966-07-12"),(416,"Brandon","Mcdaniel","1993-05-31"),(417,"McKenzie","Gallagher","1990-08-09"),(418,"Gwendolyn","Pacheco","2002-03-21"),(419,"Wade","Green","2001-06-19"),(420,"Charlotte","Walls","2000-12-13"),(421,"Asher","Curry","1993-11-01"),(422,"Kamal","Wright","1973-07-27"),(423,"Tyler","Malone","1955-05-16"),(424,"Stewart","Travis","1974-06-12"),(425,"Serina","Olson","1974-08-22"),(426,"Ursa","Fox","1971-08-02"),(427,"Jamalia","Parrish","1988-09-19"),(428,"Chandler","Fields","1981-08-18"),(429,"Quon","Blake","1980-10-23"),(430,"Kenyon","Holloway","1960-12-30"),(431,"Dahlia","Reeves","1982-02-22"),(432,"Ursula","Mendez","1967-04-20"),(433,"Chester","Ellis","1980-11-27"),(434,"Mira","Jefferson","1982-06-10"),(435,"Joelle","Short","1990-06-24"),(436,"Courtney","Orr","1971-10-02"),(437,"Magee","Shepard","1999-08-09"),(438,"Sophia","Duncan","1999-12-14"),(439,"April","Fletcher","1974-04-03"),(440,"Urielle","Raymond","1963-01-05"),(441,"Azalia","Lyons","1981-07-31"),(442,"John","Bradshaw","1977-10-10"),(443,"Chiquita","Pugh","1955-07-23"),(444,"Nissim","Sims","1964-02-21"),(445,"Camden","James","1959-05-13"),(446,"Echo","Pugh","1977-02-22"),(447,"Zoe","Nielsen","1969-01-21"),(448,"Xantha","Hester","2000-10-15"),(449,"Shelley","Duffy","1972-05-28"),(450,"Colton","Fitzgerald","1997-09-17"),(451,"Scarlett","Goodman","1988-03-29"),(452,"Eliana","Harrington","1993-01-15"),(453,"Alma","Barnett","1961-02-23"),(454,"Jaquelyn","Hall","1992-10-19"),(455,"Kane","Watson","1959-06-29"),(456,"Taylor","Cummings","1992-03-24"),(457,"Sylvester","Atkins","1966-05-15"),(458,"Regan","Charles","1970-12-31"),(459,"Sydney","Lang","1962-08-01"),(460,"Rhona","Barron","1956-11-10"),(461,"Ivy","Fisher","1975-02-21"),(462,"Kamal","Joyce","1972-10-27"),(463,"Samson","Wilkinson","1965-08-07"),(464,"Brynn","Mccullough","1959-08-19"),(465,"Gretchen","Whitney","1961-07-30"),(466,"Conan","Humphrey","1955-05-22"),(467,"Fiona","Berry","1971-09-16"),(468,"Ima","Lawrence","1994-01-12"),(469,"Meredith","Wilcox","1982-05-04"),(470,"Sigourney","Roth","1975-11-08"),(471,"Dylan","Stone","1978-03-25"),(472,"Hunter","Payne","1971-10-04"),(473,"Tatiana","Norton","1969-09-09"),(474,"Camilla","Daniels","1982-02-27"),(475,"Kuame","Nieves","1989-12-23"),(476,"Elton","Ortiz","1973-11-10"),(477,"Erich","Wooten","1980-05-23"),(478,"Gabriel","Hurley","1982-11-08"),(479,"Devin","Crawford","1989-09-13"),(480,"Fatima","Olson","1986-02-25"),(481,"Iona","Knox","1983-11-02"),(482,"Stephanie","Stewart","1962-06-24"),(483,"Chantale","Carpenter","1967-12-23"),(484,"Candice","Pierce","1965-10-22"),(485,"Ima","Bryan","1971-11-24"),(486,"Malik","Wilkerson","1967-04-08"),(487,"Margaret","Shields","1997-01-09"),(488,"Melodie","Alvarado","1955-01-26"),(489,"Tana","Maddox","1969-09-14"),(490,"Anthony","Mendez","1981-08-22"),(491,"Ainsley","Payne","1955-10-14"),(492,"Maya","Baird","1992-01-29"),(493,"Blair","Vazquez","1973-11-13"),(494,"Darryl","Mcdonald","1998-02-12"),(495,"Blaze","Silva","1959-08-09"),(496,"Jonah","Calhoun","1986-11-01"),(497,"Lee","Hurley","1960-03-01"),(498,"Kylynn","Green","1968-05-01"),(499,"Leandra","Cobb","1989-09-10"),(500,"Nevada","Romero","1978-12-07");
INSERT INTO `customer` (`id`,`firstname`,`lastname`,`date_of_birth`) VALUES (501,"Alana","Larson","1974-03-28"),(502,"Mason","Mcgowan","1977-07-23"),(503,"Indira","Mills","1976-07-20"),(504,"Barry","Hinton","1955-07-04"),(505,"Vivien","Stark","1970-11-21"),(506,"Marcia","Meyers","1974-02-16"),(507,"Kirk","Daugherty","1988-11-06"),(508,"Stephanie","Kidd","1966-06-11"),(509,"Merritt","Crosby","1984-05-07"),(510,"Aladdin","Hayes","1961-12-17"),(511,"Stella","Henson","1956-02-20"),(512,"Mannix","Woodward","1971-02-09"),(513,"Wesley","Berger","1984-01-05"),(514,"Jescie","Hughes","1999-03-24"),(515,"Igor","Sloan","1990-12-14"),(516,"Kitra","Macdonald","1989-03-18"),(517,"Damian","Drake","1989-11-10"),(518,"Anne","Delgado","1990-10-11"),(519,"Justina","Dorsey","1979-12-23"),(520,"Zephania","Fitzpatrick","1977-01-27"),(521,"Sage","Sullivan","1974-03-18"),(522,"Tara","Burke","1985-09-19"),(523,"Edan","Ortiz","1964-09-01"),(524,"Nero","Clay","1998-07-19"),(525,"Alisa","Dotson","1989-08-21"),(526,"Illana","Roach","2001-03-19"),(527,"Akeem","Baldwin","1985-04-28"),(528,"Amal","Gonzalez","1981-12-31"),(529,"Octavius","Berry","1975-11-07"),(530,"Hunter","Pitts","1980-05-20"),(531,"Grace","Lynn","1988-04-14"),(532,"Martena","Washington","1969-07-24"),(533,"Elvis","Ortiz","1981-05-19"),(534,"Magee","Sellers","1971-04-15"),(535,"Gary","Dunlap","1974-11-27"),(536,"Herrod","Pearson","1988-01-24"),(537,"Wylie","Short","1968-04-27"),(538,"Cally","Trujillo","1966-03-14"),(539,"Denise","Summers","2000-08-05"),(540,"Yasir","Wilson","1994-12-16"),(541,"Paul","Mullen","1975-08-10"),(542,"Sydney","Crane","2001-10-22"),(543,"Faith","Griffin","1986-02-03"),(544,"Emerald","Mercado","1980-04-08"),(545,"Germane","Vasquez","1965-11-24"),(546,"Reuben","Marquez","1995-03-14"),(547,"Abigail","Alston","1956-04-25"),(548,"Constance","Mendoza","1978-06-26"),(549,"Mufutau","Hansen","1979-05-26"),(550,"Noble","Mcpherson","1995-09-22"),(551,"Xantha","Irwin","1988-07-16"),(552,"Laith","Fields","1982-02-24"),(553,"Nerea","Bullock","1957-01-20"),(554,"Maile","Hahn","1981-12-04"),(555,"Keefe","Spence","1975-10-05"),(556,"Marah","Morton","1968-09-15"),(557,"Angelica","Peck","1978-04-26"),(558,"Zeph","Russell","1959-01-02"),(559,"Adena","Moore","1971-11-14"),(560,"Charde","Butler","1990-10-15"),(561,"Ira","Kelley","1980-05-23"),(562,"Vera","Hinton","1991-06-19"),(563,"Zephr","Cash","1985-02-13"),(564,"Peter","Burke","1965-11-09"),(565,"Mollie","Kline","1974-12-02"),(566,"Sylvia","Mcneil","1959-10-10"),(567,"Dominique","Summers","1981-07-14"),(568,"Cynthia","Anthony","1967-02-18"),(569,"Kitra","Sparks","1992-04-04"),(570,"Raymond","Campbell","1958-03-29"),(571,"Madison","Willis","1986-01-31"),(572,"Scott","Hyde","1968-09-08"),(573,"Leigh","Albert","1993-04-20"),(574,"Herman","Kim","1964-01-18"),(575,"Ashely","Cooley","1997-08-30"),(576,"Murphy","Cherry","2001-04-13"),(577,"Zia","Mills","1989-04-26"),(578,"Jana","Norman","1964-08-24"),(579,"Arsenio","Vance","1973-11-21"),(580,"Kalia","Suarez","1986-04-07"),(581,"Eagan","Payne","1971-04-24"),(582,"Geraldine","Turner","1967-11-18"),(583,"Jessica","Holt","1992-04-29"),(584,"Barclay","Ray","1986-07-24"),(585,"Taylor","Rice","1961-09-19"),(586,"Hayes","Graves","1971-12-31"),(587,"Darrel","King","1979-04-04"),(588,"Arden","Leon","1990-08-23"),(589,"Stephanie","Cannon","2002-03-17"),(590,"Tyler","Holloway","1978-12-19"),(591,"Katell","Lang","1959-10-26"),(592,"Illiana","Barton","1955-12-03"),(593,"Giselle","Woodard","1970-10-09"),(594,"Octavius","Love","1994-12-31"),(595,"Victoria","Burris","1987-03-01"),(596,"Casey","Beck","1996-09-12"),(597,"Meredith","Odonnell","1984-08-05"),(598,"Amena","Cochran","1990-08-23"),(599,"Velma","Manning","1976-04-09"),(600,"Macaulay","Harrison","1991-10-21");
INSERT INTO `customer` (`id`,`firstname`,`lastname`,`date_of_birth`) VALUES (601,"Steven","Barber","1965-10-13"),(602,"Cain","Garcia","1998-01-10"),(603,"Drake","Mcconnell","1983-05-07"),(604,"Colin","Ewing","1957-03-01"),(605,"Serina","Joyce","1959-01-13"),(606,"Shea","Moreno","1982-01-17"),(607,"Paki","Bond","1966-11-28"),(608,"Walker","Wallace","1968-05-25"),(609,"Indira","Kirby","1981-05-26"),(610,"Nita","Burnett","1961-05-20"),(611,"Carolyn","Ballard","1975-05-14"),(612,"Brianna","Herrera","1973-01-06"),(613,"Lucy","Richards","1956-04-05"),(614,"Colby","Guerrero","1985-06-07"),(615,"Avye","Beck","1985-08-11"),(616,"Tiger","Gibson","1958-08-20"),(617,"Lucian","Cabrera","1965-07-22"),(618,"Dominic","Nichols","1991-06-07"),(619,"Zephr","Jacobson","2001-09-24"),(620,"Keith","Head","1976-01-23"),(621,"Cooper","Schwartz","1984-01-28"),(622,"Odysseus","Ryan","1985-12-17"),(623,"Wing","Cabrera","1983-10-12"),(624,"Abdul","Farrell","1991-09-16"),(625,"Guy","Fischer","1997-11-10"),(626,"Kennedy","Davenport","1997-08-21"),(627,"Ahmed","Stevens","1964-12-10"),(628,"Pearl","Fitzgerald","1973-10-17"),(629,"Shaine","Franklin","1980-03-06"),(630,"Laith","Zamora","1995-05-30"),(631,"Clinton","Martin","1984-10-05"),(632,"Clarke","Abbott","1996-10-16"),(633,"Hiram","Guzman","1987-04-01"),(634,"Kieran","Clemons","1958-04-10"),(635,"Alan","Mccarty","1963-08-14"),(636,"Dora","Oneal","1995-02-21"),(637,"Noelani","Dale","1963-01-26"),(638,"Paki","Bruce","1962-01-26"),(639,"Sarah","Jennings","1961-02-20"),(640,"Samantha","Greer","1979-12-27"),(641,"Xyla","Ballard","1972-02-09"),(642,"Jane","Fry","1998-09-26"),(643,"Alana","Maddox","1967-11-23"),(644,"Aline","Fuller","1966-11-11"),(645,"Bradley","Sanford","1964-04-14"),(646,"Vivian","Holmes","2002-09-09"),(647,"Karina","Cooley","1976-08-14"),(648,"Jayme","Good","1968-08-26"),(649,"Caleb","Reilly","1979-02-22"),(650,"Susan","Love","1966-08-26"),(651,"Lilah","Mathews","1969-01-29"),(652,"Forrest","Carlson","1982-04-11"),(653,"Drake","Harrington","1994-03-08"),(654,"Chase","Fox","2002-05-17"),(655,"Alec","Lloyd","1980-09-10"),(656,"Gavin","Figueroa","1983-07-01"),(657,"Carissa","Stevenson","1986-06-16"),(658,"Judah","Martin","1978-09-17"),(659,"Chava","Levy","1964-09-08"),(660,"Brandon","Pugh","1986-05-03"),(661,"Micah","Rowland","1985-04-10"),(662,"Allegra","Higgins","1994-11-24"),(663,"Shana","Singleton","1996-09-01"),(664,"Jaden","Anthony","1998-08-30"),(665,"Joshua","Pennington","1985-12-10"),(666,"Ayanna","Calhoun","1979-05-01"),(667,"Althea","Mcdowell","1997-06-16"),(668,"Harding","Dillard","2000-02-12"),(669,"Blythe","Atkinson","2000-12-07"),(670,"Noelani","Pollard","1978-04-28"),(671,"Beau","Russell","1964-11-23"),(672,"David","Hubbard","1966-08-04"),(673,"Allen","Rose","1960-06-16"),(674,"Isabella","Serrano","2001-01-10"),(675,"Sarah","Baird","1979-03-15"),(676,"Castor","Hays","1965-04-09"),(677,"Abbot","Rosario","1956-07-08"),(678,"William","Shaffer","1955-09-26"),(679,"Armand","Bell","1963-03-14"),(680,"Nissim","Gonzales","1991-12-30"),(681,"Bernard","Workman","1977-10-27"),(682,"Maxwell","Dejesus","1996-07-20"),(683,"Holly","Barr","1961-04-04"),(684,"Jolene","Sheppard","1963-01-28"),(685,"Angelica","Giles","1974-10-14"),(686,"Griffith","Harvey","1996-03-12"),(687,"Myra","Cameron","1962-05-16"),(688,"Nerea","Brooks","1983-02-07"),(689,"Zia","Lewis","1977-02-06"),(690,"Rosalyn","Buchanan","1960-01-01"),(691,"McKenzie","Castro","1978-08-20"),(692,"Kirby","Cobb","2000-10-03"),(693,"Carla","Swanson","1977-12-06"),(694,"Quyn","Crawford","1989-08-10"),(695,"Catherine","Huff","1968-03-16"),(696,"Raya","Patel","1995-01-24"),(697,"Lenore","Wood","1981-09-07"),(698,"Sylvester","Morrison","1974-09-30"),(699,"Ezekiel","Joyner","1966-10-22"),(700,"Guy","Rogers","2002-10-23");
INSERT INTO `customer` (`id`,`firstname`,`lastname`,`date_of_birth`) VALUES (701,"Jillian","Valenzuela","1959-07-15"),(702,"Julie","Hoover","1979-09-06"),(703,"Malachi","Espinoza","1997-02-03"),(704,"Hedda","Edwards","2000-03-19"),(705,"Mari","Boyd","1986-02-04"),(706,"Juliet","Buck","1979-04-26"),(707,"Duncan","Mclaughlin","2001-02-25"),(708,"Serena","Meyer","1994-12-25"),(709,"Laith","Mays","1979-09-25"),(710,"Kylynn","Anderson","1976-04-28"),(711,"Erasmus","Wong","1969-07-04"),(712,"Ishmael","Hayden","1968-09-21"),(713,"Kirk","Curtis","1969-06-10"),(714,"Russell","Bishop","1999-06-06"),(715,"Grant","Mcmahon","1970-08-07"),(716,"Malcolm","Clemons","1978-11-12"),(717,"Jin","Dillon","1983-07-24"),(718,"Addison","Cabrera","1986-06-07"),(719,"Rogan","Burt","1977-09-23"),(720,"Gretchen","Evans","1993-11-22"),(721,"Hermione","Booth","1972-11-14"),(722,"Rae","Fleming","1962-04-18"),(723,"Hector","Jarvis","1987-02-22"),(724,"Jordan","Kerr","1975-07-01"),(725,"Jena","Olsen","1963-10-26"),(726,"Alika","Lang","1995-12-29"),(727,"Naomi","Mckay","1961-11-05"),(728,"Cally","Savage","1970-12-17"),(729,"Wynter","Whitney","1968-07-21"),(730,"Irma","Rivers","1997-01-17"),(731,"Abbot","Morris","1964-11-13"),(732,"Alice","Hines","1957-08-05"),(733,"Hiroko","Meadows","1963-08-20"),(734,"Isaiah","Leblanc","1984-01-31"),(735,"Armand","Calhoun","1963-02-11"),(736,"Wyoming","Cooley","1962-08-21"),(737,"Hilda","Dominguez","1976-11-21"),(738,"Gloria","Sheppard","1977-03-28"),(739,"Jayme","Dale","1971-10-26"),(740,"Neville","Petersen","1964-11-10"),(741,"Candace","Donaldson","1982-04-30"),(742,"Mikayla","Kelley","1996-03-17"),(743,"Hedwig","Steele","1976-07-12"),(744,"Winifred","Mendoza","1970-11-28"),(745,"Chase","Schwartz","1974-11-13"),(746,"Keely","Nunez","1996-02-24"),(747,"Mara","Huff","1999-06-06"),(748,"Natalie","Schroeder","1969-05-24"),(749,"Myles","Kirkland","1989-11-15"),(750,"Nita","Stephenson","1957-07-24"),(751,"Colin","Beasley","1979-08-28"),(752,"Cain","Wall","1963-06-23"),(753,"James","Simon","1964-06-01"),(754,"Phelan","Conley","1962-03-06"),(755,"TaShya","Mckenzie","1956-07-01"),(756,"Uriel","Blanchard","1966-08-08"),(757,"Paul","Burton","1980-08-11"),(758,"Uriah","Shannon","1993-11-29"),(759,"Cheyenne","Nielsen","1992-08-15"),(760,"Ria","Mathis","1965-05-07"),(761,"Jarrod","Mccarty","1977-08-22"),(762,"Odessa","Craft","1996-01-22"),(763,"Skyler","Melendez","2001-02-13"),(764,"Uta","Vang","2001-03-05"),(765,"Nerea","Day","1991-09-27"),(766,"Maryam","Thornton","1986-02-20"),(767,"Melanie","Baird","1975-08-16"),(768,"Aristotle","Ratliff","1961-10-30"),(769,"Shellie","Fernandez","1966-05-02"),(770,"Baker","Trevino","1984-01-12"),(771,"Vladimir","Soto","1990-07-25"),(772,"Rowan","Mckenzie","1976-03-04"),(773,"Britanni","Horn","1987-01-15"),(774,"Kennedy","Olsen","1982-10-10"),(775,"Shelly","Dominguez","1973-04-15"),(776,"Mariam","Donovan","1966-12-13"),(777,"Kelsey","Sharpe","1978-12-06"),(778,"India","Hebert","1992-11-17"),(779,"Eliana","Fleming","1997-02-09"),(780,"Hedda","Mccarthy","1959-11-04"),(781,"Murphy","Mclean","1978-04-19"),(782,"Sopoline","Dixon","1969-08-09"),(783,"Pandora","Durham","1960-06-22"),(784,"Blair","Hancock","1986-03-21"),(785,"Amir","Shepard","1963-09-17"),(786,"Kaden","Crawford","1997-03-29"),(787,"Delilah","Reid","1979-12-14"),(788,"Marvin","Pollard","1981-08-23"),(789,"Dara","Salinas","1968-01-16"),(790,"Chester","May","1982-02-09"),(791,"Timon","Mack","1980-05-25"),(792,"Jelani","Ryan","1987-12-25"),(793,"Jamal","Perez","1990-01-19"),(794,"Nasim","Savage","1961-08-17"),(795,"Len","Giles","1972-09-01"),(796,"Arthur","Lowery","1983-05-02"),(797,"Nigel","Carpenter","1989-03-01"),(798,"Naida","Rich","1980-10-13"),(799,"Alfreda","Nixon","1976-09-28"),(800,"Kennedy","Peterson","1990-10-07");
INSERT INTO `customer` (`id`,`firstname`,`lastname`,`date_of_birth`) VALUES (801,"Rose","Reyes","1968-06-11"),(802,"Xanthus","Leblanc","1957-07-17"),(803,"Jeremy","Sheppard","1993-07-26"),(804,"Christian","Conrad","1984-10-20"),(805,"Jillian","Howell","1973-12-06"),(806,"Berk","Morrison","1996-04-30"),(807,"Alice","Schultz","1972-09-06"),(808,"Simone","Aguilar","1999-09-05"),(809,"Kay","Mcintosh","1960-01-30"),(810,"Curran","Raymond","1982-06-17"),(811,"Pandora","Witt","1968-07-04"),(812,"Dale","Clements","1993-03-06"),(813,"Illana","Fulton","1996-04-12"),(814,"Shellie","Wiley","1986-09-12"),(815,"James","Mcleod","1988-09-27"),(816,"Sonia","Kramer","1992-12-22"),(817,"Indira","Hicks","1995-08-11"),(818,"TaShya","Murphy","2000-09-07"),(819,"Stone","Todd","1966-04-14"),(820,"Melvin","Mcfarland","1983-06-06"),(821,"Karina","Barrett","1978-06-29"),(822,"Scott","Carter","1981-11-25"),(823,"Murphy","Farmer","1984-12-31"),(824,"Desirae","Welch","1966-09-20"),(825,"Scarlet","Hays","1955-02-02"),(826,"Ulysses","Cameron","1977-10-31"),(827,"Piper","Mccarthy","1962-08-19"),(828,"Rashad","Britt","1992-09-16"),(829,"Jeremy","Robinson","1982-01-24"),(830,"Brock","Torres","1956-08-07"),(831,"Sarah","Freeman","1996-11-09"),(832,"Breanna","Bright","1984-06-15"),(833,"Eden","Bruce","1981-11-08"),(834,"Magee","Lyons","1977-05-13"),(835,"Gloria","Hutchinson","1987-06-05"),(836,"Paula","Lopez","1955-08-12"),(837,"Margaret","Tran","1988-05-11"),(838,"Alec","Bates","1958-10-04"),(839,"Brooke","Stevens","1968-07-14"),(840,"Kennedy","Walsh","1956-10-20"),(841,"Asher","Conley","1993-06-04"),(842,"Stephen","Walker","2000-10-21"),(843,"Kelly","Oliver","1984-12-23"),(844,"Rhiannon","Blackburn","1991-03-31"),(845,"Trevor","Meyer","1976-10-28"),(846,"Reece","Singleton","1992-02-10"),(847,"Madison","Morrow","1964-12-27"),(848,"Curran","Carney","1967-04-11"),(849,"Ifeoma","Moore","1968-08-08"),(850,"Chastity","Ewing","1973-10-31"),(851,"Knox","Thomas","1969-10-21"),(852,"Pascale","Armstrong","1966-12-20"),(853,"Ulysses","Adams","1973-02-28"),(854,"Candice","Fleming","1993-02-01"),(855,"Gavin","Justice","1986-11-22"),(856,"Dieter","Bradford","1964-01-26"),(857,"April","Velez","1981-08-26"),(858,"Xavier","Thompson","1955-11-26"),(859,"Patrick","Gallegos","1958-09-04"),(860,"Adria","Knapp","2002-10-19"),(861,"Imelda","Silva","1967-09-11"),(862,"Audrey","Spears","2002-11-29"),(863,"Amena","Galloway","1998-12-06"),(864,"Stephanie","Maxwell","1970-11-01"),(865,"Lydia","Bridges","1965-01-27"),(866,"May","Bullock","1983-10-21"),(867,"Hadley","Pennington","1977-06-22"),(868,"Nehru","Le","1985-07-04"),(869,"Rae","Roberson","2001-07-15"),(870,"Hilda","Mueller","1981-05-02"),(871,"Violet","Gentry","1966-04-21"),(872,"Craig","Cabrera","1979-08-20"),(873,"Shana","Cox","1992-03-01"),(874,"Mariko","Gill","1957-10-01"),(875,"Joseph","Burke","1958-06-11"),(876,"Quyn","Stein","1960-09-12"),(877,"Camilla","Raymond","1980-07-14"),(878,"Julie","Hodge","1955-08-28"),(879,"Azalia","Slater","1988-06-08"),(880,"Jaden","Price","1987-03-27"),(881,"Alan","Hines","1984-11-21"),(882,"Silas","Lawson","1964-07-04"),(883,"Desirae","Pratt","1983-10-13"),(884,"Cassidy","Eaton","1997-03-24"),(885,"Ori","Maddox","1992-05-07"),(886,"Erasmus","Phillips","1968-08-14"),(887,"Kenyon","Murray","1991-09-20"),(888,"Lionel","Moss","1967-12-17"),(889,"Rana","Ramirez","1987-07-27"),(890,"Ray","Fuller","1959-01-09"),(891,"Neville","Chaney","1989-10-27"),(892,"Jena","Mueller","1966-08-27"),(893,"Laurel","Cannon","1981-05-25"),(894,"Barclay","Avila","2001-10-24"),(895,"Lesley","Soto","1995-05-28"),(896,"Rogan","Rowland","1958-11-28"),(897,"Price","Sanchez","1990-10-29"),(898,"Orli","Morse","1991-10-13"),(899,"Xena","Roberson","1985-06-23"),(900,"Bianca","Guerrero","1975-04-29");
INSERT INTO `customer` (`id`,`firstname`,`lastname`,`date_of_birth`) VALUES (901,"Marvin","Charles","1965-07-30"),(902,"Wallace","Bauer","1987-01-18"),(903,"Ella","Ramirez","1979-05-17"),(904,"Georgia","Key","1964-08-25"),(905,"Silas","Boyle","1973-10-06"),(906,"Elliott","Sanford","1986-03-05"),(907,"Amir","Heath","1957-11-09"),(908,"Tanner","Peck","2002-09-02"),(909,"Melinda","Underwood","1960-10-27"),(910,"Wilma","Madden","1998-12-26"),(911,"Wesley","Suarez","1963-07-17"),(912,"Galena","Weber","1968-04-02"),(913,"Iris","Rodgers","1996-05-20"),(914,"Kennedy","Freeman","1976-12-02"),(915,"Ivory","Warner","1966-03-31"),(916,"Lillian","Knight","1976-03-24"),(917,"David","Forbes","1975-08-21"),(918,"Brooke","Holloway","1972-10-12"),(919,"Gannon","Clemons","1972-06-26"),(920,"Blaze","York","1974-10-28"),(921,"Ignacia","Warner","1983-12-22"),(922,"MacKenzie","Bates","1995-11-09"),(923,"Adria","Moody","2001-12-08"),(924,"Jack","Lopez","1984-05-22"),(925,"Clarke","Lowery","1964-04-16"),(926,"Rebecca","Clay","1962-06-16"),(927,"Norman","Leach","1995-03-10"),(928,"Xander","Patrick","1989-05-29"),(929,"Brenden","Good","1968-12-27"),(930,"Ethan","Logan","1970-10-21"),(931,"Calvin","Ewing","1956-01-10"),(932,"Winifred","Le","1993-05-19"),(933,"Imelda","Wolfe","1962-05-26"),(934,"Tobias","Shaw","1996-10-27"),(935,"Orlando","Petersen","1988-07-18"),(936,"Jerome","Erickson","1981-10-19"),(937,"Wayne","Dodson","1998-09-11"),(938,"Driscoll","Brown","1956-06-22"),(939,"Brynne","Hayden","1967-08-16"),(940,"Basia","Peterson","1967-04-18"),(941,"Christine","Frost","1983-04-23"),(942,"Ivy","Collier","1991-05-28"),(943,"Lana","Barker","1973-04-03"),(944,"Magee","Powell","1971-09-19"),(945,"Ginger","Byrd","1990-10-22"),(946,"Christian","Glover","1959-07-15"),(947,"Stuart","Hendricks","1982-09-27"),(948,"Edward","Woods","1976-01-13"),(949,"Olga","Dalton","1988-11-28"),(950,"Zahir","Maxwell","1970-08-20"),(951,"Felicia","Glass","1982-12-24"),(952,"Chava","Newton","2000-02-16"),(953,"Kai","Robinson","1968-05-04"),(954,"Holly","Johnston","2002-05-12"),(955,"Honorato","Riddle","1993-05-07"),(956,"Jennifer","Ramsey","2000-01-21"),(957,"Solomon","Chambers","2000-05-03"),(958,"Hanna","Holman","1968-06-07"),(959,"Kermit","Spencer","1988-03-10"),(960,"Darius","Suarez","1980-04-15"),(961,"Palmer","Young","1977-02-12"),(962,"Lynn","Underwood","1977-06-26"),(963,"Raya","Barber","2001-02-05"),(964,"Cameron","Allen","1993-09-18"),(965,"Jaquelyn","Bowers","1982-12-28"),(966,"Igor","Lambert","1956-09-08"),(967,"Deirdre","Mcintosh","1957-04-10"),(968,"Linda","Wall","1987-02-19"),(969,"Katelyn","Freeman","1964-11-13"),(970,"Fulton","Quinn","1975-07-10"),(971,"Kaye","Kerr","2000-05-25"),(972,"Alisa","Stein","1986-08-20"),(973,"Shannon","Chapman","1980-03-19"),(974,"Shad","Wilder","1971-04-05"),(975,"Branden","Meadows","1966-07-18"),(976,"Stacy","Wilkinson","1970-11-03"),(977,"Charlotte","Watts","1978-08-25"),(978,"Quyn","Fry","1986-06-23"),(979,"Jaime","Mccormick","1984-09-28"),(980,"Mark","Reilly","1961-12-15"),(981,"Igor","Kemp","1998-10-13"),(982,"Stewart","Cunningham","1959-01-19"),(983,"Calista","Hunter","1959-10-01"),(984,"Lani","Ellison","1998-01-20"),(985,"Solomon","Arnold","1960-06-08"),(986,"Orli","Humphrey","2001-05-05"),(987,"Shellie","Spears","1992-09-23"),(988,"Amena","Mooney","1987-12-11"),(989,"Genevieve","Garrison","1993-02-25"),(990,"Mara","Landry","1966-04-23"),(991,"Zephania","Roberson","1959-10-24"),(992,"Montana","Potts","1965-05-13"),(993,"Jack","Chambers","1963-12-19"),(994,"Meghan","Fields","1971-12-22"),(995,"Henry","Bonner","2000-08-31"),(996,"Igor","Mays","2000-11-26"),(997,"Zephr","Dyer","2001-12-29"),(998,"Mariko","Washington","1983-09-10"),(999,"Indigo","Houston","1966-08-27"),(1000,"Xenos","Sutton","1955-07-14");
INSERT INTO `customer` (`id`,`firstname`,`lastname`,`date_of_birth`) VALUES (1001,"Nichole","Singleton","1985-04-17"),(1002,"Medge","Gill","1964-02-11"),(1003,"Tana","Nguyen","1977-02-02"),(1004,"Shelby","Ramsey","1960-10-24"),(1005,"Helen","Whitehead","1986-06-22"),(1006,"Kelly","Walton","1986-11-26"),(1007,"Macaulay","Fuller","1971-10-14"),(1008,"Darrel","Dennis","1959-03-22"),(1009,"Ahmed","Snow","1997-05-24"),(1010,"Shay","Harrison","1970-12-06"),(1011,"Illana","Byrd","1986-03-10"),(1012,"Ori","Neal","1965-09-22"),(1013,"Baker","Harrison","1967-06-27"),(1014,"Maia","Wong","1989-04-24"),(1015,"Jasper","Shepard","1964-03-03"),(1016,"Maris","Perry","1973-03-28"),(1017,"Hermione","Reed","1973-01-02"),(1018,"Gwendolyn","Burnett","2000-05-02"),(1019,"Chase","Kelley","1983-12-05"),(1020,"Brenna","Buckley","1959-03-08"),(1021,"Hermione","Molina","1972-02-12"),(1022,"Hedwig","Mays","2002-06-07"),(1023,"Stuart","Hess","1989-02-26"),(1024,"Genevieve","Frederick","1992-09-05"),(1025,"Madonna","Mccray","1987-01-21"),(1026,"Lionel","Mooney","1977-01-24"),(1027,"Amity","Patton","1988-07-17"),(1028,"Nissim","Rojas","1975-03-15"),(1029,"Raya","Barrera","1961-03-06"),(1030,"Guy","Lucas","1976-09-22"),(1031,"Ima","Mcdowell","1997-07-07"),(1032,"Samuel","Riggs","1997-04-17"),(1033,"Jameson","Marsh","1981-09-22"),(1034,"Harrison","Carr","1963-10-14"),(1035,"Addison","Fulton","1960-05-10"),(1036,"Victoria","Baxter","1996-05-30"),(1037,"Jaime","Howe","1955-01-21"),(1038,"Quyn","Gaines","1958-11-11"),(1039,"Alan","Luna","1967-12-23"),(1040,"Maris","Bennett","1993-01-16"),(1041,"Brooke","Flowers","1957-10-30"),(1042,"Yen","Mckinney","1959-10-10"),(1043,"Martha","Barlow","1960-11-08"),(1044,"Calista","Herman","1998-08-30"),(1045,"Cherokee","Robbins","1996-07-04"),(1046,"Ryan","Merrill","1958-11-19"),(1047,"Orla","Larsen","2002-01-11"),(1048,"Ignatius","Weiss","2000-12-26"),(1049,"Kennan","Zamora","1983-08-21"),(1050,"Melodie","Mendez","1960-03-22"),(1051,"Hillary","Newman","1983-07-26"),(1052,"Brenda","Burt","1968-11-12"),(1053,"Dawn","Walton","1986-01-28"),(1054,"Venus","Flynn","1983-03-25"),(1055,"Brennan","Sandoval","1976-12-04"),(1056,"Hoyt","Gibson","1960-06-16"),(1057,"Kasper","Sykes","1985-12-01"),(1058,"Kenneth","Padilla","2001-11-27"),(1059,"Dai","Zimmerman","1969-08-30"),(1060,"Gisela","Parsons","1998-09-07"),(1061,"Aline","Swanson","1956-04-25"),(1062,"Cade","Olson","1977-03-12"),(1063,"Tyler","Lucas","1994-05-22"),(1064,"Dana","Stevenson","1960-05-13"),(1065,"Ciaran","Rasmussen","2001-02-27"),(1066,"Aladdin","Castro","1968-01-23"),(1067,"Imogene","Calderon","1970-08-01"),(1068,"Adena","Carrillo","1979-06-21"),(1069,"Mia","Deleon","1959-11-25"),(1070,"Owen","Langley","1987-07-04"),(1071,"Dean","Ingram","1967-08-08"),(1072,"Kellie","Ball","2000-07-17"),(1073,"Caldwell","Black","1990-06-10"),(1074,"Hedley","Patrick","1998-03-25"),(1075,"Alan","Estes","1975-08-24"),(1076,"Flavia","Weaver","1976-01-26"),(1077,"Casey","Giles","1999-12-07"),(1078,"Kerry","Stanton","1976-06-04"),(1079,"Mira","Hawkins","1969-09-20"),(1080,"Owen","Irwin","1971-02-03"),(1081,"Zia","Ewing","1988-06-29"),(1082,"Brynne","Church","1970-03-08"),(1083,"Bradley","Stokes","1977-02-24"),(1084,"Sage","Luna","1986-09-18"),(1085,"Bree","Ochoa","1962-07-19"),(1086,"Chaney","Dennis","2001-03-26"),(1087,"Eleanor","Hancock","1959-12-31"),(1088,"Barry","Olson","1993-11-07"),(1089,"Connor","Jarvis","1979-06-01"),(1090,"Elizabeth","Stokes","1975-04-25"),(1091,"Xantha","Casey","1981-07-29"),(1092,"Illana","Bolton","1960-07-18"),(1093,"Eliana","Marsh","1958-11-21"),(1094,"Cynthia","Wall","1997-07-21"),(1095,"Jolie","Burgess","1976-10-29"),(1096,"Ebony","Ball","2000-10-09"),(1097,"Britanney","Obrien","1963-06-19"),(1098,"Mechelle","Hughes","1987-11-04"),(1099,"Adrienne","Barnett","1981-09-22"),(1100,"Sloane","Bernard","1958-09-08");
INSERT INTO `customer` (`id`,`firstname`,`lastname`,`date_of_birth`) VALUES (1101,"Jolie","Crosby","1989-07-27"),(1102,"Callie","Rodgers","1991-08-01"),(1103,"Rudyard","Donaldson","1989-07-22"),(1104,"Harper","Joyce","1993-12-09"),(1105,"Morgan","Gilliam","1960-06-30"),(1106,"Tashya","Odonnell","1970-07-12"),(1107,"Aladdin","Hooper","1989-10-31"),(1108,"Garrison","Faulkner","1997-02-16"),(1109,"Drew","Hurst","1993-06-25"),(1110,"Brenna","Payne","1994-04-22"),(1111,"Brenden","Neal","1967-11-07"),(1112,"Austin","Kirk","1964-07-24"),(1113,"Tate","Ramirez","1960-11-03"),(1114,"Cadman","Hayden","1967-03-02"),(1115,"Aphrodite","Anderson","1956-06-09"),(1116,"Jerry","Massey","2002-02-14"),(1117,"Grady","Sawyer","1985-05-19"),(1118,"Faith","Holder","1960-04-06"),(1119,"Savannah","Downs","1955-05-25"),(1120,"Jason","Holt","2001-08-08"),(1121,"Mercedes","Cash","1956-02-04"),(1122,"Abel","Kaufman","2000-11-17"),(1123,"Catherine","Sheppard","1998-06-24"),(1124,"Rose","Warner","1980-09-02"),(1125,"Ignatius","Schneider","1961-09-30"),(1126,"Rudyard","Haley","1991-09-29"),(1127,"Zoe","Elliott","1988-12-25"),(1128,"Walter","Wooten","1963-11-02"),(1129,"Uta","Chambers","1998-07-07"),(1130,"Lee","Vaughan","1979-09-14"),(1131,"Bell","Ford","1979-11-13"),(1132,"Perry","Luna","1996-12-24"),(1133,"Mikayla","Neal","1978-09-12"),(1134,"Reuben","Barron","1964-10-06"),(1135,"Cecilia","Bryan","2001-06-07"),(1136,"Berk","Andrews","1992-05-04"),(1137,"Lilah","Cabrera","1962-04-30"),(1138,"Gabriel","Gibson","1964-03-29"),(1139,"Joel","Fernandez","1977-01-02"),(1140,"Karen","Hyde","1962-06-14"),(1141,"Meredith","Vang","1984-01-03"),(1142,"Logan","Collier","1996-10-23"),(1143,"Priscilla","Molina","1996-05-05"),(1144,"Carissa","Cortez","1967-06-10"),(1145,"Zachary","Mccarthy","1982-07-14"),(1146,"Maggie","Solis","1996-11-27"),(1147,"Tate","Morales","1976-06-23"),(1148,"Amal","Moreno","1962-04-02"),(1149,"Alec","Mcdonald","1962-02-18"),(1150,"Melodie","Sherman","1980-06-19"),(1151,"Dieter","Cole","1961-11-27"),(1152,"Sheila","Ford","1970-07-03"),(1153,"Samuel","Lawrence","1991-05-04"),(1154,"Thane","Spencer","1987-12-01"),(1155,"Tucker","Dale","1958-03-30"),(1156,"Hilary","Gardner","1999-03-29"),(1157,"Jocelyn","Brennan","2001-12-30"),(1158,"Cameron","Spencer","1983-06-11"),(1159,"Levi","Giles","1994-10-01"),(1160,"Valentine","Nicholson","1992-08-25"),(1161,"Audrey","Guy","1960-03-20"),(1162,"Orli","Hull","1985-01-06"),(1163,"Cora","Macdonald","1963-04-05"),(1164,"Shelly","Sherman","1964-07-17"),(1165,"Gary","Roman","1992-02-09"),(1166,"Deanna","Robles","1964-12-01"),(1167,"Claire","Hines","1987-08-09"),(1168,"Samantha","Mitchell","1959-03-08"),(1169,"James","Gallegos","1960-10-31"),(1170,"Charlotte","Mercer","1978-02-03"),(1171,"Regina","Bass","1964-04-27"),(1172,"Quintessa","Ayala","1991-11-08"),(1173,"Maisie","Kidd","1989-12-27"),(1174,"Christian","Burgess","1970-04-16"),(1175,"Lacey","Woods","1960-12-10"),(1176,"Hilda","Gillespie","1962-03-02"),(1177,"Kaden","Wiggins","1985-05-14"),(1178,"Heather","Reynolds","1957-05-26"),(1179,"Maxwell","Kinney","1980-02-17"),(1180,"Yardley","Ramsey","1984-04-26"),(1181,"Gillian","Guy","1974-02-10"),(1182,"Gisela","Gilmore","1989-03-24"),(1183,"Pearl","Hanson","1996-01-21"),(1184,"Buffy","Cain","1988-04-24"),(1185,"Robert","Tucker","1965-11-05"),(1186,"Jacob","Spears","1986-06-14"),(1187,"Paul","Bright","1959-05-15"),(1188,"Stacey","Kim","1972-12-04"),(1189,"Phelan","Meyers","1967-03-11"),(1190,"Colt","Wright","1977-07-08"),(1191,"Amal","Stuart","1971-06-01"),(1192,"Travis","Curtis","1980-10-25"),(1193,"Latifah","Donovan","1998-05-05"),(1194,"Mechelle","Booth","2000-06-30"),(1195,"Dominic","Meyers","1991-10-16"),(1196,"Lois","Dawson","1985-12-02"),(1197,"Sasha","Mclaughlin","1986-06-11"),(1198,"Josephine","Knox","1974-02-18"),(1199,"Jameson","Levine","1983-10-15"),(1200,"Felicia","Hester","1979-07-23");
INSERT INTO `customer` (`id`,`firstname`,`lastname`,`date_of_birth`) VALUES (1201,"Farrah","Frye","1957-02-02"),(1202,"Deacon","Moon","1970-07-11"),(1203,"Rajah","Kidd","1990-07-26"),(1204,"Shaine","Blair","1982-03-04"),(1205,"Mira","Mccall","1965-10-14"),(1206,"Clare","Foreman","1991-03-26"),(1207,"Abraham","Bauer","2001-03-21"),(1208,"Dominic","Trevino","1957-01-15"),(1209,"Kristen","Wiley","1965-09-08"),(1210,"Beau","Whitney","1977-08-21"),(1211,"Jameson","Baxter","2002-09-30"),(1212,"Patience","Craig","1963-03-17"),(1213,"Henry","Pace","1989-01-26"),(1214,"Jacob","Johnston","1974-06-22"),(1215,"Carissa","Mccray","1971-11-04"),(1216,"Craig","Perkins","1956-08-07"),(1217,"Karyn","Hancock","1998-10-07"),(1218,"Aretha","Ewing","1977-12-17"),(1219,"Robin","Stokes","1973-10-15"),(1220,"Amelia","Foster","1957-02-18"),(1221,"Guy","Reed","1973-11-28"),(1222,"Kaye","Grimes","1996-02-18"),(1223,"Iona","Miller","1979-12-30"),(1224,"Cally","Navarro","1999-08-06"),(1225,"Vincent","Curtis","1956-06-15"),(1226,"Bree","Zamora","1996-12-20"),(1227,"Ursula","Miranda","1989-08-30"),(1228,"Yoshio","Leonard","2001-09-20"),(1229,"Winifred","Hart","1958-11-21"),(1230,"Kevin","Roberts","1979-05-18"),(1231,"Rafael","Mosley","1986-08-21"),(1232,"Tarik","Mooney","1980-10-01"),(1233,"Thor","Lawson","1999-07-09"),(1234,"Hanna","Graham","2002-12-04"),(1235,"George","Dunlap","1988-05-13"),(1236,"Zelenia","Wolf","1977-05-27"),(1237,"Garrison","Cooke","1986-06-22"),(1238,"Shelly","Hines","1978-05-21"),(1239,"Alexis","Fuller","1995-11-07"),(1240,"Macon","Craig","1990-03-18"),(1241,"Harper","Duffy","1992-04-05"),(1242,"Sarah","Melton","1956-09-16"),(1243,"Keaton","Roach","1957-12-10"),(1244,"Devin","Brown","1997-02-08"),(1245,"Molly","Barrera","1974-01-30"),(1246,"Gay","Oconnor","1964-07-06"),(1247,"Aquila","Padilla","1987-12-10"),(1248,"Sade","Chan","1982-02-18"),(1249,"Rhiannon","Sosa","2000-01-25"),(1250,"Danielle","Morin","1957-03-06"),(1251,"Maya","Silva","1990-08-30"),(1252,"Burke","Whitley","1973-05-07"),(1253,"Kuame","Hall","1955-12-29"),(1254,"Ina","Edwards","1979-11-14"),(1255,"India","Hammond","1984-12-02"),(1256,"Kimberly","Noel","1970-04-14"),(1257,"Ebony","Chase","1989-07-17"),(1258,"Kylie","Cash","1965-05-05"),(1259,"Chaney","Small","1988-07-23"),(1260,"Austin","Barr","1995-07-12"),(1261,"Joy","Murphy","1960-06-11"),(1262,"Paki","Ferrell","1959-09-21"),(1263,"Fritz","Clark","1956-04-10"),(1264,"Ethan","Andrews","1983-06-29"),(1265,"Simon","Padilla","1984-01-15"),(1266,"Dora","Cherry","1982-10-05"),(1267,"Alan","Love","1959-08-25"),(1268,"Kelly","Callahan","1983-02-20"),(1269,"Peter","Delgado","1980-03-05"),(1270,"Jillian","Mathis","1997-08-09"),(1271,"Shellie","Mcintyre","1993-12-30"),(1272,"Keely","Hernandez","1996-12-11"),(1273,"Nayda","Kinney","1994-11-11"),(1274,"Teagan","Fowler","1987-09-23"),(1275,"Abra","Wilkins","1983-09-18"),(1276,"Mira","Roman","1999-01-25"),(1277,"Zorita","Snider","1960-08-12"),(1278,"Galena","Frost","1964-03-10"),(1279,"Yoshio","Cole","1994-03-12"),(1280,"Robin","Waller","1976-09-29"),(1281,"Christine","Nunez","1962-12-14"),(1282,"Ariana","Frost","1967-06-19"),(1283,"Cade","Wall","1986-04-09"),(1284,"Lilah","Casey","1978-02-16"),(1285,"Veda","Battle","1972-09-08"),(1286,"Kadeem","Marshall","1966-05-13"),(1287,"Gregory","Byrd","1964-05-28"),(1288,"Sasha","Salinas","1965-09-11"),(1289,"Cairo","Myers","1960-02-26"),(1290,"Patience","Bentley","1983-03-15"),(1291,"Kelsie","Knox","1991-03-06"),(1292,"Maia","Garrison","1983-06-21"),(1293,"Akeem","Bryant","1981-09-30"),(1294,"Maia","Norman","1955-05-14"),(1295,"Kaseem","Copeland","1988-11-26"),(1296,"Abigail","Owen","1993-02-09"),(1297,"Fatima","Dennis","1995-03-23"),(1298,"Rinah","Edwards","1966-11-09"),(1299,"Nadine","Frye","1955-01-16"),(1300,"Cathleen","Monroe","1969-10-30");
INSERT INTO `customer` (`id`,`firstname`,`lastname`,`date_of_birth`) VALUES (1301,"Regan","Mckee","1985-05-21"),(1302,"Jerry","Tillman","1983-01-14"),(1303,"Emi","Mack","1956-10-05"),(1304,"Scarlet","Johns","1989-04-24"),(1305,"Elizabeth","Cantu","1961-08-27"),(1306,"Axel","Alford","1988-01-11"),(1307,"Charde","Simon","1974-04-09"),(1308,"Wang","Huff","1975-06-01"),(1309,"Quail","King","1997-09-09"),(1310,"Asher","Munoz","1966-07-13"),(1311,"Lucas","Washington","1993-03-24"),(1312,"Walker","Terry","1963-11-29"),(1313,"Harding","Coffey","1993-12-03"),(1314,"Ann","Wong","1982-02-07"),(1315,"Upton","Hodge","1984-05-10"),(1316,"Kibo","Taylor","2000-01-16"),(1317,"Bell","Hickman","1972-11-01"),(1318,"Zahir","Slater","1987-01-04"),(1319,"Chloe","Mcclain","1966-10-29"),(1320,"Kelly","Strong","1979-09-22"),(1321,"Brian","Ochoa","1978-12-20"),(1322,"Galvin","Meyers","1961-02-05"),(1323,"Alexandra","Maldonado","1996-05-16"),(1324,"Brynne","Lyons","1957-01-20"),(1325,"Eric","Spencer","2000-02-10"),(1326,"Kato","Lawrence","1968-12-01"),(1327,"Gray","Kane","1971-05-30"),(1328,"Connor","Briggs","1961-01-16"),(1329,"Holly","Bowers","1966-09-09"),(1330,"Ferdinand","Romero","1995-12-29"),(1331,"Keane","Bryant","1980-05-26"),(1332,"Rylee","Juarez","1961-11-07"),(1333,"Bertha","Brennan","2001-08-09"),(1334,"Summer","William","1984-10-04"),(1335,"Amir","Stark","1962-07-27"),(1336,"Aimee","Kirby","1999-01-29"),(1337,"Unity","Hardin","1984-08-21"),(1338,"Sybill","Kerr","1965-05-02"),(1339,"Jada","Gallegos","1972-09-27"),(1340,"Carlos","Riggs","1969-12-16"),(1341,"Patrick","Fulton","1988-09-18"),(1342,"Kay","Gibbs","1963-01-10"),(1343,"Lacota","Zamora","1956-08-24"),(1344,"Ignatius","Warner","1986-12-18"),(1345,"Montana","Reyes","1997-04-06"),(1346,"Sean","Petersen","1977-01-10"),(1347,"Willa","Conner","1973-03-21"),(1348,"Tobias","Craft","1980-10-11"),(1349,"Mohammad","Carr","1995-07-17"),(1350,"Grady","Boone","1989-12-10"),(1351,"Haley","Reeves","1996-09-08"),(1352,"Silas","Larson","1993-08-15"),(1353,"Steel","Matthews","1989-07-01"),(1354,"Cora","Booker","1962-07-31"),(1355,"Montana","Coffey","1993-02-03"),(1356,"Clarke","Pitts","1957-11-15"),(1357,"Reagan","Carson","1961-01-13"),(1358,"Jane","Slater","1979-05-28"),(1359,"Stephanie","Joyner","1973-06-28"),(1360,"Rhona","Holder","1983-11-13"),(1361,"Mary","Acevedo","1981-09-27"),(1362,"Tiger","Collins","1968-12-12"),(1363,"Jenna","Beasley","1966-06-06"),(1364,"Beatrice","Watson","2002-01-07"),(1365,"Colleen","Bradshaw","1964-03-07"),(1366,"Shaine","Walls","1985-05-04"),(1367,"Wynter","Potts","1983-03-06"),(1368,"Harding","Walker","1990-12-04"),(1369,"Ila","Garrett","1972-12-01"),(1370,"Nerea","Bray","1976-11-09"),(1371,"Stewart","Gonzalez","1955-09-18"),(1372,"Price","Yates","1971-03-23"),(1373,"Hammett","Bradshaw","1957-02-06"),(1374,"Wade","Dejesus","1991-07-20"),(1375,"Cara","Gamble","1970-12-31"),(1376,"Hiroko","Campos","1969-11-24"),(1377,"Portia","Estrada","1965-10-21"),(1378,"Octavia","Osborn","1964-05-16"),(1379,"Susan","Clarke","1955-06-30"),(1380,"Malachi","Ross","1967-07-10"),(1381,"Lars","Henry","1977-02-09"),(1382,"Zena","Mcmillan","1962-03-03"),(1383,"Abbot","Turner","1977-12-28"),(1384,"Yuri","Stewart","1987-06-09"),(1385,"Wesley","Harmon","2000-12-30"),(1386,"Bryar","Hines","1965-10-22"),(1387,"Brandon","Pennington","1999-02-28"),(1388,"Scott","Johnston","1983-10-27"),(1389,"Constance","Meyer","1958-08-27"),(1390,"Buffy","Austin","1993-12-11"),(1391,"Raymond","Yang","2002-12-25"),(1392,"Desirae","Cantu","1995-04-27"),(1393,"Silas","Gregory","1991-02-10"),(1394,"Talon","Spears","1964-01-16"),(1395,"Martin","Simon","1974-04-28"),(1396,"Latifah","Jones","1999-05-25"),(1397,"Rhea","Conway","1963-11-13"),(1398,"Cailin","Cooley","1965-02-11"),(1399,"William","Hutchinson","1958-03-26"),(1400,"Abel","Harris","1975-10-10");
INSERT INTO `customer` (`id`,`firstname`,`lastname`,`date_of_birth`) VALUES (1401,"Kessie","Callahan","1980-06-06"),(1402,"Phoebe","Church","1975-11-03"),(1403,"Leonard","House","1959-07-09"),(1404,"Dustin","Bruce","1983-06-28"),(1405,"Cedric","Rogers","1992-10-02"),(1406,"Deanna","Whitley","1993-07-24"),(1407,"Tobias","Klein","1990-03-05"),(1408,"Miranda","Dudley","1998-05-06"),(1409,"Timothy","Patton","1969-05-07"),(1410,"Brett","Carney","1984-05-01"),(1411,"Zeus","Cooper","1976-05-26"),(1412,"Jade","Leonard","1957-05-15"),(1413,"Hanna","Henson","1979-09-26"),(1414,"Kelly","Edwards","1980-04-15"),(1415,"Teagan","Horne","1964-03-29"),(1416,"Ethan","Carey","1960-04-07"),(1417,"Fleur","Grimes","1983-01-08"),(1418,"Cameron","Hess","1997-06-13"),(1419,"Gregory","Mendez","1978-02-12"),(1420,"Quin","Chandler","1983-07-25"),(1421,"Samuel","Carpenter","1984-09-08"),(1422,"Sierra","Norris","1967-04-20"),(1423,"Tasha","Winters","1955-10-22"),(1424,"Buffy","Good","1998-03-29"),(1425,"Aimee","Potts","1998-03-04"),(1426,"Nigel","Cline","2000-10-11"),(1427,"Kellie","Pierce","1991-08-15"),(1428,"Quon","Martin","1996-10-12"),(1429,"Rowan","Marks","1974-03-14"),(1430,"Hillary","Reynolds","1980-08-09"),(1431,"Louis","Burns","1977-11-22"),(1432,"Gillian","Dunn","1964-06-24"),(1433,"Neville","Johnson","1994-10-27"),(1434,"Chester","Wheeler","2002-05-19"),(1435,"Teegan","White","2000-02-09"),(1436,"Duncan","Vance","1979-08-05"),(1437,"Lunea","Warren","1981-11-21"),(1438,"Mallory","Hatfield","1955-04-09"),(1439,"Rajah","Marquez","1956-02-13"),(1440,"Leslie","Dyer","1977-06-27"),(1441,"Wang","Simon","1978-06-04"),(1442,"Paul","Wall","1963-08-02"),(1443,"Ori","Vang","1997-07-05"),(1444,"Chester","Travis","1985-10-14"),(1445,"Hilary","Short","1991-02-06"),(1446,"Lucian","Townsend","1957-07-27"),(1447,"Brynne","Camacho","1992-07-07"),(1448,"Micah","Landry","1994-02-08"),(1449,"Chaim","Singleton","1980-08-24"),(1450,"Forrest","Massey","1977-11-20"),(1451,"Lee","Pearson","1989-01-13"),(1452,"Randall","Schmidt","1975-07-12"),(1453,"Sophia","York","1955-02-09"),(1454,"Tobias","Gallegos","1991-01-16"),(1455,"Leilani","Albert","1964-08-19"),(1456,"Norman","Cook","1972-09-26"),(1457,"Dahlia","Lynch","1966-08-10"),(1458,"Thor","Duran","1991-11-24"),(1459,"Wynter","Patterson","1986-03-07"),(1460,"Lana","Henry","1955-12-01"),(1461,"Isaiah","Farley","1970-05-19"),(1462,"Indira","Day","1957-07-15"),(1463,"Justin","Daniels","1957-12-05"),(1464,"Jaquelyn","Raymond","1973-07-20"),(1465,"Alan","Snyder","1966-07-21"),(1466,"Randall","Marsh","1961-06-09"),(1467,"Dale","Pierce","1979-12-22"),(1468,"Herrod","Bass","1971-03-03"),(1469,"Tanya","Stout","1998-07-13"),(1470,"Debra","Lancaster","1975-01-22"),(1471,"Blake","Ayala","1970-05-05"),(1472,"Dolan","Sloan","1976-03-01"),(1473,"Damian","Buckner","1967-12-02"),(1474,"Theodore","Whitaker","1968-11-24"),(1475,"Sasha","Hale","1997-01-17"),(1476,"Zena","Dodson","1984-03-30"),(1477,"Graham","Benton","1973-02-07"),(1478,"Nyssa","Rose","1975-10-31"),(1479,"Camden","Mcintosh","1965-01-12"),(1480,"Rosalyn","Hood","1956-01-10"),(1481,"Eden","Trevino","1997-08-12"),(1482,"Kylie","Henson","1976-04-01"),(1483,"Beau","Steele","1978-12-19"),(1484,"Ariel","Wade","1994-12-31"),(1485,"Clare","Marsh","1957-04-03"),(1486,"Xanthus","Walter","1963-10-03"),(1487,"Zelenia","Mccoy","1981-01-07"),(1488,"Merrill","Roth","1999-05-08"),(1489,"Morgan","Nguyen","1997-08-13"),(1490,"Elliott","Michael","2001-11-17"),(1491,"Damon","Joseph","1973-03-10"),(1492,"Jessamine","Witt","1971-03-19"),(1493,"Dean","Powell","1959-08-17"),(1494,"Lamar","Nelson","1961-10-16"),(1495,"Cleo","Curry","1965-10-16"),(1496,"Blythe","Hoover","2001-11-13"),(1497,"Daria","Ortega","1957-02-06"),(1498,"Amery","Griffin","1960-03-01"),(1499,"Wayne","Reed","1962-12-02"),(1500,"Megan","Meadows","1955-10-02");

#Insert for customer_room
INSERT INTO `customer_room` (`id`,`buy_at`,`id_customer`,`id_room`,`id_gear`) VALUES (1,"2015-04-18",509,8,44),(2,"2015-10-10",276,8,43),(3,"2015-05-04",62,1,41),(4,"2015-02-24",1208,11,45),(5,"2015-12-22",504,3,47),(6,"2015-10-08",437,11,45),(7,"2015-07-08",159,9,42),(8,"2015-03-30",893,2,49),(9,"2015-03-19",1365,6,45),(10,"2015-09-23",1430,2,42),(11,"2015-04-25",84,10,45),(12,"2015-09-18",1113,9,41),(13,"2015-12-17",770,12,48),(14,"2015-07-29",322,12,45),(15,"2015-05-24",113,12,41),(16,"2015-10-21",1213,10,44),(17,"2015-09-22",1433,8,48),(18,"2015-08-23",1300,3,47),(19,"2015-08-29",1364,5,42),(20,"2015-12-06",1001,4,49),(21,"2015-04-29",1431,10,42),(22,"2015-05-25",145,8,46),(23,"2015-04-08",1317,4,47),(24,"2015-11-05",278,12,41),(25,"2015-12-06",864,8,44),(26,"2015-09-28",449,2,41),(27,"2015-05-15",819,8,42),(28,"2015-02-28",28,2,43),(29,"2015-08-21",748,8,48),(30,"2015-03-01",368,11,47),(31,"2015-06-16",929,8,49),(32,"2015-07-21",784,9,46),(33,"2015-06-08",1039,9,48),(34,"2015-10-21",736,11,46),(35,"2015-08-03",740,7,48),(36,"2015-04-14",251,5,44),(37,"2015-05-16",1021,2,50),(38,"2015-08-26",1232,5,43),(39,"2015-06-03",220,8,44),(40,"2015-08-11",1140,5,47),(41,"2015-05-04",417,10,46),(42,"2015-09-24",981,10,41),(43,"2015-10-03",601,10,46),(44,"2015-04-03",565,2,41),(45,"2015-05-09",1293,1,46),(46,"2015-04-15",1038,5,42),(47,"2015-12-29",1218,3,43),(48,"2015-06-06",1113,3,49),(49,"2015-04-10",795,6,41),(50,"2015-09-21",1137,2,44),(51,"2015-12-16",1035,5,43),(52,"2015-11-09",801,11,43),(53,"2015-07-29",757,4,48),(54,"2015-11-04",836,6,50),(55,"2015-05-14",813,11,45),(56,"2015-12-07",395,12,47),(57,"2015-11-13",904,3,49),(58,"2015-08-28",269,4,41),(59,"2015-11-01",296,5,41),(60,"2015-03-06",857,4,50),(61,"2015-08-10",733,6,42),(62,"2015-11-03",527,9,45),(63,"2015-02-24",1260,8,41),(64,"2015-12-27",1003,12,48),(65,"2015-09-25",232,10,42),(66,"2015-10-04",1299,9,47),(67,"2015-03-29",1489,10,41),(68,"2015-06-13",537,9,47),(69,"2015-07-09",435,2,49),(70,"2015-03-08",664,3,48),(71,"2015-03-17",734,6,47),(72,"2015-09-11",706,5,48),(73,"2015-04-11",872,11,48),(74,"2015-03-05",446,12,41),(75,"2015-05-06",310,6,47),(76,"2015-11-17",1483,10,46),(77,"2015-05-30",1278,11,45),(78,"2015-10-20",1057,8,49),(79,"2015-07-22",708,4,41),(80,"2015-08-03",1223,3,48),(81,"2015-07-25",1470,11,50),(82,"2015-12-17",833,4,42),(83,"2015-03-31",470,7,45),(84,"2015-10-31",88,1,48),(85,"2015-11-28",739,5,43),(86,"2015-05-15",96,7,41),(87,"2015-08-11",588,2,44),(88,"2015-11-09",1490,10,50),(89,"2015-09-10",329,7,45),(90,"2015-04-21",146,6,42),(91,"2015-08-01",424,6,46),(92,"2015-10-28",605,10,50),(93,"2015-07-22",694,7,41),(94,"2015-10-23",259,9,50),(95,"2015-03-26",311,9,50),(96,"2015-11-26",1087,11,43),(97,"2015-05-19",865,6,47),(98,"2015-05-15",1267,9,41),(99,"2015-09-11",403,8,41),(100,"2015-08-02",1141,9,48);
INSERT INTO `customer_room` (`id`,`buy_at`,`id_customer`,`id_room`,`id_gear`) VALUES (101,"2015-07-24",1353,3,43),(102,"2015-06-06",1413,7,46),(103,"2015-12-10",716,7,50),(104,"2015-10-22",557,10,46),(105,"2015-10-05",356,4,42),(106,"2015-09-25",205,8,49),(107,"2015-02-24",12,1,48),(108,"2015-06-13",766,3,50),(109,"2015-09-30",1473,2,47),(110,"2015-06-23",431,3,42),(111,"2015-11-20",63,7,46),(112,"2015-10-16",1388,11,44),(113,"2015-07-20",1408,11,42),(114,"2015-04-02",760,3,46),(115,"2015-10-08",342,8,41),(116,"2015-09-20",811,8,46),(117,"2015-07-29",1152,2,47),(118,"2015-11-08",1061,7,45),(119,"2015-11-16",105,6,45),(120,"2015-05-18",1204,2,50),(121,"2015-08-03",979,4,46),(122,"2015-09-20",1142,7,49),(123,"2015-10-13",1140,12,41),(124,"2015-08-17",1039,1,49),(125,"2015-05-28",1221,12,50),(126,"2015-10-15",1009,11,42),(127,"2015-03-07",536,3,50),(128,"2015-04-13",87,9,41),(129,"2015-06-13",204,4,49),(130,"2015-09-12",908,2,50),(131,"2015-12-13",439,8,46),(132,"2015-11-07",100,6,49),(133,"2015-11-17",23,9,45),(134,"2015-09-26",1087,10,47),(135,"2015-04-06",531,12,43),(136,"2015-09-08",1331,9,49),(137,"2015-04-10",725,8,50),(138,"2015-05-10",689,12,48),(139,"2015-12-13",685,11,45),(140,"2015-03-11",168,10,42),(141,"2015-06-12",135,10,49),(142,"2015-03-14",1099,11,45),(143,"2015-11-05",846,2,43),(144,"2015-08-17",194,9,44),(145,"2015-10-20",1085,12,46),(146,"2015-09-10",1217,2,46),(147,"2015-04-12",1431,6,41),(148,"2015-06-10",849,2,49),(149,"2015-11-10",693,4,44),(150,"2015-05-12",129,11,43),(151,"2015-07-10",493,4,46),(152,"2015-11-05",283,10,45),(153,"2015-05-18",1348,2,43),(154,"2015-04-10",243,10,50),(155,"2015-10-24",125,10,41),(156,"2015-06-08",1248,6,50),(157,"2015-03-20",1106,5,48),(158,"2015-05-17",635,4,45),(159,"2015-09-06",1312,8,50),(160,"2015-02-26",1207,12,46),(161,"2015-03-14",64,6,48),(162,"2015-11-28",1064,11,42),(163,"2015-04-06",7,3,48),(164,"2015-05-10",1260,9,42),(165,"2015-06-13",207,11,44),(166,"2015-12-25",1299,12,42),(167,"2015-04-04",780,7,42),(168,"2015-09-15",583,4,46),(169,"2015-12-05",1256,2,50),(170,"2015-10-02",782,10,46),(171,"2015-04-24",687,2,46),(172,"2015-06-18",369,2,44),(173,"2015-09-30",578,9,43),(174,"2015-07-27",733,8,46),(175,"2015-09-22",856,2,42),(176,"2015-10-27",747,8,48),(177,"2015-10-09",10,8,49),(178,"2015-11-22",72,1,49),(179,"2015-05-05",77,3,48),(180,"2015-08-16",1024,1,47),(181,"2015-05-09",103,9,49),(182,"2015-11-29",529,5,43),(183,"2015-08-30",460,10,46),(184,"2015-12-21",586,12,48),(185,"2015-06-17",287,4,49),(186,"2015-05-24",804,1,45),(187,"2015-09-21",293,6,49),(188,"2015-03-14",1221,7,45),(189,"2015-06-18",1004,11,45),(190,"2015-03-11",394,4,48),(191,"2015-06-26",1156,10,46),(192,"2015-08-03",1360,6,43),(193,"2015-06-06",538,12,50),(194,"2015-07-13",934,6,46),(195,"2015-06-19",1265,11,45),(196,"2015-03-27",523,4,44),(197,"2015-06-02",197,3,48),(198,"2015-10-14",376,9,48),(199,"2015-11-03",58,7,45),(200,"2015-07-11",136,3,50);
INSERT INTO `customer_room` (`buy_at`,`id_customer`,`id_room`,`id_gear`) VALUES ("2015-09-17",855,11,43),("2015-08-24",721,7,46),("2015-08-29",498,10,50),("2015-03-04",22,3,47),("2015-09-12",1303,11,45),("2015-08-25",728,2,45),("2015-09-16",1128,3,46),("2015-05-11",8,8,43),("2015-06-05",684,4,43),("2015-08-27",135,7,48),("2015-05-30",1379,9,49),("2015-05-20",627,3,47),("2015-03-22",647,3,41),("2015-06-28",1169,5,48),("2015-05-27",208,10,41),("2015-10-19",1329,4,44),("2015-07-17",1219,4,48),("2015-12-23",1062,10,44),("2015-03-12",852,12,49),("2015-07-05",1153,4,43),("2015-03-02",941,5,43),("2015-11-27",141,6,41),("2015-05-27",23,5,50),("2015-05-02",455,10,42),("2015-07-09",1142,6,46),("2015-12-16",565,2,41),("2015-07-20",1235,7,44),("2015-08-14",262,6,46),("2015-12-08",1291,12,42),("2015-11-25",663,2,46),("2015-06-03",1254,4,45),("2015-04-01",1204,7,42),("2015-11-14",1062,2,41),("2015-08-14",1488,9,49),("2015-04-04",802,7,41),("2015-04-03",836,1,50),("2015-05-31",404,9,41),("2015-12-12",52,2,43),("2015-12-18",970,4,46),("2015-12-08",45,1,44),("2015-09-11",1409,11,41),("2015-09-02",270,10,47),("2015-11-16",1010,10,50),("2015-12-21",475,3,50),("2015-10-02",45,5,41),("2015-11-17",1432,2,50),("2015-09-19",708,2,45),("2015-03-10",680,3,48),("2015-03-17",72,12,49),("2015-07-16",78,11,42),("2015-04-17",627,2,47),("2015-02-24",772,3,46),("2015-06-12",423,1,50),("2015-03-24",1357,12,47),("2015-12-10",1446,11,47),("2015-04-04",638,5,50),("2015-09-03",836,7,43),("2015-11-26",971,1,44),("2015-03-01",704,9,49),("2015-09-20",796,1,45),("2015-07-12",1011,12,41),("2015-12-08",663,12,49),("2015-04-14",166,6,41),("2015-03-28",1264,12,46),("2015-06-27",1106,8,45),("2015-05-10",337,1,41),("2015-11-12",516,6,41),("2015-07-20",111,1,44),("2015-06-21",1332,8,50),("2015-08-17",327,8,50),("2015-12-20",215,1,47),("2015-12-14",555,2,49),("2015-06-29",1231,12,42),("2015-10-10",606,2,42),("2015-07-09",1209,7,43),("2015-07-13",412,5,49),("2015-03-28",59,9,42),("2015-07-01",824,1,44),("2015-04-02",511,5,45),("2015-07-30",626,12,43),("2015-03-07",285,1,49),("2015-07-27",402,2,48),("2015-06-18",14,4,46),("2015-11-21",1082,11,45),("2015-07-12",67,5,46),("2015-07-05",236,9,50),("2015-02-24",739,9,44),("2015-12-30",537,6,47),("2015-06-15",997,5,49),("2015-07-09",884,2,47),("2015-07-16",546,7,50),("2015-05-19",388,6,49),("2015-10-28",1428,8,49),("2015-09-02",768,1,47),("2015-12-30",1219,12,42),("2015-04-10",151,10,42),("2015-04-26",81,5,43),("2015-05-11",1414,7,47),("2015-06-28",1410,4,42),("2015-12-29",272,12,46);
INSERT INTO `customer_room` (`buy_at`,`id_customer`,`id_room`,`id_gear`) VALUES ("2015-03-17",137,1,47),("2015-02-25",708,6,41),("2015-04-12",56,2,49),("2015-12-18",1042,1,45),("2015-10-15",271,7,47),("2015-07-02",881,11,48),("2015-07-06",1,5,43),("2015-06-01",630,7,47),("2015-08-29",857,12,47),("2015-04-11",581,11,44),("2015-10-01",1203,11,42),("2015-08-11",282,1,44),("2015-09-27",6,3,49),("2015-11-29",880,1,49),("2015-07-08",1425,6,43),("2015-03-19",1042,5,49),("2015-05-25",1090,8,46),("2015-05-09",296,1,42),("2015-06-01",527,5,44),("2015-03-14",820,12,46),("2015-03-30",234,11,50),("2015-08-28",673,6,50),("2015-05-27",161,6,47),("2015-03-25",1003,4,42),("2015-08-07",1237,4,45),("2015-03-25",997,2,46),("2015-03-10",1030,6,41),("2015-08-15",450,10,43),("2015-08-14",1225,10,48),("2015-09-03",1086,7,48),("2015-04-11",987,1,41),("2015-12-08",1445,3,48),("2015-09-06",1467,12,46),("2015-04-02",1373,9,42),("2015-04-24",96,6,41),("2015-03-20",1343,9,44),("2015-03-30",47,11,48),("2015-09-09",54,6,48),("2015-06-03",1164,8,46),("2015-03-12",53,11,47),("2015-12-11",567,10,46),("2015-10-25",931,5,47),("2015-03-01",853,12,49),("2015-07-06",1081,5,44),("2015-05-14",447,3,46),("2015-11-22",1388,3,42),("2015-04-03",1203,2,43),("2015-05-23",595,8,48),("2015-08-01",25,7,46),("2015-04-20",1402,10,43),("2015-08-13",99,6,47),("2015-10-29",405,10,50),("2015-03-15",1299,6,41),("2015-04-17",587,11,45),("2015-06-28",69,12,42),("2015-03-01",242,8,47),("2015-07-23",731,10,47),("2015-09-29",648,1,42),("2015-08-18",1153,3,43),("2015-04-25",335,8,50),("2015-03-15",190,7,50),("2015-03-05",918,11,50),("2015-12-07",846,6,45),("2015-09-08",812,2,43),("2015-08-01",1345,12,50),("2015-07-05",1181,1,47),("2015-07-11",577,7,41),("2015-02-25",827,2,42),("2015-03-18",1390,4,50),("2015-03-30",591,11,46),("2015-08-05",765,1,44),("2015-09-29",595,7,47),("2015-03-16",510,6,50),("2015-07-24",1056,4,41),("2015-10-10",233,6,49),("2015-03-10",511,7,50),("2015-05-16",441,11,45),("2015-06-25",14,6,48),("2015-11-22",1341,1,50),("2015-11-01",1337,11,50),("2015-12-03",750,11,42),("2015-04-26",264,8,50),("2015-03-09",274,2,44),("2015-04-16",1438,5,49),("2015-04-10",1189,6,47),("2015-07-01",492,2,42),("2015-05-28",888,1,47),("2015-08-29",1049,6,41),("2015-06-10",218,1,45),("2015-07-03",405,5,46),("2015-09-05",1207,3,44),("2015-10-05",788,3,49),("2015-09-09",168,12,50),("2015-06-15",1272,6,47),("2015-05-28",1193,3,50),("2015-08-01",1020,10,45),("2015-10-28",389,8,48),("2015-07-05",586,5,41),("2015-12-12",846,9,41),("2015-03-11",884,12,43);
INSERT INTO `customer_room` (`buy_at`,`id_customer`,`id_room`,`id_gear`) VALUES ("2015-04-05",86,4,45),("2015-05-07",1038,12,43),("2015-07-03",538,11,42),("2015-05-10",479,1,47),("2015-12-18",605,12,41),("2015-05-23",109,9,43),("2015-08-31",1184,12,50),("2015-04-17",319,12,46),("2015-06-03",1327,5,44),("2015-07-07",135,11,42),("2015-07-13",259,12,48),("2015-11-03",1190,11,43),("2015-03-30",1325,9,50),("2015-03-03",1352,4,45),("2015-10-07",452,11,43),("2015-09-21",979,9,41),("2015-04-28",822,5,41),("2015-11-08",91,9,48),("2015-05-31",926,8,47),("2015-12-03",76,8,41),("2015-06-15",584,8,47),("2015-09-25",1217,5,50),("2015-07-04",701,5,50),("2015-05-09",1412,5,41),("2015-07-15",1377,4,47),("2015-10-24",631,6,44),("2015-06-12",806,5,49),("2015-12-16",402,7,46),("2015-04-16",628,4,50),("2015-03-03",86,3,49),("2015-07-15",334,7,50),("2015-09-01",1014,9,45),("2015-07-16",782,11,48),("2015-08-23",956,9,49),("2015-05-08",754,12,42),("2015-09-06",323,10,42),("2015-07-28",877,2,48),("2015-12-16",636,2,49),("2015-05-07",1473,4,50),("2015-07-17",144,5,43),("2015-10-29",1216,2,41),("2015-08-11",647,3,48),("2015-08-17",1288,10,42),("2015-11-18",252,9,47),("2015-06-02",728,9,45),("2015-04-20",1391,10,50),("2015-05-24",725,8,44),("2015-10-18",1056,7,50),("2015-04-28",982,10,46),("2015-12-25",229,9,45),("2015-08-26",238,7,42),("2015-10-06",472,5,50),("2015-11-04",113,12,49),("2015-03-15",91,1,43),("2015-04-26",1347,8,41),("2015-11-17",1136,11,45),("2015-05-14",206,8,43),("2015-05-01",1242,1,50),("2015-05-20",780,1,43),("2015-11-18",1184,5,49),("2015-06-19",370,3,45),("2015-09-21",969,12,49),("2015-06-10",239,9,44),("2015-11-25",870,9,46),("2015-09-29",612,6,45),("2015-05-23",242,2,41),("2015-11-28",435,1,43),("2015-07-27",98,11,50),("2015-11-16",957,1,44),("2015-10-20",733,12,49),("2015-09-07",1159,8,45),("2015-12-11",702,3,43),("2015-04-29",247,6,43),("2015-11-23",1430,4,42),("2015-05-21",876,4,41),("2015-05-10",125,3,41),("2015-07-21",1268,12,45),("2015-03-31",1029,3,41),("2015-04-03",676,11,46),("2015-12-30",535,9,50),("2015-09-21",1184,1,43),("2015-11-20",909,5,46),("2015-09-24",1467,10,43),("2015-08-29",281,3,41),("2015-08-08",1086,1,48),("2015-04-03",1041,2,42),("2015-08-23",625,7,48),("2015-10-21",715,7,45),("2015-03-04",302,11,42),("2015-12-26",1253,5,50),("2015-06-14",417,9,50),("2015-12-14",548,10,49),("2015-10-07",748,2,46),("2015-09-15",762,9,48),("2015-06-08",941,1,46),("2015-08-06",421,9,42),("2015-11-08",1282,2,46),("2015-04-15",797,9,45),("2015-11-20",1411,1,48),("2015-05-12",83,8,41);
INSERT INTO `customer_room` (`buy_at`,`id_customer`,`id_room`,`id_gear`) VALUES ("2015-07-08",1045,9,48),("2015-08-04",420,7,43),("2015-11-15",1062,12,42),("2015-08-01",1107,2,45),("2015-11-07",994,9,42),("2015-11-04",446,2,42),("2015-11-30",556,6,45),("2015-04-16",88,6,48),("2015-10-25",761,10,44),("2015-09-16",605,5,43),("2015-04-20",1039,6,50),("2015-12-21",1123,7,47),("2015-04-15",690,12,45),("2015-02-24",1275,8,42),("2015-06-22",141,4,41),("2015-03-10",17,9,47),("2015-08-19",1360,4,48),("2015-03-31",472,1,47),("2015-09-18",969,5,50),("2015-04-08",118,12,43),("2015-07-14",467,8,47),("2015-06-02",417,3,45),("2015-11-27",763,1,49),("2015-05-24",160,11,47),("2015-03-24",13,6,41),("2015-03-16",817,4,42),("2015-04-05",582,5,43),("2015-10-22",791,6,47),("2015-08-04",532,1,44),("2015-04-28",938,11,43),("2015-07-29",1170,3,47),("2015-07-28",190,3,45),("2015-07-10",39,2,45),("2015-06-14",448,6,41),("2015-08-31",1335,7,46),("2015-06-15",1096,4,44),("2015-09-02",919,10,42),("2015-09-20",1257,9,46),("2015-11-21",1227,6,43),("2015-11-27",852,3,48),("2015-03-04",1314,7,41),("2015-04-21",2,7,46),("2015-07-25",453,8,42),("2015-04-06",1115,5,45),("2015-05-28",304,2,44),("2015-11-26",1018,8,48),("2015-09-12",152,10,45),("2015-08-08",1400,9,47),("2015-04-17",1157,3,47),("2015-04-25",599,8,46),("2015-07-27",97,7,41),("2015-04-24",102,3,45),("2015-07-14",687,8,49),("2015-05-31",30,2,41),("2015-08-16",1450,7,44),("2015-09-01",760,7,46),("2015-04-06",1074,8,46),("2015-04-03",138,5,48),("2015-06-23",880,7,41),("2015-08-25",1085,4,46),("2015-11-30",1144,7,50),("2015-05-25",880,4,45),("2015-08-04",1314,9,45),("2015-04-01",1466,5,44),("2015-09-01",575,10,47),("2015-03-18",1464,7,47),("2015-10-04",1377,3,45),("2015-03-11",1200,12,47),("2015-06-08",465,4,44),("2015-06-03",1173,6,47),("2015-03-13",112,2,48),("2015-06-08",624,3,48),("2015-05-03",1340,4,48),("2015-05-15",661,3,50),("2015-07-08",414,9,49),("2015-07-06",58,10,46),("2015-08-19",540,8,42),("2015-07-12",507,5,41),("2015-05-21",1090,1,48),("2015-10-23",448,5,42),("2015-12-24",674,4,47),("2015-10-14",1126,12,49),("2015-11-07",1183,8,45),("2015-06-10",270,4,48),("2015-07-27",1041,1,50),("2015-04-19",1324,7,42),("2015-06-05",669,4,50),("2015-08-04",776,9,49),("2015-05-19",972,1,43),("2015-09-19",1293,4,46),("2015-08-25",1365,3,49),("2015-03-05",621,7,43),("2015-09-06",1252,8,47),("2015-08-12",1062,12,41),("2015-08-17",624,1,44),("2015-09-04",900,5,49),("2015-07-24",1098,11,42),("2015-04-03",1468,10,48),("2015-10-06",671,6,44),("2015-09-25",1177,12,45);
INSERT INTO `customer_room` (`buy_at`,`id_customer`,`id_room`,`id_gear`) VALUES ("2015-09-07",618,3,43),("2015-03-26",410,8,42),("2015-07-30",1396,1,41),("2015-05-28",1415,9,45),("2015-11-01",31,11,46),("2015-05-29",1234,6,46),("2015-11-06",481,8,47),("2015-06-08",311,10,41),("2015-04-03",743,4,49),("2015-04-24",620,9,47),("2015-10-17",578,6,48),("2015-10-17",1333,4,50),("2015-04-14",157,5,46),("2015-07-02",363,2,48),("2015-04-07",1223,8,48),("2015-04-01",937,7,50),("2015-06-10",109,12,50),("2015-05-29",448,4,49),("2015-12-10",1084,1,42),("2015-09-09",29,8,46),("2015-09-18",1181,7,43),("2015-12-01",1029,1,42),("2015-06-09",191,8,41),("2015-10-17",1307,5,43),("2015-02-27",483,5,47),("2015-05-26",1373,6,48),("2015-06-26",328,5,50),("2015-12-19",41,8,43),("2015-10-12",35,3,48),("2015-04-17",724,4,42),("2015-08-04",999,11,44),("2015-08-27",933,8,50),("2015-11-07",537,2,48),("2015-03-22",929,12,44),("2015-12-04",243,4,45),("2015-12-17",1305,5,43),("2015-09-25",881,8,41),("2015-12-10",216,9,50),("2015-12-30",245,6,45),("2015-06-12",1372,11,43),("2015-07-23",422,6,41),("2015-08-12",1050,11,48),("2015-04-25",867,12,50),("2015-03-27",664,4,43),("2015-06-22",628,1,50),("2015-05-18",1130,5,50),("2015-07-21",708,5,49),("2015-08-22",219,5,47),("2015-08-16",666,7,45),("2015-12-30",1144,11,46),("2015-04-05",28,11,41),("2015-05-20",888,5,49),("2015-04-14",492,11,42),("2015-09-30",282,10,44),("2015-07-21",100,7,49),("2015-07-26",367,12,49),("2015-05-09",1216,9,42),("2015-11-20",1008,8,49),("2015-05-14",938,8,47),("2015-08-21",618,7,49),("2015-07-21",1330,4,49),("2015-07-15",1110,12,42),("2015-03-04",1317,6,47),("2015-03-26",1485,9,44),("2015-04-04",968,6,48),("2015-12-02",18,7,44),("2015-11-08",1168,5,45),("2015-03-04",248,2,41),("2015-05-12",85,3,49),("2015-10-06",1290,5,42),("2015-12-14",157,1,47),("2015-09-11",1076,10,41),("2015-09-26",485,9,48),("2015-12-10",110,10,41),("2015-09-15",16,5,44),("2015-07-23",184,10,45),("2015-09-22",380,2,43),("2015-06-26",824,1,43),("2015-04-26",239,12,49),("2015-07-28",1386,10,41),("2015-05-17",937,10,48),("2015-03-16",1153,9,46),("2015-05-21",657,7,47),("2015-03-18",605,1,46),("2015-04-06",153,2,42),("2015-07-14",676,11,42),("2015-08-06",902,12,44),("2015-08-02",1310,12,46),("2015-11-27",881,2,42),("2015-03-20",255,4,49),("2015-05-28",791,5,46),("2015-08-21",426,10,46),("2015-09-14",181,5,49),("2015-06-19",1159,10,41),("2015-04-13",1209,11,43),("2015-05-12",377,2,48),("2015-08-28",679,9,48),("2015-04-09",1364,8,45),("2015-03-16",821,3,41),("2015-03-13",186,10,48);
INSERT INTO `customer_room` (`buy_at`,`id_customer`,`id_room`,`id_gear`) VALUES ("2015-10-12",140,3,46),("2015-07-28",233,2,49),("2015-12-24",1163,7,49),("2015-05-09",1244,8,45),("2015-08-04",440,12,48),("2015-12-16",883,11,47),("2015-06-18",1473,4,47),("2015-11-26",660,9,45),("2015-06-11",631,6,47),("2015-03-30",1478,6,41),("2015-04-06",153,6,46),("2015-03-29",1456,7,41),("2015-10-21",52,2,49),("2015-04-16",60,6,47),("2015-07-03",1191,11,46),("2015-07-05",1340,6,48),("2015-02-26",563,3,46),("2015-04-03",702,3,48),("2015-03-04",820,9,50),("2015-08-01",419,10,44),("2015-06-06",824,5,46),("2015-05-10",35,12,50),("2015-05-12",1430,12,45),("2015-09-24",779,1,46),("2015-08-11",1255,11,42),("2015-08-06",413,9,41),("2015-09-03",12,4,43),("2015-06-27",97,8,44),("2015-05-09",44,6,44),("2015-07-10",1232,7,46),("2015-12-24",895,1,41),("2015-07-05",744,11,43),("2015-08-14",41,11,49),("2015-05-07",910,5,45),("2015-03-24",1352,3,50),("2015-04-10",1224,10,45),("2015-06-20",1088,12,49),("2015-04-08",1016,6,46),("2015-09-26",922,7,48),("2015-04-23",643,10,48),("2015-03-22",438,5,46),("2015-05-12",702,3,46),("2015-10-18",1429,2,47),("2015-09-29",660,2,46),("2015-11-15",1297,3,48),("2015-07-16",887,6,44),("2015-11-05",141,4,50),("2015-09-04",721,9,45),("2015-12-14",910,2,44),("2015-09-23",233,3,47),("2015-05-14",447,6,48),("2015-09-08",322,10,45),("2015-12-06",1037,9,47),("2015-07-10",1409,12,44),("2015-09-13",221,11,44),("2015-11-20",20,12,50),("2015-07-04",722,9,44),("2015-05-21",1426,10,41),("2015-02-27",1185,6,49),("2015-06-09",1066,11,50),("2015-12-08",1018,4,49),("2015-06-13",84,4,50),("2015-07-23",120,4,43),("2015-06-29",14,12,41),("2015-03-07",481,9,49),("2015-08-07",150,6,49),("2015-09-30",1386,2,48),("2015-04-05",455,3,48),("2015-05-10",1224,4,45),("2015-11-26",198,3,44),("2015-11-15",1221,2,45),("2015-07-25",683,7,42),("2015-07-05",24,9,50),("2015-11-05",555,6,43),("2015-05-04",1264,10,43),("2015-07-10",453,7,47),("2015-04-16",1260,11,42),("2015-11-16",1054,10,50),("2015-04-13",524,12,43),("2015-06-14",1082,5,48),("2015-07-09",981,8,49),("2015-02-26",1093,2,46),("2015-03-25",1110,6,50),("2015-02-28",993,11,47),("2015-04-12",583,5,49),("2015-10-13",146,1,44),("2015-05-17",1331,8,49),("2015-03-21",1426,5,46),("2015-09-22",516,6,44),("2015-07-25",354,8,41),("2015-07-08",577,12,47),("2015-04-15",1404,3,45),("2015-08-05",1477,10,48),("2015-12-05",551,6,48),("2015-10-25",503,1,49),("2015-04-08",743,2,49),("2015-06-16",386,3,46),("2015-12-21",808,5,41),("2015-03-12",201,11,44),("2015-05-23",89,6,49);
INSERT INTO `customer_room` (`buy_at`,`id_customer`,`id_room`,`id_gear`) VALUES ("2015-04-18",871,6,44),("2015-07-06",820,9,42),("2015-03-12",1078,7,49),("2015-07-31",678,3,45),("2015-04-29",299,5,45),("2015-05-13",1199,8,49),("2015-12-21",766,10,50),("2015-09-06",1154,5,47),("2015-12-14",1293,3,45),("2015-04-06",882,5,43),("2015-08-15",1009,11,50),("2015-09-22",40,1,43),("2015-12-25",1241,5,49),("2015-08-01",964,6,43),("2015-12-30",140,6,41),("2015-06-18",1204,3,47),("2015-05-24",552,12,42),("2015-09-02",941,9,48),("2015-09-01",589,9,50),("2015-04-19",1189,2,41),("2015-08-18",715,5,47),("2015-05-28",779,11,47),("2015-04-10",75,8,43),("2015-05-27",237,9,47),("2015-08-23",840,2,48),("2015-02-24",1093,5,48),("2015-06-18",104,7,42),("2015-10-13",158,5,44),("2015-10-26",1082,1,45),("2015-02-27",636,3,46),("2015-07-31",403,2,48),("2015-11-15",1178,9,47),("2015-06-17",466,3,49),("2015-09-25",1166,3,41),("2015-10-25",1459,6,46),("2015-10-03",1126,12,45),("2015-04-02",340,5,46),("2015-11-16",546,11,45),("2015-11-04",408,2,41),("2015-10-10",830,6,43),("2015-10-22",478,4,50),("2015-07-05",118,1,47),("2015-10-19",567,3,49),("2015-08-16",518,9,41),("2015-08-31",622,4,50),("2015-12-20",183,10,42),("2015-06-06",1270,11,41),("2015-12-08",245,1,47),("2015-08-11",1274,11,45),("2015-05-28",866,2,44),("2015-05-08",1112,8,48),("2015-11-04",576,6,47),("2015-07-09",65,1,48),("2015-09-06",431,1,47),("2015-03-29",195,7,44),("2015-12-17",37,1,41),("2015-08-29",281,2,50),("2015-12-29",1276,2,46),("2015-05-23",1114,3,46),("2015-06-27",1500,12,43),("2015-10-21",1235,1,41),("2015-04-27",455,2,48),("2015-09-27",218,11,50),("2015-04-09",296,12,50),("2015-12-14",743,2,42),("2015-04-16",518,6,45),("2015-10-31",100,2,43),("2015-11-08",776,8,45),("2015-08-29",72,4,50),("2015-10-20",285,6,50),("2015-09-15",886,6,48),("2015-03-12",986,7,46),("2015-10-25",957,9,45),("2015-12-11",271,12,48),("2015-06-20",648,6,48),("2015-05-04",973,3,47),("2015-10-11",1195,2,42),("2015-03-25",609,6,44),("2015-11-29",1042,6,43),("2015-07-25",119,7,48),("2015-07-30",760,5,41),("2015-07-13",774,9,48),("2015-12-09",388,5,47),("2015-09-22",1107,6,41),("2015-09-15",577,8,44),("2015-03-04",1162,12,46),("2015-05-06",1462,7,49),("2015-04-25",715,3,48),("2015-04-13",915,7,50),("2015-05-19",1030,12,45),("2015-04-23",495,9,45),("2015-08-06",1314,10,48),("2015-06-03",691,3,48),("2015-12-21",1154,9,44),("2015-07-25",770,5,50),("2015-08-23",404,2,42),("2015-05-21",374,1,44),("2015-02-25",381,6,46),("2015-06-03",566,11,49),("2015-12-04",1045,12,41);
INSERT INTO `customer_room` (`buy_at`,`id_customer`,`id_room`,`id_gear`) VALUES ("2015-03-26",334,2,50),("2015-11-12",1272,6,49),("2015-03-01",1427,12,47),("2015-09-09",1184,7,46),("2015-08-11",1442,10,50),("2015-06-09",1405,7,46),("2015-11-01",279,1,48),("2015-06-22",141,11,43),("2015-11-30",576,1,44),("2015-04-26",280,7,47),("2015-10-09",1357,5,46),("2015-11-07",1140,2,45),("2015-04-01",916,3,42),("2015-07-07",290,5,43),("2015-12-11",1168,3,44),("2015-10-29",1075,9,47),("2015-06-04",645,4,42),("2015-09-05",1459,7,48),("2015-08-28",1139,6,49),("2015-04-01",865,11,50),("2015-03-17",1128,9,43),("2015-11-15",419,8,44),("2015-12-03",1027,3,43),("2015-06-29",612,6,50),("2015-10-02",20,9,50),("2015-09-05",1482,1,50),("2015-11-14",21,1,50),("2015-11-20",203,2,44),("2015-04-29",1210,4,46),("2015-05-13",974,11,44),("2015-05-11",495,11,46),("2015-11-30",562,3,47),("2015-06-20",22,5,49),("2015-12-07",1417,12,44),("2015-09-02",1195,3,43),("2015-06-27",280,7,41),("2015-12-02",31,7,42),("2015-04-15",931,7,47),("2015-05-17",25,5,42),("2015-08-22",838,4,43),("2015-04-11",566,5,46),("2015-03-07",397,8,49),("2015-11-15",31,12,50),("2015-08-29",516,1,49),("2015-11-19",581,9,44),("2015-10-14",725,12,44),("2015-06-15",607,4,41),("2015-08-08",1254,11,43),("2015-03-28",1177,11,48),("2015-06-26",151,10,41),("2015-03-11",227,12,43),("2015-12-26",1289,10,46),("2015-09-04",578,4,48),("2015-09-17",790,7,44),("2015-10-04",1279,4,44),("2015-04-28",433,11,46),("2015-11-26",225,8,44),("2015-10-19",1344,2,41),("2015-03-30",530,9,45),("2015-09-14",1174,1,49),("2015-07-03",580,2,45),("2015-09-29",795,2,46),("2015-07-31",369,2,47),("2015-10-16",902,5,48),("2015-12-28",178,11,45),("2015-07-30",1267,2,42),("2015-05-31",173,2,42),("2015-04-17",318,8,49),("2015-08-15",1485,3,46),("2015-11-03",531,1,46),("2015-03-26",1285,8,47),("2015-07-07",740,2,41),("2015-07-10",1368,5,43),("2015-10-03",105,4,46),("2015-07-30",686,9,50),("2015-04-13",658,5,43),("2015-08-29",51,5,50),("2015-12-16",237,8,41),("2015-05-16",810,12,47),("2015-06-25",10,12,43),("2015-10-19",617,4,49),("2015-06-02",113,1,41),("2015-08-30",928,10,49),("2015-04-18",416,6,48),("2015-03-29",1438,9,41),("2015-08-04",1386,12,46),("2015-09-26",183,3,43),("2015-12-03",1425,9,47),("2015-12-29",303,5,48),("2015-08-21",13,9,45),("2015-08-21",181,5,42),("2015-11-02",1381,3,44),("2015-12-22",972,12,50),("2015-03-31",1350,11,45),("2015-03-21",1109,6,41),("2015-10-01",293,3,45),("2015-12-10",398,4,48),("2015-07-01",1300,6,48),("2015-06-08",697,12,42),("2015-04-19",1283,11,43);
INSERT INTO `customer_room` (`buy_at`,`id_customer`,`id_room`,`id_gear`) VALUES ("2015-11-08",1362,12,44),("2015-04-19",1292,11,48),("2015-10-03",78,12,43),("2015-08-02",627,10,47),("2015-04-12",1286,11,43),("2015-06-25",521,9,49),("2015-05-07",1075,11,47),("2015-11-10",223,6,41),("2015-11-24",63,3,43),("2015-05-19",691,3,41),("2015-09-17",208,10,48),("2015-04-12",89,9,44),("2015-08-28",1211,5,47),("2015-07-21",1332,2,49),("2015-03-23",607,8,42),("2015-06-05",1308,9,48),("2015-04-12",496,3,48),("2015-04-08",688,8,48),("2015-03-08",104,10,41),("2015-05-24",921,12,41),("2015-08-17",675,3,41),("2015-04-04",1258,12,45),("2015-04-07",1044,6,48),("2015-08-01",33,11,49),("2015-06-10",592,2,48),("2015-10-20",1298,5,41),("2015-07-05",1352,12,44),("2015-09-22",737,8,46),("2015-04-03",1346,2,41),("2015-09-16",1212,5,49),("2015-10-28",1247,2,47),("2015-10-10",192,4,48),("2015-05-05",619,2,49),("2015-02-25",72,7,49),("2015-08-11",250,6,42),("2015-08-01",470,6,42),("2015-07-11",1413,7,45),("2015-05-25",351,9,44),("2015-08-20",75,7,46),("2015-04-20",106,4,43),("2015-11-04",840,9,44),("2015-03-13",826,7,45),("2015-12-11",612,7,48),("2015-03-04",1012,12,46),("2015-07-16",1064,7,49),("2015-09-12",1449,5,44),("2015-05-05",103,6,46),("2015-05-23",675,12,48),("2015-07-28",41,12,49),("2015-03-11",1376,12,42),("2015-07-02",431,12,48),("2015-06-15",792,5,45),("2015-07-29",1224,1,47),("2015-06-03",788,8,48),("2015-03-02",550,11,41),("2015-09-22",604,12,47),("2015-07-10",351,1,43),("2015-08-16",361,12,42),("2015-02-24",1143,4,41),("2015-02-28",1091,4,43),("2015-02-23",1376,6,50),("2015-12-30",1250,6,47),("2015-05-28",293,6,46),("2015-03-29",242,7,47),("2015-07-01",1384,1,45),("2015-12-22",689,2,45),("2015-09-13",375,6,48),("2015-08-12",1244,9,49),("2015-03-10",225,2,48),("2015-03-19",863,11,48),("2015-08-13",357,3,50),("2015-05-31",932,5,43),("2015-06-15",1013,2,50),("2015-06-16",361,9,47),("2015-09-12",246,7,47),("2015-05-22",40,8,42),("2015-12-01",1062,6,42),("2015-03-09",1269,6,49),("2015-09-01",330,2,48),("2015-07-14",1378,11,44),("2015-04-28",1132,1,44),("2015-03-12",1008,6,50),("2015-06-10",1265,6,50),("2015-05-28",1188,6,48),("2015-06-02",720,11,44),("2015-03-19",1039,1,47),("2015-12-09",153,5,45),("2015-09-15",811,6,45),("2015-12-25",13,1,49),("2015-08-21",1488,11,47),("2015-12-20",586,8,50),("2015-07-12",248,12,42),("2015-10-29",1136,2,48),("2015-08-19",895,11,50),("2015-05-17",1176,3,48),("2015-08-13",719,5,44),("2015-02-25",56,11,48),("2015-07-15",147,9,41),("2015-05-27",1311,10,48),("2015-12-28",560,9,49);
INSERT INTO `customer_room` (`buy_at`,`id_customer`,`id_room`,`id_gear`) VALUES ("2015-12-16",202,11,49),("2015-03-31",851,11,41),("2015-11-24",901,6,41),("2015-10-16",493,2,49),("2015-06-06",1126,10,42),("2015-05-31",729,1,44),("2015-03-11",914,6,43),("2015-12-03",882,12,43),("2015-06-26",1199,2,41),("2015-12-16",115,6,46),("2015-08-22",803,10,43),("2015-06-20",299,10,45),("2015-10-17",967,8,45),("2015-11-19",226,11,49),("2015-10-05",947,6,49),("2015-10-12",295,10,44),("2015-11-27",923,10,45),("2015-12-24",454,4,42),("2015-10-29",217,4,41),("2015-04-06",182,1,49),("2015-08-28",900,5,41),("2015-05-30",214,4,42),("2015-10-29",805,8,46),("2015-11-25",970,5,48),("2015-05-21",1355,2,45),("2015-11-06",1372,2,50),("2015-03-02",87,3,47),("2015-07-10",1316,6,50),("2015-10-08",1492,9,45),("2015-06-01",1057,2,48),("2015-05-21",940,4,50),("2015-09-20",460,11,48),("2015-09-03",350,10,43),("2015-08-04",387,5,44),("2015-06-06",24,11,43),("2015-02-27",545,8,49),("2015-10-21",825,2,46),("2015-11-28",1457,5,49),("2015-12-27",215,8,49),("2015-10-19",666,2,44),("2015-04-11",615,12,42),("2015-10-11",1021,2,46),("2015-07-04",957,5,45),("2015-10-21",1111,5,43),("2015-11-23",949,11,50),("2015-07-19",542,5,47),("2015-03-03",841,12,44),("2015-08-15",213,11,41),("2015-10-01",1401,10,41),("2015-07-09",1438,5,45),("2015-10-17",190,8,48),("2015-12-18",360,5,46),("2015-04-23",520,10,49),("2015-10-06",1005,9,45),("2015-09-14",1461,8,45),("2015-11-26",954,6,43),("2015-12-15",1001,1,46),("2015-07-05",924,10,46),("2015-04-10",446,6,42),("2015-06-10",689,9,43),("2015-05-22",80,10,50),("2015-05-14",1050,7,43),("2015-05-27",112,2,42),("2015-09-07",1087,7,42),("2015-12-25",1461,12,48),("2015-08-06",1124,2,43),("2015-09-12",1125,3,49),("2015-07-24",107,3,42),("2015-05-01",618,2,43),("2015-07-13",1087,11,41),("2015-07-10",516,7,46),("2015-07-28",591,7,45),("2015-08-12",91,10,44),("2015-12-27",1389,6,50),("2015-05-01",1348,5,48),("2015-11-28",549,2,49),("2015-08-18",279,6,48),("2015-12-25",1372,6,44),("2015-07-08",635,5,45),("2015-03-25",797,9,45),("2015-08-01",1057,5,41),("2015-03-01",1237,10,48),("2015-04-06",527,2,48),("2015-04-07",1049,6,43),("2015-08-12",941,3,48),("2015-10-01",625,4,44),("2015-09-10",492,10,47),("2015-09-29",34,12,44),("2015-06-10",702,5,44),("2015-05-22",960,2,48),("2015-06-11",565,8,50),("2015-07-04",1376,2,41),("2015-04-18",43,12,43),("2015-07-11",58,6,42),("2015-08-15",1129,7,50),("2015-09-13",1037,8,47),("2015-03-21",45,9,45),("2015-07-08",349,10,49),("2015-12-13",165,12,48),("2015-06-05",846,10,42);
INSERT INTO `customer_room` (`buy_at`,`id_customer`,`id_room`,`id_gear`) VALUES ("2015-08-06",673,9,48),("2015-10-14",856,11,46),("2015-11-16",179,4,44),("2015-07-14",845,3,46),("2015-05-10",1255,10,44),("2015-08-12",1371,2,44),("2015-10-02",152,8,46),("2015-09-14",511,6,45),("2015-04-27",282,12,43),("2015-08-21",808,6,42),("2015-08-06",206,8,43),("2015-11-04",452,4,42),("2015-09-02",1218,5,43),("2015-07-12",877,11,44),("2015-04-23",216,11,44),("2015-04-10",302,9,42),("2015-04-14",1291,6,48),("2015-10-25",191,8,49),("2015-10-23",1127,8,42),("2015-10-18",1339,9,45),("2015-07-07",1335,9,50),("2015-03-02",480,3,43),("2015-09-02",1236,7,41),("2015-08-27",241,9,47),("2015-06-12",166,12,43),("2015-12-27",9,5,42),("2015-11-29",769,1,43),("2015-05-20",892,11,47),("2015-12-12",1465,7,41),("2015-10-26",1094,3,41),("2015-10-05",1038,9,46),("2015-07-05",415,8,48),("2015-06-26",408,12,50),("2015-12-30",466,9,45),("2015-11-01",966,12,42),("2015-08-07",559,8,45),("2015-04-27",1498,8,48),("2015-11-02",1133,7,50),("2015-04-24",978,4,43),("2015-04-01",107,6,45),("2015-11-13",710,6,42),("2015-10-20",707,8,49),("2015-10-23",530,1,47),("2015-07-03",301,6,41),("2015-09-16",1228,3,50),("2015-06-19",962,6,49),("2015-10-29",384,11,48),("2015-04-08",979,9,50),("2015-12-09",1182,8,46),("2015-08-07",950,12,45),("2015-06-26",585,3,45),("2015-05-12",896,6,47),("2015-07-27",269,2,47),("2015-12-04",813,5,42),("2015-06-06",872,11,49),("2015-04-10",228,11,43),("2015-11-03",1432,4,47),("2015-08-22",199,12,48),("2015-10-05",228,4,49),("2015-02-26",829,12,43),("2015-10-09",304,12,43),("2015-05-03",715,5,43),("2015-11-27",121,5,48),("2015-08-17",343,8,42),("2015-12-22",1215,12,49),("2015-07-30",275,8,46),("2015-05-13",225,2,48),("2015-09-14",714,1,42),("2015-12-20",872,10,43),("2015-08-31",1202,12,50),("2015-07-03",808,3,42),("2015-07-06",551,4,45),("2015-03-26",1163,7,43),("2015-06-06",1490,11,49),("2015-11-03",405,8,50),("2015-11-01",951,8,41),("2015-03-27",1103,10,41),("2015-11-06",28,12,45),("2015-08-24",218,3,48),("2015-10-04",451,12,46),("2015-04-23",194,6,48),("2015-06-11",341,9,47),("2015-11-16",442,1,49),("2015-05-16",656,11,49),("2015-10-09",1271,1,49),("2015-11-15",749,3,50),("2015-10-13",857,11,41),("2015-03-27",1235,5,50),("2015-09-27",649,7,45),("2015-12-05",32,12,47),("2015-07-22",1199,2,42),("2015-10-21",308,1,43),("2015-05-18",508,9,44),("2015-08-04",1027,5,45),("2015-12-10",190,4,41),("2015-07-11",419,4,44),("2015-09-27",765,6,41),("2015-04-14",954,10,45),("2015-12-27",1498,6,45),("2015-04-12",1076,5,46);
INSERT INTO `customer_room` (`buy_at`,`id_customer`,`id_room`,`id_gear`) VALUES ("2015-10-13",1318,10,49),("2015-12-22",132,5,43),("2015-10-06",554,1,45),("2015-08-10",859,12,43),("2015-04-03",882,4,41),("2015-06-22",436,4,45),("2015-07-05",1485,7,47),("2015-04-08",1345,11,42),("2015-08-12",1132,2,48),("2015-10-23",379,3,47),("2015-08-13",562,7,44),("2015-11-28",477,12,48),("2015-10-18",109,1,45),("2015-04-05",375,12,41),("2015-08-28",738,11,49),("2015-05-11",869,10,44),("2015-08-05",1240,5,47),("2015-10-17",222,12,43),("2015-06-28",1358,10,42),("2015-07-17",868,11,44),("2015-12-21",1345,7,50),("2015-03-08",768,9,49),("2015-07-21",313,7,46),("2015-08-24",628,7,41),("2015-11-15",655,1,48),("2015-10-07",1371,8,45),("2015-05-16",182,3,47),("2015-09-17",693,12,48),("2015-07-26",1059,12,41),("2015-04-07",461,3,47),("2015-08-11",1024,2,44),("2015-05-08",330,8,48),("2015-10-10",160,5,44),("2015-08-25",1074,11,43),("2015-03-01",763,2,45),("2015-12-01",228,5,45),("2015-08-12",236,4,49),("2015-12-18",1127,8,45),("2015-03-10",1127,6,41),("2015-05-21",948,3,47),("2015-06-21",1051,12,50),("2015-09-24",399,2,48),("2015-11-10",985,6,47),("2015-12-15",1193,7,48),("2015-11-01",1019,5,50),("2015-04-11",885,7,46),("2015-04-27",1127,8,49),("2015-12-06",899,1,47),("2015-05-28",850,11,49),("2015-09-01",379,10,41),("2015-03-19",581,12,50),("2015-06-21",527,6,41),("2015-03-16",309,1,47),("2015-06-13",640,10,43),("2015-08-10",196,11,41),("2015-09-10",576,11,45),("2015-09-06",1193,3,48),("2015-08-10",496,10,43),("2015-06-15",968,12,49),("2015-08-28",1104,8,47),("2015-11-30",1191,8,47),("2015-05-07",830,9,47),("2015-08-31",239,3,45),("2015-06-04",816,9,46),("2015-10-28",1344,5,43),("2015-09-12",1225,3,49),("2015-10-07",1334,4,48),("2015-05-12",690,6,43),("2015-08-02",223,7,48),("2015-04-28",92,4,46),("2015-03-24",689,12,45),("2015-07-30",87,12,48),("2015-07-19",1075,7,50),("2015-06-06",765,4,45),("2015-12-02",346,7,50),("2015-07-23",907,6,42),("2015-10-18",403,1,49),("2015-10-18",412,8,43),("2015-06-15",793,2,41),("2015-06-04",1374,9,41),("2015-10-18",1245,2,47),("2015-03-31",1381,4,50),("2015-03-29",106,10,50),("2015-07-13",258,11,44),("2015-03-11",9,7,50),("2015-09-09",1320,11,46),("2015-03-19",747,1,43),("2015-11-03",751,3,48),("2015-06-24",887,7,49),("2015-08-04",754,5,41),("2015-11-24",392,11,49),("2015-11-13",359,12,45),("2015-08-11",1225,11,45),("2015-03-20",157,7,48),("2015-09-30",350,8,48),("2015-11-17",152,9,46),("2015-06-30",478,6,42),("2015-04-14",1140,4,47),("2015-03-29",329,2,50),("2015-06-09",1487,2,42);
INSERT INTO `customer_room` (`buy_at`,`id_customer`,`id_room`,`id_gear`) VALUES ("2015-03-29",247,11,45),("2015-07-19",624,8,45),("2015-08-07",347,7,47),("2015-10-12",219,6,46),("2015-11-19",348,5,41),("2015-08-30",493,3,50),("2015-03-09",416,5,47),("2015-03-09",1231,10,47),("2015-07-04",1432,4,43),("2015-02-23",965,7,41),("2015-11-30",1135,1,49),("2015-08-06",532,10,50),("2015-10-07",1397,4,41),("2015-04-11",1015,4,41),("2015-09-15",1324,11,47),("2015-06-07",80,1,45),("2015-11-27",1487,9,48),("2015-08-29",627,5,49),("2015-04-20",1352,5,44),("2015-06-08",583,8,48),("2015-09-28",1046,6,49),("2015-03-30",274,12,45),("2015-11-03",1303,7,46),("2015-05-25",1254,9,45),("2015-09-11",412,3,43),("2015-03-19",1204,3,48),("2015-02-27",1424,6,48),("2015-11-11",336,12,46),("2015-05-28",713,2,47),("2015-11-28",506,7,48),("2015-12-08",1083,7,48),("2015-11-20",569,9,44),("2015-02-23",169,4,50),("2015-04-12",979,5,50),("2015-12-02",920,9,45),("2015-03-10",69,10,47),("2015-04-02",505,10,45),("2015-11-27",1054,3,49),("2015-12-20",658,8,47),("2015-07-03",534,6,44),("2015-11-28",884,1,45),("2015-07-14",86,5,49),("2015-09-02",1227,9,43),("2015-09-03",476,8,44),("2015-10-17",481,8,41),("2015-12-04",574,6,45),("2015-07-28",252,4,48),("2015-08-26",1230,5,44),("2015-03-25",1265,10,42),("2015-03-02",593,9,45),("2015-09-03",1066,9,42),("2015-02-27",440,7,42),("2015-04-30",1380,8,44),("2015-10-18",242,9,49),("2015-10-12",721,9,48),("2015-11-08",1337,12,49),("2015-03-12",163,4,46),("2015-12-14",1293,2,41),("2015-03-25",567,9,47),("2015-11-10",993,4,47),("2015-03-02",184,6,48),("2015-11-10",168,1,47),("2015-04-11",666,8,46),("2015-03-27",235,9,46),("2015-12-08",242,7,42),("2015-06-15",928,1,49),("2015-08-30",392,9,42),("2015-09-07",754,2,43),("2015-08-16",115,7,41),("2015-03-28",1331,1,43),("2015-10-09",1271,8,44),("2015-04-25",292,11,47),("2015-08-11",727,12,41),("2015-04-29",292,4,49),("2015-04-02",359,12,47),("2015-09-07",391,11,47),("2015-11-12",1450,4,44),("2015-06-20",577,3,49),("2015-04-26",1083,10,42),("2015-09-19",1240,11,42),("2015-02-26",1047,7,45),("2015-03-29",1336,9,42),("2015-06-22",152,5,41),("2015-08-27",1013,3,43),("2015-08-09",1074,12,49),("2015-06-21",11,4,48),("2015-09-05",1265,6,48),("2015-03-28",1020,1,45),("2015-11-13",975,6,44),("2015-09-03",489,12,44),("2015-03-31",677,3,50),("2015-03-12",10,1,47),("2015-08-22",266,1,49),("2015-07-10",575,9,48),("2015-12-22",1307,3,41),("2015-03-07",595,9,50),("2015-06-14",750,10,46),("2015-10-28",808,5,49),("2015-09-17",413,9,47),("2015-08-28",1053,3,48);
INSERT INTO `customer_room` (`buy_at`,`id_customer`,`id_room`,`id_gear`) VALUES ("2015-06-23",1011,2,47),("2015-10-25",1030,6,42),("2015-04-11",1112,6,46),("2015-08-08",130,9,47),("2015-11-04",658,6,43),("2015-04-29",860,4,46),("2015-07-02",1158,8,46),("2015-05-12",1356,6,50),("2015-11-19",276,4,49),("2015-08-15",865,8,42),("2015-06-10",767,12,43),("2015-06-29",1256,5,50),("2015-10-29",160,1,45),("2015-05-23",950,9,49),("2015-04-29",489,8,49),("2015-09-23",1292,2,47),("2015-09-22",508,3,41),("2015-08-24",264,3,46),("2015-05-27",1260,3,45),("2015-04-19",1314,7,42),("2015-03-17",245,7,43),("2015-03-24",1105,10,42),("2015-08-10",427,12,49),("2015-12-12",645,12,50),("2015-04-29",1226,7,50),("2015-02-23",909,4,41),("2015-05-01",366,11,43),("2015-07-10",1185,8,48),("2015-08-17",1180,5,41),("2015-09-15",193,2,47),("2015-03-31",981,12,50),("2015-09-22",890,5,41),("2015-07-11",688,3,49),("2015-05-02",736,9,41),("2015-06-03",1130,1,46),("2015-07-23",381,10,49),("2015-05-15",315,2,44),("2015-09-20",951,9,43),("2015-09-09",1317,10,44),("2015-12-16",1333,5,43),("2015-12-19",1394,9,45),("2015-03-27",312,6,45),("2015-10-21",1210,7,49),("2015-05-13",685,5,48),("2015-03-01",290,10,43),("2015-07-29",915,4,46),("2015-03-07",14,7,41),("2015-11-06",203,1,46),("2015-12-11",521,11,50),("2015-10-06",633,10,48),("2015-10-07",642,12,44),("2015-02-25",613,9,48),("2015-08-23",1200,6,42),("2015-12-05",541,6,43),("2015-09-19",963,3,47),("2015-10-02",568,8,45),("2015-06-25",678,6,48),("2015-02-24",591,9,45),("2015-08-24",1377,2,48),("2015-05-14",1319,11,44),("2015-03-04",1390,4,46),("2015-05-19",171,7,49),("2015-05-07",322,7,43),("2015-08-06",1188,7,49),("2015-10-01",1077,7,47),("2015-10-07",1038,1,41),("2015-08-24",1364,4,44),("2015-08-06",695,8,41),("2015-11-20",564,9,50),("2015-08-02",1252,2,43),("2015-03-23",958,11,50),("2015-08-15",810,5,47),("2015-05-28",1253,2,50),("2015-06-15",503,2,49),("2015-05-29",456,5,49),("2015-12-03",779,8,47),("2015-07-05",1036,9,41),("2015-11-05",1274,4,50),("2015-05-18",439,10,49),("2015-08-04",1334,5,44),("2015-07-25",105,6,41),("2015-09-21",1075,12,42),("2015-09-18",1355,4,47),("2015-12-23",442,1,41),("2015-06-19",715,12,50),("2015-12-12",1266,5,42),("2015-09-11",1064,3,44),("2015-04-22",629,3,46),("2015-11-08",410,4,42),("2015-09-07",549,4,47),("2015-06-28",1422,5,45),("2015-04-07",339,8,41),("2015-09-09",865,12,49),("2015-11-16",126,6,46),("2015-03-04",1268,5,47),("2015-04-15",1006,12,44),("2015-09-30",1445,2,48),("2015-04-09",127,3,50),("2015-04-07",877,4,41),("2015-08-16",1253,12,47);
INSERT INTO `customer_room` (`buy_at`,`id_customer`,`id_room`,`id_gear`) VALUES ("2015-10-31",141,1,48),("2015-06-23",1069,12,49),("2015-06-24",905,10,44),("2015-08-27",114,11,43),("2015-08-21",61,3,44),("2015-08-10",1439,7,44),("2015-07-12",1201,2,41),("2015-09-12",1046,12,45),("2015-05-05",1432,11,49),("2015-03-17",218,3,46),("2015-07-11",334,11,49),("2015-08-04",633,12,43),("2015-04-15",1,9,49),("2015-11-15",1367,6,47),("2015-03-31",974,9,44),("2015-04-29",1476,11,50),("2015-03-23",1004,1,45),("2015-08-19",1343,2,43),("2015-12-28",163,4,44),("2015-05-05",137,8,46),("2015-04-17",1148,6,45),("2015-07-04",886,11,45),("2015-11-22",1046,10,46),("2015-08-10",88,2,46),("2015-12-27",1079,6,42),("2015-05-16",112,12,46),("2015-10-24",1290,4,50),("2015-06-15",195,12,45),("2015-04-12",264,8,41),("2015-08-18",959,1,47),("2015-12-16",1297,10,46),("2015-07-21",443,6,47),("2015-09-20",1308,3,41),("2015-04-26",141,10,43),("2015-04-16",590,2,43),("2015-11-28",232,3,44),("2015-08-27",885,11,47),("2015-12-24",757,12,42),("2015-12-22",1067,1,44),("2015-04-24",281,8,44),("2015-06-04",252,11,44),("2015-05-29",42,6,46),("2015-07-12",426,8,49),("2015-06-18",918,6,45),("2015-08-21",946,8,49),("2015-04-13",605,9,44),("2015-04-09",787,10,42),("2015-05-11",514,7,47),("2015-05-23",242,6,50),("2015-11-16",1302,3,41),("2015-08-09",1418,1,42),("2015-08-05",1074,12,45),("2015-06-07",1407,11,41),("2015-08-29",642,12,49),("2015-09-01",1295,10,49),("2015-12-20",1203,8,48),("2015-02-27",618,6,42),("2015-04-12",105,9,41),("2015-10-26",1432,3,48),("2015-03-09",894,7,49),("2015-07-08",461,12,44),("2015-07-13",692,12,46),("2015-04-05",892,5,41),("2015-10-18",391,3,48),("2015-05-04",491,1,47),("2015-05-12",940,8,44),("2015-09-01",405,12,44),("2015-12-14",319,5,41),("2015-03-01",698,6,46),("2015-12-12",454,8,50),("2015-04-10",299,2,43),("2015-02-24",1266,11,48),("2015-05-15",823,10,46),("2015-09-07",1420,11,48),("2015-03-21",1324,3,48),("2015-06-06",1425,1,41),("2015-06-26",697,7,42),("2015-03-09",1330,8,47),("2015-10-19",853,1,44),("2015-06-15",1283,12,43),("2015-10-17",600,4,46),("2015-11-27",562,5,42),("2015-06-18",300,1,44),("2015-11-17",814,8,48),("2015-08-28",315,1,50),("2015-12-01",272,12,46),("2015-06-12",762,2,41),("2015-04-06",384,7,41),("2015-11-24",125,6,47),("2015-10-07",1101,3,43),("2015-09-01",164,9,50),("2015-02-23",1214,11,47),("2015-08-09",632,3,43),("2015-12-08",1397,12,41),("2015-07-18",104,4,45),("2015-04-12",244,3,45),("2015-05-08",7,8,43),("2015-02-25",716,12,48),("2015-12-15",114,8,46),("2015-12-30",714,10,41);
INSERT INTO `customer_room` (`buy_at`,`id_customer`,`id_room`,`id_gear`) VALUES ("2015-04-06",407,10,43),("2015-07-09",10,1,45),("2015-05-27",468,8,45),("2015-07-10",1074,9,48),("2015-07-07",398,10,42),("2015-03-21",1472,4,45),("2015-07-30",898,7,43),("2015-09-20",384,4,45),("2015-06-27",183,11,47),("2015-09-02",824,6,50),("2015-06-28",1085,9,47),("2015-02-23",1466,1,48),("2015-02-23",287,5,49),("2015-11-16",549,7,45),("2015-04-18",5,3,43),("2015-10-03",474,4,42),("2015-12-08",1067,2,49),("2015-06-11",1256,10,44),("2015-08-01",146,5,48),("2015-06-30",1370,5,45),("2015-06-11",1198,3,46),("2015-07-05",646,12,47),("2015-06-13",1454,10,47),("2015-07-08",822,4,49),("2015-09-09",65,4,43),("2015-03-22",1473,5,42),("2015-03-24",1246,2,48),("2015-05-02",20,10,50),("2015-06-01",751,4,43),("2015-09-17",1492,7,48),("2015-06-15",837,12,47),("2015-05-20",798,8,46),("2015-11-27",1430,1,47),("2015-03-23",254,1,44),("2015-07-05",953,5,49),("2015-07-24",830,5,44),("2015-11-10",775,5,43),("2015-10-21",1051,6,46),("2015-10-08",222,6,48),("2015-12-30",1358,2,47),("2015-11-06",664,2,47),("2015-09-27",881,9,48),("2015-10-04",1401,11,47),("2015-09-14",243,8,41),("2015-04-11",1186,10,46),("2015-07-15",476,7,41),("2015-04-05",206,4,46),("2015-05-17",667,7,50),("2015-03-23",639,6,41),("2015-03-16",158,3,43),("2015-08-31",1406,9,48),("2015-05-03",355,1,41),("2015-07-13",844,10,49),("2015-09-20",1475,2,45),("2015-09-07",462,1,44),("2015-05-15",274,11,46),("2015-12-09",545,1,48),("2015-05-18",1053,12,47),("2015-07-14",590,3,46),("2015-12-23",200,4,43),("2015-12-08",1352,6,49),("2015-03-29",1026,10,48),("2015-11-24",677,4,45),("2015-11-16",506,10,44),("2015-06-18",886,5,44),("2015-04-11",470,9,48),("2015-12-09",119,3,46),("2015-04-22",1326,8,43),("2015-04-27",822,8,46),("2015-03-28",800,3,47),("2015-09-22",1191,12,45),("2015-08-28",30,12,50),("2015-09-02",1147,11,50),("2015-09-10",1195,3,43),("2015-08-03",839,8,43),("2015-04-28",582,10,42),("2015-05-07",797,4,49),("2015-07-20",469,4,41),("2015-06-06",602,9,50),("2015-11-09",16,12,46),("2015-11-19",1376,2,46),("2015-06-11",273,1,44),("2015-06-25",792,9,48),("2015-11-28",417,10,46),("2015-12-09",907,7,50),("2015-11-19",9,2,45),("2015-10-19",143,1,46),("2015-10-17",1245,1,50),("2015-03-01",1368,2,46),("2015-09-19",483,12,43),("2015-10-06",288,2,50),("2015-10-01",942,3,48),("2015-02-28",131,5,48),("2015-07-20",607,2,42),("2015-11-15",1088,5,43),("2015-12-10",457,2,45),("2015-07-30",439,7,47),("2015-09-03",962,4,48),("2015-04-22",37,12,41),("2015-02-23",113,8,49);
INSERT INTO `customer_room` (`buy_at`,`id_customer`,`id_room`,`id_gear`) VALUES ("2015-08-25",545,3,42),("2015-06-29",262,12,47),("2015-09-07",585,9,49),("2015-10-01",389,12,50),("2015-07-08",1049,5,49),("2015-06-10",1105,9,48),("2015-11-01",668,1,50),("2015-08-21",397,7,48),("2015-07-08",736,1,42),("2015-06-22",344,6,47),("2015-03-10",544,8,48),("2015-12-30",905,5,48),("2015-07-12",390,4,50),("2015-10-04",1382,7,44),("2015-08-08",1027,6,43),("2015-05-02",913,7,43),("2015-12-03",1,8,44),("2015-08-23",48,12,44),("2015-08-28",408,11,47),("2015-03-11",1410,12,49),("2015-02-28",178,6,45),("2015-11-14",1499,6,42),("2015-09-09",725,6,46),("2015-04-08",1247,11,46),("2015-10-17",1413,12,48),("2015-04-15",435,9,43),("2015-12-22",1210,5,41),("2015-12-03",1117,12,50),("2015-11-09",123,10,47),("2015-08-18",221,5,45),("2015-12-30",1214,2,42),("2015-06-16",285,5,48),("2015-10-07",435,10,50),("2015-06-08",963,9,41),("2015-08-09",1229,1,43),("2015-06-01",448,2,43),("2015-06-01",473,10,50),("2015-05-06",817,4,49),("2015-06-17",1101,3,41),("2015-09-07",1136,1,43),("2015-03-12",289,6,50),("2015-04-24",235,1,49),("2015-09-16",1146,9,46),("2015-05-24",1371,1,49),("2015-04-26",1079,8,42),("2015-06-16",1121,8,41),("2015-12-29",641,1,49),("2015-06-01",251,7,50),("2015-07-26",684,12,41),("2015-12-02",681,1,45),("2015-12-18",289,8,49),("2015-12-15",527,6,50),("2015-08-01",191,9,44),("2015-10-13",584,12,41),("2015-11-06",144,5,47),("2015-07-07",1482,2,46),("2015-10-02",810,4,47),("2015-05-12",1245,7,43),("2015-06-14",642,1,45),("2015-09-11",378,3,45),("2015-12-22",1127,2,44),("2015-09-23",1069,6,42),("2015-11-19",1206,9,43),("2015-10-26",1289,3,48),("2015-12-11",656,5,47),("2015-09-09",735,3,46),("2015-12-13",1320,2,41),("2015-07-29",1452,1,49),("2015-11-23",186,11,48),("2015-12-05",1173,2,44),("2015-12-28",802,5,43),("2015-03-07",1015,7,44),("2015-10-08",972,5,49),("2015-10-20",1445,3,45),("2015-07-04",1103,9,44),("2015-11-24",380,1,41),("2015-05-20",449,6,50),("2015-04-11",1110,9,42),("2015-05-21",811,2,48),("2015-03-23",1476,4,46),("2015-11-08",287,4,50),("2015-11-25",1224,5,45),("2015-11-20",1089,7,43),("2015-05-09",892,1,50),("2015-09-08",977,1,48),("2015-03-31",1329,1,44),("2015-02-24",539,11,43),("2015-10-10",483,8,43),("2015-05-20",984,6,46),("2015-03-18",1269,8,50),("2015-06-10",829,6,50),("2015-06-10",1497,3,50),("2015-05-01",1315,1,47),("2015-07-24",220,11,45),("2015-06-13",818,5,42),("2015-10-08",1081,9,48),("2015-03-09",124,2,47),("2015-07-01",1076,11,48),("2015-09-27",227,9,43),("2015-09-01",347,5,48);
INSERT INTO `customer_room` (`buy_at`,`id_customer`,`id_room`,`id_gear`) VALUES ("2015-04-27",35,9,50),("2015-12-18",1217,9,47),("2015-07-20",321,8,43),("2015-07-22",26,12,41),("2015-04-26",1424,1,48),("2015-07-05",1376,9,49),("2015-06-29",1264,1,45),("2015-12-06",731,3,46),("2015-09-09",416,10,49),("2015-08-16",571,5,45),("2015-08-05",615,10,50),("2015-12-30",1379,10,46),("2015-08-25",376,12,42),("2015-12-09",940,9,44),("2015-08-20",488,6,43),("2015-04-21",1013,1,44),("2015-08-14",1327,2,50),("2015-12-02",319,7,49),("2015-12-10",989,11,44),("2015-10-11",1176,6,47),("2015-05-18",134,10,42),("2015-05-19",601,4,42),("2015-08-05",329,12,43),("2015-07-30",1001,1,47),("2015-07-16",771,5,42),("2015-05-24",742,3,49),("2015-06-24",944,9,45),("2015-07-01",1160,7,45),("2015-07-30",920,5,43),("2015-11-20",1026,12,50),("2015-11-03",216,4,46),("2015-06-06",1030,7,48),("2015-03-30",484,8,50),("2015-12-23",236,6,45),("2015-12-24",323,3,47),("2015-05-25",570,6,47),("2015-08-09",286,4,44),("2015-07-06",905,1,43),("2015-12-18",972,11,46),("2015-02-24",222,2,45),("2015-09-18",1301,4,50),("2015-10-12",1059,12,44),("2015-05-22",563,1,47),("2015-04-23",1309,6,47),("2015-11-13",791,9,41),("2015-04-15",733,3,46),("2015-04-21",325,10,46),("2015-12-06",304,4,43),("2015-03-14",284,10,43),("2015-03-27",782,11,46),("2015-03-30",1122,7,42),("2015-06-16",1437,8,46),("2015-08-29",1217,2,50),("2015-09-20",41,4,47),("2015-12-05",1427,3,41),("2015-11-16",171,4,41),("2015-10-03",35,12,49),("2015-12-21",1257,1,47),("2015-09-26",1154,9,45),("2015-06-06",1465,7,50),("2015-05-10",643,11,41),("2015-03-04",208,11,48),("2015-08-12",1343,10,41),("2015-03-17",78,11,46),("2015-04-23",1117,9,50),("2015-06-19",112,11,47),("2015-10-08",405,7,42),("2015-09-12",1245,12,41),("2015-06-09",244,4,47),("2015-07-01",529,4,49),("2015-04-04",190,9,45),("2015-04-12",583,10,46),("2015-12-02",135,5,43),("2015-07-09",964,9,41),("2015-11-13",304,4,46),("2015-08-14",1058,11,49),("2015-06-08",1223,5,47),("2015-05-11",336,11,44),("2015-05-17",68,9,48),("2015-06-09",274,2,47),("2015-12-14",953,9,50),("2015-11-21",1386,7,44),("2015-07-07",873,5,47),("2015-09-27",6,11,44),("2015-10-15",569,4,47),("2015-08-22",383,11,46),("2015-08-11",765,5,41),("2015-08-01",842,2,48),("2015-08-06",1098,3,48),("2015-06-20",608,12,47),("2015-07-18",657,12,43),("2015-06-03",536,5,45),("2015-10-06",831,5,47),("2015-08-08",491,9,42),("2015-10-21",156,1,47),("2015-04-09",1158,9,41),("2015-12-04",623,11,41),("2015-07-14",342,10,41),("2015-09-15",1388,4,49),("2015-10-13",311,7,46);
INSERT INTO `customer_room` (`buy_at`,`id_customer`,`id_room`,`id_gear`) VALUES ("2015-07-22",1003,6,45),("2015-07-05",1004,9,49),("2015-12-07",391,2,44),("2015-07-13",1042,11,42),("2015-10-19",99,3,48),("2015-03-28",1001,6,46),("2015-09-20",59,4,49),("2015-12-27",1125,6,48),("2015-05-07",1368,7,50),("2015-05-03",823,3,47),("2015-07-19",835,5,43),("2015-06-17",514,6,50),("2015-05-06",408,12,50),("2015-06-21",756,3,44),("2015-06-20",572,1,44),("2015-04-29",1087,8,42),("2015-10-24",610,4,47),("2015-11-25",1074,7,44),("2015-05-19",482,8,44),("2015-11-09",780,2,48),("2015-03-25",571,1,45),("2015-08-12",480,4,47),("2015-11-22",314,3,41),("2015-09-13",1168,4,47),("2015-07-17",1125,3,46),("2015-04-06",1182,4,44),("2015-06-05",1483,5,44),("2015-08-01",853,4,46),("2015-11-21",1218,1,50),("2015-07-19",307,5,44),("2015-09-03",85,7,50),("2015-05-27",581,1,42),("2015-09-28",945,5,47),("2015-10-23",885,4,50),("2015-07-28",497,5,49),("2015-10-19",653,3,44),("2015-07-06",335,7,46),("2015-10-25",825,4,41),("2015-06-04",671,10,41),("2015-08-23",1217,3,50),("2015-04-26",975,5,47),("2015-04-25",130,4,45),("2015-09-25",774,5,42),("2015-09-17",1202,3,46),("2015-09-15",1440,5,50),("2015-03-11",481,2,41),("2015-10-18",179,8,45),("2015-05-24",1077,1,46),("2015-05-23",967,5,45),("2015-07-01",214,9,41),("2015-07-13",155,9,42),("2015-05-17",14,7,41),("2015-06-19",822,7,46),("2015-11-10",953,1,42),("2015-10-27",324,7,49),("2015-10-02",567,6,45),("2015-07-15",1191,8,43),("2015-03-02",717,11,49),("2015-04-24",1078,3,49),("2015-11-20",140,2,43),("2015-09-20",1478,1,42),("2015-07-25",618,2,41),("2015-12-17",1294,2,49),("2015-06-30",65,8,48),("2015-12-27",160,11,48),("2015-04-11",1019,7,43),("2015-05-18",616,3,45),("2015-02-26",330,7,45),("2015-07-20",443,5,41),("2015-11-18",983,9,46),("2015-11-11",11,12,47),("2015-11-25",28,1,42),("2015-03-09",557,8,45),("2015-10-13",1254,5,43),("2015-10-15",389,4,41),("2015-11-18",715,12,43),("2015-04-01",112,8,47),("2015-08-27",585,7,50),("2015-08-26",1459,4,42),("2015-08-20",321,4,48),("2015-09-11",1424,7,47),("2015-08-04",1428,12,46),("2015-06-07",278,5,46),("2015-03-25",1119,5,41),("2015-08-17",653,4,49),("2015-05-19",80,2,44),("2015-12-11",1172,8,49),("2015-04-22",387,4,47),("2015-12-26",839,2,46),("2015-08-14",685,5,49),("2015-11-01",883,2,42),("2015-07-14",848,6,47),("2015-06-24",854,12,50),("2015-11-25",1314,10,50),("2015-05-21",100,5,43),("2015-08-25",521,10,42),("2015-06-06",253,2,45),("2015-06-26",239,9,50),("2015-05-26",489,9,41),("2015-03-12",56,4,43);
INSERT INTO `customer_room` (`buy_at`,`id_customer`,`id_room`,`id_gear`) VALUES ("2015-11-15",578,9,46),("2015-08-05",14,9,48),("2015-05-09",493,12,49),("2015-05-21",1099,4,43),("2015-05-11",914,10,41),("2015-08-21",1140,6,49),("2015-03-13",973,7,49),("2015-10-04",1412,9,43),("2015-07-10",877,7,45),("2015-11-03",1366,4,47),("2015-05-31",678,9,45),("2015-03-07",1313,12,48),("2015-04-15",1324,7,45),("2015-12-16",100,12,44),("2015-05-06",155,11,41),("2015-02-28",383,2,44),("2015-08-29",1098,9,42),("2015-07-05",878,4,45),("2015-03-18",31,11,49),("2015-07-16",173,4,47),("2015-10-27",1,5,47),("2015-09-17",130,11,45),("2015-05-01",114,3,43),("2015-12-11",393,6,49),("2015-11-08",323,11,43),("2015-03-30",735,12,45),("2015-09-07",571,4,43),("2015-11-30",869,2,49),("2015-05-16",123,3,48),("2015-09-12",555,2,48),("2015-07-24",338,12,42),("2015-11-01",930,8,43),("2015-12-01",246,2,45),("2015-08-06",59,3,44),("2015-03-22",1311,12,48),("2015-04-06",967,8,50),("2015-03-17",904,12,45),("2015-09-15",1225,6,49),("2015-08-19",83,1,45),("2015-12-09",817,10,46),("2015-10-26",1399,6,41),("2015-06-12",696,1,48),("2015-03-25",467,9,47),("2015-04-22",623,4,44),("2015-07-28",162,9,43),("2015-11-20",1260,11,46),("2015-09-22",1286,9,48),("2015-09-09",1348,11,49),("2015-11-30",477,10,45),("2015-03-09",777,9,49),("2015-03-02",611,5,43),("2015-06-30",1274,11,41),("2015-11-29",154,9,41),("2015-12-18",76,4,44),("2015-07-25",173,11,41),("2015-05-15",1222,3,42),("2015-05-20",688,3,44),("2015-12-17",878,7,41),("2015-06-16",1253,1,45),("2015-11-05",1252,6,50),("2015-05-16",965,7,44),("2015-05-23",443,9,41),("2015-08-31",705,3,49),("2015-08-10",102,1,47),("2015-04-11",188,8,41),("2015-09-10",371,3,50),("2015-08-31",533,12,46),("2015-04-08",1198,2,47),("2015-12-03",1153,4,49),("2015-06-25",1341,11,45),("2015-04-07",1369,8,45),("2015-06-23",1111,5,43),("2015-09-15",589,1,47),("2015-04-01",341,6,43),("2015-06-06",1193,2,45),("2015-09-15",1217,10,48),("2015-12-05",573,6,42),("2015-07-22",998,2,42),("2015-04-14",891,11,46),("2015-12-02",601,2,44),("2015-04-08",466,9,47),("2015-03-30",1213,12,42),("2015-10-20",708,6,45),("2015-03-18",1090,3,50),("2015-10-09",1350,12,47),("2015-12-30",694,1,50),("2015-09-17",759,6,45),("2015-04-20",1349,2,48),("2015-09-10",984,3,44),("2015-07-25",195,7,47),("2015-12-30",663,10,49),("2015-12-16",700,1,45),("2015-12-28",377,5,47),("2015-09-01",1050,11,50),("2015-10-27",1277,3,45),("2015-03-27",1350,2,41),("2015-10-18",337,4,47),("2015-11-14",171,6,44),("2015-09-08",643,11,50),("2015-07-10",821,12,41);
INSERT INTO `customer_room` (`buy_at`,`id_customer`,`id_room`,`id_gear`) VALUES ("2015-07-19",221,2,41),("2015-09-06",197,12,47),("2015-03-28",1033,1,41),("2015-09-09",78,9,48),("2015-09-21",719,1,47),("2015-04-05",885,6,44),("2015-04-23",20,2,44),("2015-08-01",1015,2,50),("2015-03-18",242,12,50),("2015-08-16",660,11,42),("2015-07-12",172,8,49),("2015-09-19",29,3,50),("2015-06-11",1108,11,49),("2015-08-31",1001,7,42),("2015-05-19",494,10,47),("2015-10-25",201,1,49),("2015-05-03",359,8,47),("2015-11-24",1381,5,42),("2015-11-09",642,12,49),("2015-08-06",37,9,50),("2015-03-15",165,8,42),("2015-05-03",66,11,47),("2015-04-15",256,2,50),("2015-12-29",759,6,45),("2015-07-04",1271,1,49),("2015-07-09",1333,9,43),("2015-07-14",1253,7,41),("2015-06-17",440,5,46),("2015-03-28",1379,11,45),("2015-04-17",1169,7,45),("2015-11-13",653,3,50),("2015-06-18",637,6,41),("2015-04-17",727,10,45),("2015-05-19",1087,10,46),("2015-03-05",1237,6,43),("2015-12-07",728,5,50),("2015-06-13",1383,2,41),("2015-05-09",1046,8,46),("2015-08-27",529,11,44),("2015-11-11",454,3,43),("2015-03-15",815,3,47),("2015-10-12",1091,3,41),("2015-07-10",1264,11,45),("2015-12-23",427,4,48),("2015-12-17",581,10,46),("2015-05-03",1445,11,46),("2015-05-01",372,8,48),("2015-04-12",1194,8,48),("2015-03-03",1215,3,44),("2015-12-30",539,4,44),("2015-10-31",823,8,48),("2015-09-16",832,7,44),("2015-06-10",984,5,46),("2015-07-11",494,11,42),("2015-09-26",169,10,50),("2015-08-21",391,3,50),("2015-04-25",1005,4,49),("2015-12-25",949,10,46),("2015-04-22",1157,1,48),("2015-10-24",330,8,45),("2015-11-14",312,6,44),("2015-10-13",512,11,49),("2015-08-19",482,12,43),("2015-09-09",1377,3,49),("2015-06-03",855,10,43),("2015-08-15",252,11,47),("2015-06-13",703,1,48),("2015-06-15",1001,11,49),("2015-05-16",713,6,48),("2015-04-20",500,9,41),("2015-06-29",282,6,48),("2015-05-08",1439,2,48),("2015-03-06",967,4,49),("2015-07-01",818,6,47),("2015-08-25",1011,7,43),("2015-11-23",814,2,41),("2015-10-01",152,7,44),("2015-11-02",524,9,43),("2015-06-17",97,11,42),("2015-03-30",1071,7,44),("2015-09-06",155,4,44),("2015-11-24",1094,11,48),("2015-09-10",1290,6,45),("2015-06-11",727,3,43),("2015-11-15",976,11,47),("2015-06-15",1232,2,48),("2015-02-23",1247,3,42),("2015-10-01",820,2,47),("2015-12-16",1118,1,46),("2015-05-19",294,4,47),("2015-05-11",1110,9,42),("2015-04-03",80,5,43),("2015-08-17",224,10,50),("2015-11-09",928,12,48),("2015-08-11",729,10,49),("2015-06-17",1229,5,50),("2015-03-30",108,12,41),("2015-06-10",1325,12,48),("2015-12-11",799,3,48),("2015-08-22",1084,1,48);
INSERT INTO `customer_room` (`buy_at`,`id_customer`,`id_room`,`id_gear`) VALUES ("2015-03-22",225,7,49),("2015-09-15",1037,6,47),("2015-10-23",151,1,49),("2015-04-12",574,8,45),("2015-03-10",524,2,41),("2015-07-23",1270,4,45),("2015-08-02",509,10,50),("2015-08-10",114,8,42),("2015-04-29",808,10,47),("2015-03-21",1346,11,41),("2015-11-28",647,2,48),("2015-06-29",76,5,49),("2015-10-17",989,11,43),("2015-07-04",614,6,44),("2015-03-01",964,12,44),("2015-11-30",654,2,50),("2015-12-04",1266,9,44),("2015-05-26",1137,8,46),("2015-07-16",1371,1,41),("2015-06-28",680,4,42),("2015-08-13",476,4,50),("2015-10-19",1448,5,47),("2015-04-22",279,8,42),("2015-05-16",980,9,43),("2015-03-18",125,4,47),("2015-10-19",1490,10,50),("2015-09-06",902,6,46),("2015-04-20",27,4,49),("2015-09-27",651,7,46),("2015-11-27",742,10,43),("2015-11-06",883,7,46),("2015-06-22",1071,5,43),("2015-11-18",347,4,45),("2015-06-04",104,9,43),("2015-11-11",600,8,48),("2015-04-25",1441,11,43),("2015-04-08",1358,2,46),("2015-08-13",906,10,44),("2015-03-05",748,12,47),("2015-09-12",1223,9,50),("2015-07-07",1076,10,41),("2015-03-31",624,11,44),("2015-11-23",344,1,46),("2015-12-03",416,11,45),("2015-08-10",610,4,50),("2015-05-16",326,8,45),("2015-12-27",350,6,42),("2015-07-27",190,2,41),("2015-12-11",1373,10,45),("2015-03-21",264,10,42),("2015-11-29",1476,8,50),("2015-10-06",1429,5,41),("2015-05-26",842,4,43),("2015-06-05",1246,3,41),("2015-07-11",978,9,48),("2015-02-24",269,9,41),("2015-11-25",166,1,45),("2015-05-09",986,5,45),("2015-06-30",1109,5,42),("2015-07-24",79,11,42),("2015-07-04",1481,12,41),("2015-12-27",1007,5,50),("2015-11-28",654,2,43),("2015-10-16",179,11,41),("2015-03-20",508,6,41),("2015-08-21",227,5,41),("2015-06-05",33,3,48),("2015-06-18",241,7,49),("2015-05-15",287,3,47),("2015-11-19",112,5,48),("2015-11-08",190,5,42),("2015-05-29",494,3,41),("2015-03-13",1237,4,43),("2015-07-31",258,9,43),("2015-07-18",891,4,46),("2015-05-01",1168,6,45),("2015-05-28",1034,1,48),("2015-11-05",1240,10,47),("2015-05-26",27,7,45),("2015-08-21",319,12,45),("2015-08-03",669,12,47),("2015-04-09",1473,9,46),("2015-09-01",149,2,50),("2015-02-25",1117,11,45),("2015-10-04",524,9,45),("2015-05-25",738,9,44),("2015-08-28",207,2,44),("2015-05-23",1221,6,43),("2015-08-07",1496,8,43),("2015-09-17",594,7,46),("2015-05-03",1007,8,42),("2015-06-27",737,3,41),("2015-10-20",1273,9,41),("2015-10-05",23,1,49),("2015-10-07",957,4,41),("2015-06-13",630,12,47),("2015-06-21",1178,6,46),("2015-06-10",1207,7,50),("2015-08-11",1315,5,50),("2015-03-08",820,11,45);
INSERT INTO `customer_room` (`buy_at`,`id_customer`,`id_room`,`id_gear`) VALUES ("2015-09-24",221,11,44),("2015-08-27",1126,5,46),("2015-08-30",805,9,45),("2015-03-07",733,6,50),("2015-05-16",1170,5,46),("2015-04-11",1244,1,44),("2015-06-20",213,11,42),("2015-09-10",1021,10,48),("2015-03-22",159,3,49),("2015-07-13",494,9,42),("2015-05-21",146,9,46),("2015-08-29",218,6,41),("2015-07-05",901,10,47),("2015-04-09",75,4,47),("2015-04-16",1417,7,50),("2015-05-22",779,4,46),("2015-05-25",896,12,50),("2015-03-10",458,12,41),("2015-11-20",1358,6,49),("2015-06-06",877,2,49),("2015-03-10",242,7,42),("2015-10-06",842,11,49),("2015-10-13",1355,11,42),("2015-12-30",1210,6,41),("2015-07-17",500,10,46),("2015-10-13",504,2,41),("2015-03-01",1235,2,41),("2015-05-26",351,3,45),("2015-06-28",199,5,47),("2015-08-26",1142,4,42),("2015-09-05",137,3,45),("2015-03-09",362,1,43),("2015-08-16",851,10,42),("2015-12-27",89,7,48),("2015-03-08",1050,4,50),("2015-02-28",1434,5,49),("2015-03-13",161,5,48),("2015-10-14",410,4,50),("2015-12-22",655,9,44),("2015-06-17",401,1,44),("2015-05-04",61,9,49),("2015-12-23",1232,2,50),("2015-03-20",849,3,41),("2015-11-20",285,7,46),("2015-04-28",550,5,44),("2015-06-29",654,5,41),("2015-07-05",464,12,41),("2015-02-25",23,9,43),("2015-02-27",601,8,50),("2015-10-07",663,5,49),("2015-04-24",1245,11,46),("2015-12-06",323,12,45),("2015-12-29",89,5,41),("2015-12-12",1230,1,41),("2015-03-08",727,4,47),("2015-06-22",753,9,42),("2015-10-02",1043,10,41),("2015-11-01",375,7,41),("2015-09-09",870,6,46),("2015-04-03",27,12,50),("2015-08-14",396,2,43),("2015-06-01",1453,3,47),("2015-10-04",1007,8,44),("2015-12-29",868,1,41),("2015-07-14",805,5,41),("2015-12-18",553,7,46),("2015-11-28",1235,11,41),("2015-12-16",1373,12,44),("2015-08-28",298,4,41),("2015-10-25",11,3,50),("2015-07-19",521,3,43),("2015-05-10",612,7,44),("2015-03-05",380,5,46),("2015-06-29",553,6,45),("2015-02-27",905,3,45),("2015-11-11",1370,9,42),("2015-07-18",29,7,43),("2015-06-02",720,12,49),("2015-11-10",880,12,49),("2015-10-26",527,3,47),("2015-11-29",503,11,45),("2015-07-22",1371,12,41),("2015-10-05",457,6,41),("2015-09-11",1242,1,45),("2015-04-17",1347,4,45),("2015-07-04",743,11,42),("2015-04-29",1466,1,46),("2015-09-23",41,7,46),("2015-07-30",1206,2,44),("2015-09-23",1342,5,41),("2015-12-17",1141,2,42),("2015-10-26",317,4,50),("2015-05-11",1391,8,46),("2015-10-16",1461,8,44),("2015-05-25",40,1,47),("2015-07-30",1462,9,41),("2015-07-11",619,5,50),("2015-12-18",631,4,48),("2015-05-31",1220,9,48),("2015-12-29",787,10,43);
INSERT INTO `customer_room` (`buy_at`,`id_customer`,`id_room`,`id_gear`) VALUES ("2015-04-27",902,5,41),("2015-05-11",1467,9,50),("2015-08-31",1376,12,50),("2015-08-21",671,6,50),("2015-05-05",1001,10,44),("2015-10-01",539,12,48),("2015-03-02",564,5,47),("2015-07-17",1161,11,41),("2015-06-30",441,2,49),("2015-09-14",1209,10,41),("2015-11-19",1293,1,48),("2015-07-23",1333,2,48),("2015-04-08",560,5,47),("2015-09-29",1010,12,43),("2015-06-01",849,4,41),("2015-03-23",1029,9,42),("2015-12-22",1136,8,45),("2015-03-08",1079,9,50),("2015-10-05",779,11,49),("2015-06-13",1019,4,49),("2015-05-16",441,9,49),("2015-05-06",954,11,50),("2015-06-04",491,5,46),("2015-08-07",891,1,47),("2015-03-17",788,10,43),("2015-08-15",1305,1,42),("2015-10-07",149,11,46),("2015-05-19",406,5,49),("2015-10-11",1377,7,46),("2015-09-10",507,3,50),("2015-06-11",1184,11,49),("2015-07-23",1145,9,49),("2015-10-03",984,9,46),("2015-06-29",222,2,49),("2015-09-27",428,10,48),("2015-10-08",1319,1,42),("2015-08-29",545,7,46),("2015-10-24",944,2,50),("2015-10-21",1123,10,50),("2015-08-12",945,11,44),("2015-04-05",1326,6,42),("2015-11-26",666,2,42),("2015-11-12",579,9,41),("2015-12-09",970,4,42),("2015-03-16",633,3,45),("2015-11-13",993,4,50),("2015-09-23",1221,5,42),("2015-07-03",794,11,49),("2015-07-26",556,2,46),("2015-07-22",609,5,46),("2015-08-10",217,6,48),("2015-06-10",1474,11,50),("2015-09-16",1090,10,48),("2015-09-20",1218,7,43),("2015-11-05",926,12,45),("2015-06-16",811,7,47),("2015-07-20",251,1,50),("2015-11-23",1486,10,44),("2015-03-20",1452,11,50),("2015-09-07",728,10,49),("2015-08-02",369,2,44),("2015-11-24",1200,5,49),("2015-07-20",1089,8,50),("2015-08-13",1351,9,45),("2015-08-24",1010,6,46),("2015-04-12",42,7,43),("2015-06-13",557,9,43),("2015-07-24",152,5,50),("2015-04-25",566,5,45),("2015-09-27",930,6,46),("2015-09-05",797,5,45),("2015-06-12",474,5,42),("2015-11-30",175,9,43),("2015-06-09",268,7,46),("2015-06-05",1370,3,43),("2015-03-12",854,5,46),("2015-09-08",28,9,42),("2015-12-24",621,9,46),("2015-10-07",1378,2,46),("2015-05-30",1420,4,46),("2015-03-15",938,5,46),("2015-07-22",1325,12,43),("2015-04-21",1405,8,46),("2015-11-23",1120,1,43),("2015-12-23",1416,4,50),("2015-05-30",1196,12,44),("2015-08-18",1136,11,48),("2015-12-24",750,8,42),("2015-07-24",1411,2,48),("2015-12-10",649,4,49),("2015-06-28",845,1,49),("2015-05-29",114,8,47),("2015-03-31",1459,12,41),("2015-05-18",21,3,43),("2015-12-29",517,12,45),("2015-12-25",711,5,49),("2015-11-07",868,3,43),("2015-08-25",1499,9,42),("2015-09-17",496,2,44),("2015-10-03",555,8,44);
INSERT INTO `customer_room` (`buy_at`,`id_customer`,`id_room`,`id_gear`) VALUES ("2015-07-11",315,10,50),("2015-12-27",734,3,42),("2015-07-21",240,4,48),("2015-08-10",1263,4,47),("2015-10-01",9,9,49),("2015-07-30",1454,12,46),("2015-05-17",951,7,47),("2015-12-20",1016,5,50),("2015-04-22",187,8,43),("2015-06-12",559,2,42),("2015-06-14",620,7,41),("2015-05-13",648,11,44),("2015-11-30",958,9,49),("2015-05-23",448,2,44),("2015-04-30",908,4,42),("2015-03-25",1477,8,48),("2015-02-28",1401,4,45),("2015-09-22",1391,12,49),("2015-06-26",408,9,46),("2015-12-19",82,9,49),("2015-10-20",795,7,45),("2015-10-18",715,6,43),("2015-09-27",386,2,50),("2015-05-28",548,8,47),("2015-10-26",1232,5,46),("2015-06-28",703,6,45),("2015-12-19",1457,7,44),("2015-08-11",1417,1,48),("2015-10-14",1004,8,43),("2015-03-14",403,4,46),("2015-06-26",344,5,43),("2015-07-11",1429,12,42),("2015-10-06",1495,10,43),("2015-10-09",1485,10,43),("2015-07-18",549,6,44),("2015-10-21",742,12,44),("2015-09-06",865,7,50),("2015-07-22",1361,7,41),("2015-06-08",28,1,47),("2015-04-07",1046,11,47),("2015-08-22",316,11,49),("2015-11-07",748,4,48),("2015-10-03",258,11,42),("2015-08-13",1345,8,47),("2015-07-19",518,7,42),("2015-10-04",912,10,47),("2015-08-12",1001,12,47),("2015-04-24",6,5,42),("2015-10-04",97,2,44),("2015-11-18",315,11,50),("2015-10-29",1471,9,49),("2015-12-10",838,9,50),("2015-05-01",229,4,41),("2015-10-08",433,10,43),("2015-07-14",1007,11,46),("2015-12-11",681,6,45),("2015-10-12",126,12,43),("2015-03-22",544,2,49),("2015-08-31",1336,11,49),("2015-10-27",896,10,42),("2015-05-05",582,6,48),("2015-03-11",383,1,47),("2015-05-29",269,1,44),("2015-11-15",773,7,41),("2015-10-28",672,8,43),("2015-03-01",546,5,44),("2015-08-24",823,6,48),("2015-12-01",1403,12,42),("2015-09-24",1252,7,46),("2015-12-19",747,1,46),("2015-11-03",1227,12,47),("2015-07-15",1338,1,43),("2015-04-25",227,7,42),("2015-08-30",963,8,41),("2015-10-26",75,6,50),("2015-02-25",759,10,45),("2015-05-26",1389,8,50),("2015-03-26",922,10,50),("2015-06-28",805,12,42),("2015-05-30",555,7,42),("2015-05-27",1131,12,44),("2015-10-12",75,9,42),("2015-12-22",339,8,43),("2015-04-10",856,4,50),("2015-09-28",941,10,49),("2015-12-18",62,7,47),("2015-05-30",138,4,46),("2015-07-02",1304,6,47),("2015-09-02",194,4,46),("2015-06-18",403,9,44),("2015-07-18",106,6,49),("2015-04-27",929,6,46),("2015-08-03",225,12,42),("2015-05-02",175,8,48),("2015-09-09",1353,5,43),("2015-08-29",495,7,44),("2015-09-22",988,11,44),("2015-03-19",749,2,41),("2015-10-02",106,3,43),("2015-05-17",1236,5,47);
INSERT INTO `customer_room` (`buy_at`,`id_customer`,`id_room`,`id_gear`) VALUES ("2015-08-12",461,10,47),("2015-03-28",755,4,47),("2015-06-09",1220,6,41),("2015-06-16",157,12,43),("2015-10-26",970,3,43),("2015-12-18",203,9,48),("2015-05-25",1110,3,48),("2015-08-20",267,11,46),("2015-12-05",432,12,44),("2015-09-11",1319,4,45),("2015-09-24",597,6,41),("2015-05-30",1290,3,41),("2015-12-17",419,6,49),("2015-09-16",1083,1,46),("2015-05-25",1359,7,50),("2015-08-01",555,2,41),("2015-07-07",127,5,49),("2015-03-02",1406,4,50),("2015-05-20",1397,2,47),("2015-08-05",704,12,46),("2015-09-06",1448,10,50),("2015-04-23",1264,4,43),("2015-08-11",77,5,50),("2015-10-23",37,2,48),("2015-08-24",643,12,49),("2015-10-06",307,8,41),("2015-05-15",1131,6,43),("2015-12-14",1449,11,50),("2015-10-23",490,2,45),("2015-05-05",215,11,43),("2015-07-30",465,1,47),("2015-09-28",427,6,48),("2015-08-05",370,10,45),("2015-11-16",57,10,45),("2015-09-26",969,6,49),("2015-11-30",401,5,42),("2015-12-30",491,5,47),("2015-12-05",14,8,48),("2015-11-01",977,9,50),("2015-08-17",640,10,45),("2015-11-22",1292,10,44),("2015-09-18",404,12,47),("2015-10-07",1087,2,45),("2015-08-14",1225,1,48),("2015-07-16",1225,4,41),("2015-05-17",782,3,48),("2015-08-17",405,10,48),("2015-11-23",260,9,43),("2015-06-22",796,12,48),("2015-04-16",1104,2,47),("2015-06-18",1127,2,42),("2015-12-24",906,10,47),("2015-11-06",804,12,44),("2015-06-07",298,6,50),("2015-10-23",1091,6,49),("2015-12-15",1018,9,41),("2015-10-03",106,7,47),("2015-08-28",1066,1,49),("2015-06-02",956,9,44),("2015-12-09",116,10,46),("2015-08-06",790,10,45),("2015-04-16",1351,11,42),("2015-10-01",1216,11,50),("2015-02-23",1168,3,45),("2015-09-28",1242,2,41),("2015-07-01",401,11,43),("2015-03-22",107,12,45),("2015-03-21",403,12,47),("2015-07-03",14,7,50),("2015-06-22",752,2,44),("2015-10-08",1051,6,50),("2015-05-27",610,12,48),("2015-07-18",150,10,49),("2015-06-08",532,10,43),("2015-07-11",742,7,49),("2015-06-18",145,6,43),("2015-10-04",406,10,50),("2015-02-25",1120,8,44),("2015-08-06",1129,7,48),("2015-08-24",1296,6,48),("2015-06-24",288,12,41),("2015-02-26",245,1,47),("2015-11-04",801,6,45),("2015-09-13",1245,10,45),("2015-11-18",711,3,48),("2015-05-26",406,7,45),("2015-11-17",148,12,47),("2015-05-17",483,8,43),("2015-04-10",1317,11,43),("2015-04-11",415,11,42),("2015-07-01",1188,11,49),("2015-10-18",1339,10,41),("2015-05-07",598,7,41),("2015-10-27",569,8,44),("2015-06-25",540,5,41),("2015-04-21",358,5,46),("2015-04-14",1268,12,49),("2015-03-24",274,9,50),("2015-05-28",762,10,41),("2015-12-02",988,7,48);
INSERT INTO `customer_room` (`buy_at`,`id_customer`,`id_room`,`id_gear`) VALUES ("2015-08-12",721,2,45),("2015-03-07",1243,9,47),("2015-09-05",524,7,45),("2015-06-25",403,2,46),("2015-08-14",792,2,50),("2015-06-06",1389,4,42),("2015-10-27",1303,1,42),("2015-12-07",988,1,48),("2015-03-21",47,1,41),("2015-06-03",580,1,41),("2015-04-16",1151,7,49),("2015-08-31",212,3,45),("2015-10-01",1288,1,46),("2015-04-09",101,2,44),("2015-11-14",1071,2,46),("2015-04-10",362,9,47),("2015-12-19",988,5,50),("2015-06-05",271,3,48),("2015-11-26",590,3,45),("2015-04-07",131,9,50),("2015-11-15",1060,7,46),("2015-10-21",963,3,50),("2015-10-20",1314,9,41),("2015-03-26",1438,2,43),("2015-07-08",359,5,48),("2015-11-01",1383,7,43),("2015-03-09",580,11,42),("2015-08-11",1300,9,41),("2015-09-08",928,9,48),("2015-06-10",1447,4,44),("2015-07-17",1384,12,42),("2015-04-04",848,9,48),("2015-06-27",1271,2,47),("2015-11-17",801,8,49),("2015-09-18",103,4,45),("2015-10-10",1233,12,43),("2015-11-26",1392,1,49),("2015-08-21",1374,12,47),("2015-08-29",432,1,46),("2015-09-23",810,8,48),("2015-08-15",1500,10,45),("2015-03-13",803,3,43),("2015-12-24",1215,11,43),("2015-03-30",96,4,42),("2015-07-05",590,4,46),("2015-04-06",586,2,49),("2015-07-23",230,6,45),("2015-03-18",124,8,50),("2015-11-01",509,5,47),("2015-04-07",1015,5,46),("2015-07-09",378,10,43),("2015-06-02",1033,12,45),("2015-08-18",344,5,43),("2015-08-03",510,4,48),("2015-11-16",1000,4,49),("2015-07-14",240,7,44),("2015-04-25",1186,10,48),("2015-08-31",1417,6,47),("2015-03-07",749,2,50),("2015-06-01",705,10,48),("2015-04-15",44,3,41),("2015-09-10",323,12,48),("2015-05-18",1289,10,48),("2015-07-28",754,1,44),("2015-08-31",158,5,46),("2015-12-24",485,5,42),("2015-07-20",1359,10,42),("2015-08-10",612,10,49),("2015-11-19",1401,7,43),("2015-07-02",301,5,43),("2015-05-10",385,10,49),("2015-09-29",126,6,41),("2015-06-14",898,7,46),("2015-10-22",148,4,41),("2015-06-12",1208,6,42),("2015-07-06",669,1,41),("2015-04-20",572,12,46),("2015-08-01",405,11,49),("2015-12-12",1345,2,43),("2015-06-12",1194,10,47),("2015-11-02",994,5,49),("2015-10-14",301,1,49),("2015-07-22",817,10,43),("2015-05-04",552,2,44),("2015-02-28",278,3,50),("2015-12-23",1364,2,41),("2015-06-08",219,10,46),("2015-04-19",254,9,41),("2015-12-16",771,9,48),("2015-05-02",1177,9,48),("2015-05-26",257,10,49),("2015-05-05",1238,12,47),("2015-03-21",238,7,48),("2015-06-19",1419,11,46),("2015-04-02",1026,11,49),("2015-03-21",1038,5,50),("2015-08-02",926,3,43),("2015-04-15",1136,12,47),("2015-12-23",399,4,42),("2015-09-16",63,11,48);
INSERT INTO `customer_room` (`buy_at`,`id_customer`,`id_room`,`id_gear`) VALUES ("2015-05-13",672,11,43),("2015-04-27",1070,9,46),("2015-07-05",287,1,44),("2015-09-22",1437,1,44),("2015-09-07",1389,9,41),("2015-09-25",380,10,49),("2015-10-05",820,6,47),("2015-10-02",520,8,46),("2015-03-17",1409,10,44),("2015-10-25",1000,12,47),("2015-08-18",1443,4,41),("2015-08-27",398,1,42),("2015-04-27",687,6,48),("2015-11-07",787,11,44),("2015-08-08",303,5,46),("2015-10-01",1460,9,44),("2015-07-18",87,11,43),("2015-09-29",265,12,46),("2015-08-15",118,12,50),("2015-08-27",1035,1,42),("2015-06-09",622,12,46),("2015-11-15",1008,2,48),("2015-03-27",1194,9,45),("2015-04-09",232,11,47),("2015-07-22",419,9,50),("2015-12-08",1320,7,48),("2015-11-07",224,3,43),("2015-03-19",314,2,46),("2015-12-24",181,12,42),("2015-07-04",1408,1,46),("2015-09-28",524,1,44),("2015-06-27",553,10,44),("2015-11-05",1236,2,47),("2015-10-22",262,10,41),("2015-08-05",606,11,46),("2015-09-08",276,5,48),("2015-02-28",84,9,42),("2015-06-26",912,11,46),("2015-12-15",1299,8,42),("2015-07-27",1050,5,41),("2015-08-23",1423,4,44),("2015-10-24",1455,4,45),("2015-10-04",160,10,49),("2015-06-16",945,5,44),("2015-08-17",1172,9,50),("2015-07-26",1393,10,46),("2015-06-18",101,8,44),("2015-11-19",59,12,45),("2015-10-22",630,2,49),("2015-06-25",903,6,43),("2015-12-13",368,10,44),("2015-09-08",935,6,45),("2015-06-21",704,5,43),("2015-04-04",450,5,48),("2015-07-28",88,4,48),("2015-09-30",147,1,46),("2015-10-05",1293,10,47),("2015-06-29",246,4,44),("2015-09-04",590,8,44),("2015-11-11",978,10,48),("2015-07-06",1286,10,48),("2015-05-04",487,3,47),("2015-04-13",94,3,49),("2015-11-08",51,12,48),("2015-12-23",1211,11,45),("2015-04-09",1189,9,50),("2015-09-29",1109,1,42),("2015-09-05",645,4,48),("2015-11-19",1236,2,46),("2015-08-17",1338,9,44),("2015-05-17",1123,8,47),("2015-04-28",563,5,49),("2015-11-26",333,11,44),("2015-10-01",835,4,49),("2015-11-21",607,5,42),("2015-10-27",1221,7,44),("2015-03-20",572,6,41),("2015-04-08",182,6,46),("2015-11-14",1127,1,41),("2015-05-24",136,4,48),("2015-09-05",839,1,49),("2015-12-24",1043,1,41),("2015-07-19",263,3,44),("2015-04-12",1019,8,48),("2015-06-18",871,9,46),("2015-10-22",25,11,50),("2015-02-23",214,11,46),("2015-06-05",1013,1,50),("2015-03-31",214,7,41),("2015-07-29",982,6,42),("2015-11-23",723,2,50),("2015-02-28",962,11,45),("2015-12-14",1469,4,50),("2015-10-09",1223,1,42),("2015-08-06",10,11,41),("2015-04-24",220,3,47),("2015-07-03",459,3,46),("2015-09-09",273,6,44),("2015-10-20",929,11,46),("2015-10-06",331,9,41);
INSERT INTO `customer_room` (`buy_at`,`id_customer`,`id_room`,`id_gear`) VALUES ("2015-07-17",343,6,44),("2015-12-10",753,8,43),("2015-03-02",1214,7,41),("2015-08-22",1337,3,42),("2015-03-09",1464,2,50),("2015-07-30",990,9,44),("2015-05-31",7,4,47),("2015-12-13",1420,8,44),("2015-06-12",776,8,43),("2015-11-15",1172,2,47),("2015-03-31",97,6,43),("2015-04-20",994,8,48),("2015-05-27",558,5,46),("2015-06-06",246,5,41),("2015-06-20",330,8,42),("2015-02-24",578,9,41),("2015-03-12",536,4,43),("2015-02-27",866,11,49),("2015-12-21",1272,6,45),("2015-08-13",1106,10,46),("2015-03-13",1489,8,48),("2015-11-10",356,8,49),("2015-12-20",1469,9,49),("2015-12-11",177,9,42),("2015-09-02",735,5,43),("2015-03-11",661,8,47),("2015-06-08",430,3,50),("2015-07-18",178,3,42),("2015-06-03",948,12,50),("2015-12-29",889,10,50),("2015-10-22",1358,5,46),("2015-03-02",900,10,41),("2015-10-23",808,7,49),("2015-03-09",1009,1,48),("2015-06-13",76,3,47),("2015-06-21",220,5,46),("2015-11-20",108,8,50),("2015-05-04",523,4,50),("2015-10-13",641,6,47),("2015-03-03",1111,10,47),("2015-04-18",773,2,49),("2015-12-10",1346,5,42),("2015-07-04",536,3,46),("2015-07-29",945,8,49),("2015-05-17",371,1,41),("2015-12-21",645,1,41),("2015-08-06",982,6,44),("2015-08-25",831,2,41),("2015-04-09",357,4,50),("2015-03-03",764,6,44),("2015-04-20",29,9,50),("2015-08-08",350,2,50),("2015-05-31",617,5,47),("2015-12-09",1162,4,47),("2015-09-03",394,12,49),("2015-11-25",175,9,44),("2015-11-13",579,3,45),("2015-04-19",1018,3,49),("2015-08-27",889,11,46),("2015-10-12",444,7,48),("2015-02-25",551,6,48),("2015-07-26",1333,7,43),("2015-08-04",1176,1,44),("2015-07-09",1296,8,46),("2015-07-05",379,1,48),("2015-06-11",286,6,47),("2015-05-12",149,6,48),("2015-11-26",426,8,49),("2015-07-05",1353,10,43),("2015-05-27",635,9,48),("2015-04-05",1100,6,47),("2015-08-08",870,6,44),("2015-09-14",611,11,45),("2015-04-17",1110,6,43),("2015-05-02",529,6,41),("2015-04-11",162,2,48),("2015-09-14",74,10,49),("2015-05-13",129,1,42),("2015-12-25",321,12,47),("2015-09-08",581,8,50),("2015-03-21",397,10,43),("2015-03-06",463,8,50),("2015-06-23",825,10,42),("2015-12-14",742,1,42),("2015-03-21",833,12,45),("2015-02-23",984,9,43),("2015-03-09",1020,1,49),("2015-03-20",496,7,42),("2015-05-09",895,10,48),("2015-03-23",678,6,42),("2015-03-19",315,5,43),("2015-08-14",1307,2,50),("2015-11-23",1427,4,49),("2015-04-26",754,10,45),("2015-10-04",1159,9,49),("2015-03-16",1272,6,47),("2015-03-29",251,2,43),("2015-05-09",183,7,45),("2015-10-03",292,3,44),("2015-04-26",196,11,44);
INSERT INTO `customer_room` (`buy_at`,`id_customer`,`id_room`,`id_gear`) VALUES ("2015-03-27",1035,4,49),("2015-06-15",205,4,47),("2015-09-11",1237,7,48),("2015-03-02",12,8,43),("2015-08-10",734,6,43),("2015-06-29",262,12,47),("2015-09-15",139,7,48),("2015-05-10",740,9,45),("2015-04-20",839,4,45),("2015-06-13",1018,10,42),("2015-03-19",1494,10,46),("2015-07-21",1085,1,46),("2015-03-03",1002,5,46),("2015-08-26",661,1,43),("2015-11-24",1227,9,49),("2015-09-28",1425,4,46),("2015-05-07",128,7,46),("2015-03-25",1125,10,41),("2015-05-20",219,5,46),("2015-06-06",577,5,42),("2015-12-02",809,4,43),("2015-08-11",1075,1,46),("2015-05-20",1411,5,44),("2015-05-05",448,9,44),("2015-09-11",1413,1,49),("2015-07-29",211,12,49),("2015-08-24",389,5,42),("2015-07-05",604,4,45),("2015-09-22",1326,6,44),("2015-02-27",114,10,48),("2015-09-09",477,10,45),("2015-04-07",625,10,48),("2015-12-02",457,10,44),("2015-12-13",1110,7,45),("2015-10-19",43,8,45),("2015-04-25",890,4,48),("2015-08-10",664,7,49),("2015-08-15",327,11,45),("2015-10-09",254,3,48),("2015-07-08",1459,9,45),("2015-04-15",1130,9,42),("2015-10-07",1445,10,46),("2015-07-01",1262,10,45),("2015-11-04",488,8,43),("2015-05-08",1364,9,41),("2015-05-10",167,8,50),("2015-03-19",1240,4,49),("2015-09-30",475,5,43),("2015-10-18",910,9,44),("2015-09-27",1096,7,41),("2015-12-08",201,8,48),("2015-03-24",607,8,48),("2015-09-20",416,5,44),("2015-07-31",1332,11,42),("2015-06-02",1139,9,46),("2015-08-15",528,8,47),("2015-11-25",169,7,47),("2015-12-01",670,2,47),("2015-10-04",1393,11,42),("2015-09-23",208,11,46),("2015-11-20",889,11,45),("2015-06-28",855,7,47),("2015-12-30",1104,6,46),("2015-02-27",58,3,44),("2015-06-25",776,11,50),("2015-07-24",1438,10,46),("2015-07-06",1247,7,43),("2015-08-28",503,10,46),("2015-07-16",1086,9,45),("2015-04-06",72,9,44),("2015-06-29",746,7,49),("2015-12-03",669,9,47),("2015-03-11",359,10,46),("2015-10-30",203,2,48),("2015-04-10",158,3,44),("2015-08-14",98,2,50),("2015-06-02",1270,12,45),("2015-04-09",113,2,43),("2015-09-26",1058,11,49),("2015-10-15",1318,2,42),("2015-05-14",964,9,48),("2015-12-26",434,4,46),("2015-08-29",908,12,47),("2015-07-21",436,9,43),("2015-04-16",1030,5,46),("2015-10-03",1190,3,44),("2015-06-13",444,1,49),("2015-04-22",1490,5,41),("2015-09-24",834,2,50),("2015-04-27",199,12,45),("2015-10-17",786,3,44),("2015-11-28",1268,4,49),("2015-04-19",970,4,49),("2015-09-17",517,7,42),("2015-03-30",1269,10,48),("2015-10-18",382,2,49),("2015-12-12",1442,2,42),("2015-10-30",263,9,43),("2015-11-21",1178,5,44),("2015-06-21",129,10,43);
INSERT INTO `customer_room` (`buy_at`,`id_customer`,`id_room`,`id_gear`) VALUES ("2015-11-21",316,2,46),("2015-08-21",589,10,46),("2015-07-14",160,2,50),("2015-12-04",769,6,46),("2015-12-16",440,12,41),("2015-05-26",1020,11,45),("2015-02-25",1324,5,41),("2015-04-09",879,12,42),("2015-11-10",1369,5,46),("2015-03-20",688,10,47),("2015-09-25",1248,4,44),("2015-07-09",1110,3,48),("2015-07-17",609,6,42),("2015-04-06",1180,4,48),("2015-07-21",489,10,50),("2015-05-06",25,2,49),("2015-03-24",531,5,45),("2015-08-06",777,8,50),("2015-05-25",1469,12,48),("2015-06-10",1281,4,46),("2015-09-23",376,3,42),("2015-12-11",99,5,42),("2015-12-02",91,10,49),("2015-05-14",36,5,50),("2015-11-09",1367,4,42),("2015-07-24",770,3,41),("2015-10-05",1348,5,50),("2015-07-07",1448,7,44),("2015-08-13",1415,7,41),("2015-03-28",222,10,45),("2015-09-04",167,3,49),("2015-11-03",593,11,49),("2015-07-06",711,4,44),("2015-03-22",633,5,45),("2015-06-16",231,3,48),("2015-07-23",253,12,41),("2015-10-18",843,8,49),("2015-10-26",993,5,50),("2015-12-19",136,8,42),("2015-09-08",800,12,48),("2015-12-27",594,4,44),("2015-03-01",28,10,45),("2015-11-09",1024,7,48),("2015-10-15",1224,5,49),("2015-02-26",922,3,47),("2015-11-25",264,1,50),("2015-06-01",1493,6,47),("2015-12-23",464,2,42),("2015-10-24",1219,12,43),("2015-12-23",797,5,43),("2015-04-17",1373,11,46),("2015-04-27",427,2,41),("2015-08-17",457,10,49),("2015-10-08",815,4,48),("2015-08-17",1069,9,42),("2015-05-11",21,12,49),("2015-10-08",718,11,44),("2015-10-06",737,8,46),("2015-07-26",1087,12,47),("2015-10-10",333,10,45),("2015-09-17",65,4,43),("2015-11-11",1403,12,43),("2015-11-25",797,1,43),("2015-11-25",844,2,46),("2015-03-14",970,5,49),("2015-05-24",1135,11,43),("2015-12-04",165,4,45),("2015-06-27",64,12,49),("2015-05-08",1064,8,41),("2015-11-29",931,8,47),("2015-06-16",1125,12,43),("2015-06-10",217,6,41),("2015-10-18",323,4,42),("2015-11-01",982,4,48),("2015-12-24",306,3,49),("2015-09-08",209,12,50),("2015-09-15",213,9,49),("2015-08-25",1412,9,42),("2015-04-14",269,6,45),("2015-07-28",861,9,46),("2015-05-26",305,9,47),("2015-05-01",700,5,49),("2015-07-29",1006,2,50),("2015-04-02",932,10,44),("2015-05-27",1401,4,43),("2015-10-30",463,8,42),("2015-07-11",177,6,50),("2015-05-30",89,7,48),("2015-02-25",866,9,50),("2015-06-02",1458,1,42),("2015-03-30",223,12,49),("2015-07-08",817,3,45),("2015-10-12",198,9,45),("2015-11-24",684,10,42),("2015-06-27",218,12,41),("2015-05-11",881,2,43),("2015-06-13",562,7,44),("2015-05-27",962,4,48),("2015-12-24",1135,12,46),("2015-04-01",124,10,48);
INSERT INTO `customer_room` (`buy_at`,`id_customer`,`id_room`,`id_gear`) VALUES ("2015-09-21",375,7,44),("2015-12-13",252,3,43),("2015-03-25",1117,11,42),("2015-05-26",930,2,46),("2015-07-31",64,11,49),("2015-11-30",1023,8,43),("2015-08-13",350,11,45),("2015-09-08",663,8,48),("2015-04-06",1314,10,50),("2015-04-08",341,8,50),("2015-09-06",546,6,41),("2015-04-01",1460,2,42),("2015-10-22",1368,7,41),("2015-07-22",1190,9,42),("2015-03-07",167,6,49),("2015-12-11",58,9,41),("2015-03-13",894,6,46),("2015-03-01",145,3,43),("2015-03-05",273,12,49),("2015-03-29",249,4,48),("2015-06-05",530,12,43),("2015-10-16",693,6,46),("2015-12-10",1030,6,41),("2015-12-21",178,6,42),("2015-05-11",254,5,50),("2015-04-07",163,11,45),("2015-11-14",251,10,45),("2015-10-08",743,4,47),("2015-11-30",222,11,48),("2015-12-20",393,6,45),("2015-03-22",1092,3,41),("2015-10-17",410,1,43),("2015-07-13",663,11,48),("2015-11-02",446,12,48),("2015-03-22",588,6,43),("2015-05-08",883,1,46),("2015-05-29",272,2,48),("2015-10-20",834,8,42),("2015-07-01",212,10,41),("2015-05-14",877,11,43),("2015-11-24",1434,7,45),("2015-06-15",660,6,41),("2015-08-11",80,5,45),("2015-04-16",313,9,49),("2015-04-15",791,11,46),("2015-02-26",1325,2,41),("2015-06-28",1064,8,45),("2015-07-15",641,12,49),("2015-06-11",646,3,49),("2015-03-23",1169,2,41),("2015-07-10",653,8,43),("2015-06-18",794,4,47),("2015-11-21",1032,2,50),("2015-08-02",404,1,43),("2015-10-22",756,8,49),("2015-11-17",638,11,44),("2015-11-14",1194,5,45),("2015-10-18",226,8,41),("2015-03-03",683,11,43),("2015-05-19",845,12,43),("2015-06-10",1419,4,42),("2015-07-22",912,1,49),("2015-07-12",524,1,42),("2015-07-30",96,4,44),("2015-08-18",1020,4,45),("2015-05-26",1466,10,48),("2015-11-07",618,5,44),("2015-09-15",876,6,43),("2015-03-09",211,12,49),("2015-06-21",709,3,44),("2015-05-03",792,3,43),("2015-06-12",219,9,49),("2015-03-10",992,6,47),("2015-11-02",676,3,49),("2015-10-30",961,7,42),("2015-11-25",1327,4,50),("2015-07-29",1203,8,45),("2015-09-14",214,9,47),("2015-09-20",974,6,45),("2015-04-10",708,11,41),("2015-10-31",1139,9,46),("2015-04-30",219,11,46),("2015-06-09",317,5,49),("2015-12-02",489,7,50),("2015-04-21",1283,8,44),("2015-05-01",375,10,41),("2015-08-07",1170,1,49),("2015-06-29",5,1,47),("2015-10-04",843,1,44),("2015-11-19",297,9,50),("2015-11-03",1333,10,44),("2015-12-30",405,5,47),("2015-09-24",224,1,47),("2015-03-03",236,8,48),("2015-03-31",1197,11,43),("2015-07-27",990,6,41),("2015-09-09",1215,6,47),("2015-08-08",1044,10,42),("2015-03-10",455,11,44),("2015-02-27",461,6,45);
INSERT INTO `customer_room` (`buy_at`,`id_customer`,`id_room`,`id_gear`) VALUES ("2015-05-12",977,4,45),("2015-05-11",724,10,43),("2015-08-20",270,8,50),("2015-09-01",514,7,49),("2015-12-07",1486,10,44),("2015-06-05",1276,3,49),("2015-03-04",147,5,50),("2015-11-20",1238,4,48),("2015-12-06",1254,7,48),("2015-06-18",861,11,47),("2015-04-25",542,4,44),("2015-08-30",758,6,48),("2015-07-13",639,4,44),("2015-10-17",1154,7,46),("2015-08-02",1497,2,44),("2015-05-08",1238,10,44),("2015-10-15",1399,6,49),("2015-12-02",401,4,44),("2015-07-10",1140,3,43),("2015-10-15",808,2,47),("2015-11-01",1464,3,49),("2015-03-10",731,2,44),("2015-12-17",1019,7,49),("2015-08-16",393,10,45),("2015-12-19",1013,12,48),("2015-05-21",1420,12,43),("2015-12-08",1164,10,50),("2015-05-03",1121,10,48),("2015-10-18",508,4,49),("2015-06-28",1113,9,45),("2015-05-18",1446,7,48),("2015-07-03",1383,12,43),("2015-05-30",223,4,47),("2015-08-22",435,9,50),("2015-07-25",540,10,45),("2015-10-16",694,9,42),("2015-12-25",1286,2,49),("2015-08-31",753,5,45),("2015-12-05",10,5,47),("2015-08-26",802,7,41),("2015-12-09",1494,4,45),("2015-11-08",341,7,48),("2015-12-07",204,5,43),("2015-05-30",218,7,47),("2015-06-09",1114,5,42),("2015-11-18",1350,6,44),("2015-09-28",1472,8,50),("2015-08-26",988,4,45),("2015-10-21",566,3,46),("2015-12-21",1076,12,46),("2015-12-21",1191,1,42),("2015-06-28",1286,4,46),("2015-10-19",709,10,46),("2015-02-27",422,11,41),("2015-11-25",909,8,44),("2015-03-12",74,1,44),("2015-11-02",723,6,41),("2015-07-28",259,7,49),("2015-02-27",669,5,46),("2015-10-09",1328,5,47),("2015-11-24",559,10,50),("2015-04-13",1364,10,43),("2015-05-15",902,6,44),("2015-11-11",196,11,42),("2015-03-07",799,12,48),("2015-03-30",32,9,41),("2015-09-13",307,6,50),("2015-05-30",122,5,45),("2015-03-31",1131,5,41),("2015-12-06",1455,2,47),("2015-09-09",297,5,48),("2015-10-22",649,3,41),("2015-11-15",937,4,42),("2015-06-10",459,10,49),("2015-05-21",1105,8,42),("2015-12-14",1251,12,48),("2015-10-31",296,9,48),("2015-04-21",1279,2,43),("2015-12-03",62,1,43),("2015-09-09",24,11,50),("2015-03-26",536,7,42),("2015-04-22",867,9,42),("2015-04-08",1235,8,42),("2015-11-02",79,1,43),("2015-10-22",679,6,49),("2015-07-06",1018,10,46),("2015-08-15",693,1,43),("2015-12-18",1413,10,50),("2015-09-07",381,5,50),("2015-06-08",1468,1,50),("2015-08-07",869,7,46),("2015-07-06",491,3,41),("2015-10-11",1238,2,46),("2015-06-07",381,6,47),("2015-12-07",549,9,43),("2015-02-27",120,9,42),("2015-06-06",105,1,44),("2015-06-04",542,8,43),("2015-09-08",596,1,43),("2015-03-14",541,12,42);
INSERT INTO `customer_room` (`buy_at`,`id_customer`,`id_room`,`id_gear`) VALUES ("2015-09-25",1125,2,42),("2015-11-16",649,9,45),("2015-02-26",42,12,49),("2015-08-25",1117,10,47),("2015-09-15",174,11,44),("2015-08-08",620,5,42),("2015-09-10",944,12,42),("2015-03-30",138,2,45),("2015-08-07",377,1,50),("2015-08-15",949,9,43),("2015-11-13",1493,6,43),("2015-06-21",358,11,46),("2015-07-10",601,6,44),("2015-12-08",1104,11,41),("2015-07-12",95,4,49),("2015-12-15",138,6,41),("2015-08-23",869,10,41),("2015-05-19",601,5,44),("2015-07-12",128,6,50),("2015-05-06",922,6,48),("2015-09-03",292,7,42),("2015-05-24",1112,8,44),("2015-07-19",1200,11,49),("2015-06-29",227,9,42),("2015-12-11",208,11,45),("2015-11-22",1149,8,50),("2015-11-30",773,1,46),("2015-10-19",828,10,49),("2015-06-22",1284,10,42),("2015-07-04",179,3,45),("2015-07-16",1211,8,46),("2015-11-10",253,6,42),("2015-07-16",1459,3,50),("2015-09-13",822,6,42),("2015-03-23",962,12,47),("2015-12-07",548,9,42),("2015-12-27",373,5,42),("2015-09-04",439,12,46),("2015-09-01",864,4,46),("2015-07-26",1206,3,41),("2015-10-01",1015,10,47),("2015-07-23",214,6,44),("2015-05-12",1048,9,42),("2015-04-28",531,11,41),("2015-10-08",59,4,48),("2015-07-20",1259,5,47),("2015-10-25",1202,3,45),("2015-09-22",600,2,47),("2015-03-19",1237,9,47),("2015-09-27",414,7,43),("2015-09-08",316,3,42),("2015-05-15",798,9,50),("2015-12-09",1282,2,41),("2015-04-24",682,4,45),("2015-12-02",1013,12,44),("2015-07-06",1317,7,47),("2015-03-14",33,7,44),("2015-08-14",728,6,42),("2015-04-23",617,11,47),("2015-05-24",1349,4,48),("2015-09-27",1470,12,50),("2015-12-13",605,5,46),("2015-07-03",685,1,50),("2015-11-28",1304,6,42),("2015-04-14",1035,12,42),("2015-05-27",770,1,48),("2015-05-20",988,12,48),("2015-11-04",1198,10,50),("2015-06-13",577,6,48),("2015-05-27",1158,2,43),("2015-08-08",357,3,47),("2015-06-06",201,7,50),("2015-08-28",1163,5,41),("2015-08-21",1492,11,41),("2015-08-22",1384,10,50),("2015-04-12",123,7,49),("2015-10-13",425,8,44),("2015-07-05",16,9,48),("2015-06-22",755,2,50),("2015-08-28",970,1,49),("2015-05-19",758,4,41),("2015-03-18",1238,5,43),("2015-04-13",58,1,48),("2015-09-20",470,5,42),("2015-09-04",1390,8,46),("2015-10-14",42,5,47),("2015-10-12",1498,11,45),("2015-07-23",61,7,46),("2015-06-20",1473,9,45),("2015-04-27",511,10,42),("2015-12-19",214,5,49),("2015-03-15",1261,1,45),("2015-09-26",507,7,44),("2015-10-02",1412,5,41),("2015-05-19",942,1,45),("2015-03-04",144,11,48),("2015-11-14",489,6,41),("2015-07-02",1173,3,42),("2015-10-09",1132,1,44),("2015-05-17",649,12,44);
INSERT INTO `customer_room` (`buy_at`,`id_customer`,`id_room`,`id_gear`) VALUES ("2015-11-18",297,6,48),("2015-08-11",1264,10,46),("2015-08-29",963,1,50),("2015-05-13",1228,6,46),("2015-04-10",326,12,46),("2015-08-05",440,11,47),("2015-09-02",694,7,42),("2015-11-08",1197,12,48),("2015-10-15",1165,7,45),("2015-04-22",1009,6,42),("2015-09-03",979,9,43),("2015-09-14",1174,5,49),("2015-06-21",590,4,50),("2015-04-08",595,6,50),("2015-09-11",1159,1,41),("2015-12-11",1386,7,49),("2015-03-25",1367,9,45),("2015-11-06",700,1,45),("2015-11-14",17,4,50),("2015-06-27",1400,3,45),("2015-03-23",1322,12,46),("2015-09-22",1082,9,48),("2015-08-09",138,11,49),("2015-03-27",1231,12,47),("2015-05-01",892,7,47),("2015-05-28",748,12,45),("2015-09-10",883,8,46),("2015-11-16",223,4,41),("2015-04-19",1200,11,41),("2015-03-17",1129,2,43),("2015-11-21",145,8,48),("2015-08-27",414,5,43),("2015-04-27",1409,5,43),("2015-10-05",947,2,43),("2015-06-17",654,11,44),("2015-07-31",647,9,42),("2015-03-28",623,2,45),("2015-08-09",289,12,44),("2015-11-08",481,5,44),("2015-09-30",933,1,50),("2015-11-28",811,2,41),("2015-04-14",856,3,45),("2015-02-26",104,9,49),("2015-04-25",1399,8,45),("2015-03-21",913,4,50),("2015-08-08",1137,2,45),("2015-03-08",99,3,41),("2015-05-31",631,9,43),("2015-05-15",1305,8,43),("2015-11-11",826,2,50),("2015-06-15",749,12,47),("2015-06-09",302,9,47),("2015-10-26",1027,9,45),("2015-10-06",33,7,44),("2015-03-17",1172,4,50),("2015-04-24",250,4,48),("2015-07-20",930,3,43),("2015-09-03",487,9,41),("2015-08-26",869,9,43),("2015-10-15",727,9,43),("2015-12-21",293,12,41),("2015-05-19",444,8,45),("2015-05-15",1489,2,48),("2015-11-14",134,2,45),("2015-03-27",1438,3,50),("2015-03-05",1173,1,42),("2015-11-08",5,7,48),("2015-04-03",744,3,42),("2015-08-14",1397,3,49),("2015-08-09",456,3,43),("2015-06-03",477,4,43),("2015-09-04",91,3,49),("2015-06-16",1433,2,44),("2015-05-08",1143,10,44),("2015-02-28",299,2,41),("2015-06-06",1341,12,48),("2015-04-11",1304,8,41),("2015-06-21",441,2,42),("2015-04-04",111,10,42),("2015-09-15",967,8,49),("2015-08-11",987,11,49),("2015-07-30",1414,4,49),("2015-10-01",792,10,42),("2015-07-10",577,10,44),("2015-10-29",250,5,49),("2015-09-16",1221,2,42),("2015-08-22",506,5,50),("2015-07-21",924,10,50),("2015-03-10",975,6,41),("2015-03-20",638,10,48),("2015-06-26",586,3,48),("2015-12-15",312,2,46),("2015-06-29",624,6,49),("2015-06-14",426,4,50),("2015-11-12",935,7,43),("2015-07-09",768,7,44),("2015-04-06",410,3,42),("2015-07-25",685,2,42),("2015-09-05",513,2,49),("2015-10-23",1220,6,50);
INSERT INTO `customer_room` (`buy_at`,`id_customer`,`id_room`,`id_gear`) VALUES ("2015-03-02",1129,8,49),("2015-09-03",7,12,43),("2015-07-07",1344,10,49),("2015-06-17",1390,8,43),("2015-10-09",402,7,44),("2015-11-13",995,11,47),("2015-04-16",434,5,43),("2015-12-05",449,2,42),("2015-11-30",262,4,46),("2015-09-26",959,2,48),("2015-06-14",15,5,46),("2015-10-23",321,10,49),("2015-11-06",1260,7,48),("2015-04-20",554,9,43),("2015-03-30",6,5,46),("2015-12-07",36,8,44),("2015-08-26",649,9,47),("2015-08-08",1402,7,43),("2015-12-08",220,10,46),("2015-02-26",412,3,43),("2015-12-23",226,4,49),("2015-08-12",1359,9,48),("2015-09-23",1296,11,49),("2015-09-24",288,10,45),("2015-10-17",195,5,49),("2015-09-27",1274,4,47),("2015-08-22",1214,3,44),("2015-03-20",1357,5,41),("2015-02-24",341,6,50),("2015-04-17",1397,12,48),("2015-06-26",244,4,43),("2015-07-01",536,6,45),("2015-08-20",594,9,49),("2015-05-23",1045,4,50),("2015-07-29",941,7,43),("2015-03-24",14,7,47),("2015-09-07",131,4,48),("2015-05-10",359,4,45),("2015-06-20",1479,8,48),("2015-10-16",1133,2,45),("2015-05-09",9,10,50),("2015-12-13",854,3,49),("2015-08-04",434,11,44),("2015-03-06",476,8,45),("2015-11-03",23,2,43),("2015-03-15",1440,4,43),("2015-12-09",37,11,49),("2015-12-19",717,10,50),("2015-07-23",191,1,49),("2015-10-26",1246,1,41),("2015-06-16",1012,2,45),("2015-08-13",490,7,49),("2015-08-05",373,9,49),("2015-04-24",789,2,41),("2015-04-29",1399,9,43),("2015-07-29",331,10,46),("2015-02-25",1276,4,47),("2015-07-18",661,5,44),("2015-03-04",180,3,49),("2015-03-31",208,9,43),("2015-10-19",994,2,42),("2015-12-20",279,7,42),("2015-04-03",708,7,48),("2015-07-30",1128,5,47),("2015-10-06",1056,8,43),("2015-03-02",366,6,41),("2015-04-16",206,11,48),("2015-05-22",277,11,46),("2015-04-18",109,4,50),("2015-03-26",330,5,41),("2015-07-12",1399,8,46),("2015-06-14",414,11,50),("2015-08-29",4,12,46),("2015-07-22",826,12,42),("2015-05-28",336,7,46),("2015-08-19",1468,1,48),("2015-10-14",1401,10,47),("2015-02-25",252,11,49),("2015-05-27",1237,8,46),("2015-03-13",333,11,44),("2015-05-06",557,5,48),("2015-06-12",723,2,42),("2015-10-17",181,1,47),("2015-09-15",49,7,44),("2015-10-02",266,1,49),("2015-12-20",1037,2,46),("2015-07-03",372,12,48),("2015-09-01",168,3,43),("2015-05-17",1255,6,42),("2015-09-17",1438,2,47),("2015-10-10",1287,5,50),("2015-12-03",847,5,44),("2015-12-04",278,9,44),("2015-06-19",1426,1,50),("2015-09-29",766,7,48),("2015-04-30",1254,4,44),("2015-12-30",499,3,48),("2015-10-12",361,1,48),("2015-03-05",1349,10,47),("2015-05-16",1334,2,46);
INSERT INTO `customer_room` (`buy_at`,`id_customer`,`id_room`,`id_gear`) VALUES ("2015-03-14",129,9,49),("2015-10-18",1433,12,41),("2015-12-07",630,7,45),("2015-07-21",894,10,46),("2015-04-30",505,9,46),("2015-10-14",1310,3,44),("2015-05-15",486,8,43),("2015-07-21",950,6,50),("2015-11-07",1106,9,41),("2015-12-06",171,7,45),("2015-03-08",499,12,42),("2015-12-14",92,12,45),("2015-06-02",1234,10,47),("2015-09-04",548,5,49),("2015-10-09",1116,5,47),("2015-06-21",1311,1,42),("2015-08-17",840,7,43),("2015-06-08",356,7,48),("2015-03-24",57,1,47),("2015-09-03",1136,4,50),("2015-12-09",468,12,41),("2015-08-06",655,3,43),("2015-11-04",1313,5,46),("2015-04-12",1161,11,49),("2015-04-14",1031,2,46),("2015-04-07",846,9,41),("2015-12-11",285,9,49),("2015-08-17",473,12,41),("2015-12-03",866,2,50),("2015-06-13",758,10,42),("2015-07-02",271,6,42),("2015-03-25",397,4,49),("2015-04-01",1240,2,41),("2015-04-22",112,8,50),("2015-06-19",225,8,41),("2015-10-21",962,7,45),("2015-09-09",1173,1,50),("2015-07-10",930,10,42),("2015-09-16",832,9,41),("2015-06-01",462,5,50),("2015-09-25",889,5,48),("2015-09-02",309,5,47),("2015-11-27",755,11,42),("2015-10-12",543,12,45),("2015-12-06",1015,1,43),("2015-09-15",1442,3,41),("2015-10-18",1025,6,46),("2015-09-17",634,7,47),("2015-09-13",1352,7,50),("2015-08-08",1107,11,44),("2015-08-12",12,5,49),("2015-05-23",239,6,43),("2015-11-06",976,8,44),("2015-03-06",1000,12,50),("2015-07-20",173,11,45),("2015-03-13",1081,3,50),("2015-11-01",848,9,50),("2015-10-21",826,8,45),("2015-02-23",849,1,46),("2015-04-08",1307,1,41),("2015-12-03",547,5,50),("2015-08-01",89,4,50),("2015-06-02",1374,7,48),("2015-04-27",624,5,46),("2015-11-25",948,1,42),("2015-12-28",577,4,50),("2015-09-04",113,7,47),("2015-05-20",1135,10,42),("2015-12-17",453,6,49),("2015-08-10",386,6,48),("2015-09-24",758,2,44),("2015-03-31",1035,10,49),("2015-10-09",620,8,43),("2015-05-14",1435,10,44),("2015-03-20",192,12,42),("2015-09-14",1066,11,41),("2015-12-15",224,1,49),("2015-10-13",765,1,43),("2015-04-15",301,1,45),("2015-07-22",60,1,42),("2015-10-08",1081,9,43),("2015-10-29",164,11,47),("2015-08-21",353,12,42),("2015-04-10",1214,4,45),("2015-12-02",608,5,48),("2015-07-28",753,12,46),("2015-11-03",530,11,43),("2015-10-01",364,2,41),("2015-09-11",1459,12,50),("2015-09-23",925,11,50),("2015-09-20",487,11,41),("2015-05-16",947,5,41),("2015-07-30",290,5,50),("2015-10-06",1126,7,48),("2015-08-10",1125,4,46),("2015-04-22",2,2,49),("2015-12-22",586,1,47),("2015-12-25",731,12,45),("2015-07-25",407,8,48),("2015-09-15",1369,12,45);
INSERT INTO `customer_room` (`buy_at`,`id_customer`,`id_room`,`id_gear`) VALUES ("2015-03-03",171,5,49),("2015-02-27",1107,6,49),("2015-07-12",877,5,46),("2015-02-28",144,10,41),("2015-11-26",452,5,41),("2015-05-27",184,10,42),("2015-09-10",602,5,44),("2015-08-27",167,4,42),("2015-08-11",123,5,48),("2015-03-20",1151,5,46),("2015-10-14",851,10,41),("2015-06-16",1034,5,50),("2015-12-28",601,4,46),("2015-03-02",1014,4,42),("2015-03-28",715,7,44),("2015-05-21",1124,3,42),("2015-05-26",581,2,49),("2015-10-12",821,7,43),("2015-09-12",193,8,47),("2015-07-05",105,1,45),("2015-10-18",354,5,44),("2015-04-06",178,6,48),("2015-07-06",233,7,44),("2015-08-22",532,8,46),("2015-06-23",369,8,49),("2015-07-18",305,10,44),("2015-04-25",1306,6,47),("2015-09-27",951,10,46),("2015-03-04",295,7,50),("2015-07-16",187,4,41),("2015-08-05",294,7,46),("2015-07-27",604,2,44),("2015-10-26",1347,11,43),("2015-03-19",124,2,41),("2015-09-28",822,3,45),("2015-11-28",409,12,43),("2015-07-25",811,12,43),("2015-04-27",877,9,48),("2015-06-27",1296,2,41),("2015-05-10",151,3,41),("2015-05-30",1288,11,47),("2015-05-28",492,8,44),("2015-09-08",625,11,46),("2015-07-25",1312,12,48),("2015-05-07",213,1,41),("2015-03-14",190,4,42),("2015-08-05",234,8,50),("2015-03-24",1268,7,47),("2015-09-17",219,2,48),("2015-08-09",1264,6,44),("2015-12-06",1029,7,49),("2015-11-19",553,12,46),("2015-09-18",1254,9,50),("2015-04-21",462,7,43),("2015-06-28",587,12,47),("2015-12-22",370,2,42),("2015-03-12",599,10,50),("2015-09-06",187,6,45),("2015-10-18",837,5,41),("2015-06-11",278,8,43),("2015-10-10",347,10,49),("2015-08-28",964,9,41),("2015-07-23",901,10,45),("2015-08-08",410,8,43),("2015-08-11",213,7,48),("2015-03-11",93,3,44),("2015-07-25",132,3,44),("2015-05-13",1309,3,43),("2015-08-26",193,12,49),("2015-04-09",1271,4,42),("2015-04-19",63,3,47),("2015-10-08",551,3,41),("2015-11-03",824,2,47),("2015-12-25",399,2,49),("2015-11-25",1376,12,43),("2015-07-07",43,12,48),("2015-05-14",641,8,47),("2015-04-01",541,7,46),("2015-02-23",218,2,41),("2015-07-17",229,11,49),("2015-04-01",71,8,43),("2015-06-14",1362,8,49),("2015-10-10",937,5,45),("2015-10-25",1213,2,41),("2015-10-14",751,6,44),("2015-05-18",131,11,42),("2015-09-21",1165,12,45),("2015-06-06",364,12,45),("2015-09-02",1002,8,49),("2015-02-28",1109,2,50),("2015-03-08",503,2,42),("2015-09-02",722,1,46),("2015-08-20",405,3,46),("2015-11-23",1406,11,44),("2015-05-23",1454,4,50),("2015-03-30",777,11,49),("2015-12-05",899,7,46),("2015-08-29",499,10,45),("2015-03-20",437,11,42),("2015-04-16",1225,5,50);
INSERT INTO `customer_room` (`buy_at`,`id_customer`,`id_room`,`id_gear`) VALUES ("2015-07-24",1063,2,45),("2015-08-19",51,3,48),("2015-12-16",1418,1,43),("2015-06-22",1358,10,41),("2015-08-13",1075,11,46),("2015-04-01",1325,4,45),("2015-05-05",56,5,50),("2015-07-06",840,7,42),("2015-07-21",1383,11,50),("2015-03-05",727,7,45),("2015-06-19",558,7,50),("2015-06-24",574,10,45),("2015-10-01",1315,6,44),("2015-05-12",204,8,44),("2015-05-20",636,3,48),("2015-11-09",1213,4,48),("2015-02-28",1018,5,49),("2015-05-05",963,1,49),("2015-07-09",101,12,41),("2015-10-31",1140,12,50),("2015-03-02",1163,7,46),("2015-05-01",304,5,46),("2015-08-11",31,7,49),("2015-05-11",324,10,43),("2015-03-02",736,11,46),("2015-08-18",490,1,43),("2015-03-02",334,7,45),("2015-12-26",1334,2,46),("2015-08-25",1072,10,43),("2015-04-18",746,1,45),("2015-12-03",1300,6,48),("2015-10-17",421,2,48),("2015-03-07",276,2,44),("2015-07-08",1175,3,49),("2015-11-11",449,7,49),("2015-03-12",1312,5,43),("2015-06-24",829,4,49),("2015-04-03",709,1,44),("2015-05-12",103,8,46),("2015-02-23",1110,11,49),("2015-08-15",957,9,41),("2015-07-03",458,7,43),("2015-04-04",589,1,42),("2015-03-22",904,3,45),("2015-09-02",495,5,43),("2015-05-22",8,12,47),("2015-11-24",552,3,44),("2015-10-26",12,5,48),("2015-12-02",1150,3,42),("2015-11-10",1446,5,48),("2015-06-17",734,10,47),("2015-06-24",731,11,50),("2015-12-15",586,6,43),("2015-11-12",269,8,48),("2015-07-23",1054,6,50),("2015-12-16",676,8,46),("2015-05-19",1382,1,47),("2015-05-20",924,1,47),("2015-05-13",79,2,47),("2015-07-01",1395,9,44),("2015-03-14",502,10,46),("2015-06-21",259,9,44),("2015-07-30",239,11,42),("2015-09-14",455,5,45),("2015-07-12",191,3,47),("2015-05-14",318,8,43),("2015-11-01",649,10,46),("2015-08-24",1321,5,47),("2015-07-09",1446,7,45),("2015-05-04",502,9,49),("2015-12-17",1056,8,49),("2015-07-04",906,11,46),("2015-12-25",659,4,41),("2015-08-07",619,5,44),("2015-05-03",446,9,50),("2015-08-26",879,10,42),("2015-09-07",1168,5,49),("2015-07-22",292,9,44),("2015-10-19",868,3,41),("2015-11-02",1440,1,48),("2015-09-29",902,12,45),("2015-11-12",657,2,46),("2015-11-10",428,8,44),("2015-03-01",162,5,44),("2015-06-24",715,12,49),("2015-06-05",1391,3,48),("2015-11-21",1170,3,41),("2015-05-23",791,10,50),("2015-11-24",897,3,48),("2015-04-13",30,8,48),("2015-11-27",349,2,50),("2015-03-14",469,11,46),("2015-06-28",250,7,44),("2015-05-15",183,9,50),("2015-11-23",64,4,49),("2015-06-30",652,3,45),("2015-12-05",1380,3,50),("2015-12-27",1105,1,42),("2015-07-09",533,7,49),("2015-03-27",400,1,44);
INSERT INTO `customer_room` (`buy_at`,`id_customer`,`id_room`,`id_gear`) VALUES ("2015-11-18",867,6,49),("2015-10-06",788,11,50),("2015-03-09",792,3,48),("2015-09-04",582,11,45),("2015-06-27",1188,12,49),("2015-03-13",870,7,44),("2015-05-17",632,12,41),("2015-04-25",1235,7,44),("2015-09-07",355,8,47),("2015-12-01",525,1,43),("2015-05-27",1205,1,43),("2015-04-25",1211,10,44),("2015-06-19",378,3,48),("2015-12-29",56,10,46),("2015-03-21",50,10,48),("2015-11-30",609,11,50),("2015-03-01",336,2,41),("2015-06-30",1178,8,47),("2015-06-24",1422,5,50),("2015-05-08",474,6,41),("2015-11-06",64,11,47),("2015-03-15",1384,4,50),("2015-09-24",1454,5,44),("2015-10-09",8,4,44),("2015-04-07",429,1,47),("2015-10-20",588,1,48),("2015-11-09",951,6,42),("2015-09-27",106,3,41),("2015-09-15",1466,2,47),("2015-10-31",244,11,47),("2015-06-17",583,6,48),("2015-11-03",1275,12,50),("2015-11-15",1445,6,42),("2015-12-25",1,7,44),("2015-06-29",899,11,42),("2015-10-12",317,1,43),("2015-03-14",927,5,43),("2015-06-24",467,11,45),("2015-05-06",298,10,44),("2015-09-17",679,4,43),("2015-08-29",829,5,41),("2015-11-09",149,9,47),("2015-09-22",554,5,49),("2015-10-12",1165,9,45),("2015-06-13",5,1,50),("2015-07-24",108,11,47),("2015-04-10",1015,10,41),("2015-02-28",93,7,44),("2015-12-28",1162,6,47),("2015-07-11",584,10,47),("2015-11-30",391,4,44),("2015-07-04",1211,1,50),("2015-11-03",729,5,42),("2015-06-30",978,3,44),("2015-05-31",1335,6,41),("2015-09-21",1237,6,49),("2015-03-30",28,9,46),("2015-11-12",949,12,41),("2015-05-21",1280,8,50),("2015-05-29",197,11,42),("2015-06-25",405,11,41),("2015-06-12",167,3,41),("2015-09-25",281,9,42),("2015-08-05",1263,10,43),("2015-05-25",999,11,48),("2015-10-17",581,8,42),("2015-03-29",718,5,47),("2015-08-29",1291,6,49),("2015-08-18",60,9,45),("2015-08-27",509,9,41),("2015-06-17",138,12,42),("2015-05-03",616,8,42),("2015-03-01",367,3,50),("2015-10-22",681,3,50),("2015-08-28",1230,9,42),("2015-05-26",1216,6,45),("2015-04-04",417,7,42),("2015-03-09",109,12,46),("2015-11-05",58,1,46),("2015-04-26",1377,1,47),("2015-04-23",898,2,47),("2015-07-06",305,9,46),("2015-09-02",859,7,49),("2015-03-15",1140,11,48),("2015-09-13",710,9,41),("2015-04-23",890,4,50),("2015-05-01",184,11,45),("2015-03-12",309,11,42),("2015-04-23",102,6,49),("2015-03-24",866,11,45),("2015-08-02",807,1,48),("2015-08-18",196,3,49),("2015-09-26",1404,9,46),("2015-06-06",682,8,45),("2015-07-22",103,7,47),("2015-09-01",380,10,50),("2015-10-27",1169,11,50),("2015-11-10",580,1,44),("2015-08-27",1321,12,45),("2015-03-26",378,10,45);
INSERT INTO `customer_room` (`buy_at`,`id_customer`,`id_room`,`id_gear`) VALUES ("2015-04-08",775,11,43),("2015-05-19",1018,11,49),("2015-06-12",1485,2,44),("2015-12-10",1342,7,48),("2015-06-22",1458,1,42),("2015-11-28",55,2,43),("2015-04-28",9,4,43),("2015-11-24",225,8,43),("2015-03-24",707,8,45),("2015-08-19",1469,2,49),("2015-06-04",1032,3,45),("2015-08-26",1307,7,46),("2015-08-30",996,1,43),("2015-07-27",300,9,47),("2015-10-09",925,8,42),("2015-03-02",768,10,41),("2015-05-30",1337,8,46),("2015-03-01",63,9,41),("2015-10-24",852,10,50),("2015-05-21",1037,3,49),("2015-09-28",943,2,47),("2015-07-25",642,1,47),("2015-11-29",1323,4,46),("2015-07-30",1401,5,43),("2015-06-02",1323,8,48),("2015-04-28",588,9,44),("2015-09-30",1052,2,50),("2015-09-26",587,4,41),("2015-04-05",323,7,49),("2015-05-01",56,8,47),("2015-09-15",432,3,43),("2015-06-08",559,6,44),("2015-11-02",1214,7,45),("2015-03-10",621,2,45),("2015-09-08",358,3,47),("2015-08-25",902,4,44),("2015-09-07",422,10,44),("2015-05-09",949,9,49),("2015-09-02",143,9,48),("2015-07-19",1294,7,43),("2015-11-11",587,1,49),("2015-10-31",446,7,41),("2015-09-21",909,1,45),("2015-11-28",1483,1,50),("2015-06-29",473,7,45),("2015-10-22",774,6,41),("2015-05-06",1,9,42),("2015-12-02",291,10,45),("2015-04-07",1317,7,44),("2015-03-09",560,4,45),("2015-12-17",1174,7,44),("2015-10-25",122,8,48),("2015-03-01",722,6,49),("2015-09-30",127,3,46),("2015-06-23",233,3,50),("2015-03-11",1335,10,47),("2015-08-18",457,4,46),("2015-11-10",695,2,43),("2015-06-15",750,8,41),("2015-05-22",1071,2,46),("2015-09-28",893,1,43),("2015-04-03",1334,10,45),("2015-06-22",1201,5,44),("2015-10-26",1318,10,47),("2015-11-13",350,4,46),("2015-12-05",1118,6,50),("2015-12-04",163,10,49),("2015-06-12",329,2,42),("2015-07-22",244,11,42),("2015-04-05",741,5,47),("2015-05-12",1127,12,46),("2015-07-08",843,4,45),("2015-06-20",1377,9,49),("2015-04-11",345,2,49),("2015-09-29",47,1,45),("2015-10-14",740,5,47),("2015-04-24",1197,8,49),("2015-09-28",1470,4,45),("2015-06-03",112,11,50),("2015-07-10",172,3,48),("2015-03-01",1133,3,46),("2015-02-25",67,10,45),("2015-05-10",754,3,44),("2015-06-16",698,4,41),("2015-05-23",280,12,48),("2015-03-26",218,3,44),("2015-08-12",307,7,44),("2015-04-29",995,10,43),("2015-06-10",91,5,49),("2015-12-02",1192,3,49),("2015-09-09",1493,9,45),("2015-10-14",487,8,42),("2015-03-22",299,2,44),("2015-12-18",850,6,47),("2015-09-09",1013,10,42),("2015-08-25",213,12,46),("2015-03-21",206,3,41),("2015-05-15",1406,5,47),("2015-03-01",250,2,47),("2015-04-03",702,10,45);
INSERT INTO `customer_room` (`buy_at`,`id_customer`,`id_room`,`id_gear`) VALUES ("2015-04-14",230,8,43),("2015-07-03",1247,4,45),("2015-10-25",664,4,46),("2015-10-28",104,7,49),("2015-05-20",22,12,41),("2015-11-25",921,11,45),("2015-09-26",557,10,49),("2015-07-23",923,7,49),("2015-06-28",1229,6,45),("2015-04-27",1229,9,50),("2015-03-10",572,7,45),("2015-06-28",1104,4,45),("2015-06-07",1219,8,47),("2015-12-17",537,6,46),("2015-05-18",194,12,47),("2015-12-01",14,8,42),("2015-05-27",1470,3,41),("2015-06-06",1114,10,43),("2015-06-23",1396,8,42),("2015-11-08",286,4,46),("2015-03-26",886,6,49),("2015-11-02",390,12,48),("2015-10-05",932,10,43),("2015-10-18",1459,3,48),("2015-08-02",999,6,45),("2015-06-15",221,12,47),("2015-10-08",739,6,46),("2015-04-20",552,12,48),("2015-05-24",66,3,41),("2015-07-14",65,6,46),("2015-09-02",334,1,49),("2015-04-04",488,3,50),("2015-02-24",1440,3,44),("2015-09-16",796,5,46),("2015-06-10",490,2,49),("2015-10-27",822,10,48),("2015-03-22",509,6,48),("2015-04-12",1265,8,46),("2015-12-29",1106,5,50),("2015-10-06",1340,12,44),("2015-10-13",1088,1,47),("2015-12-14",899,2,41),("2015-08-21",938,5,41),("2015-03-25",1154,8,50),("2015-03-18",1373,3,45),("2015-10-30",1475,1,50),("2015-02-28",1445,5,49),("2015-05-26",803,7,48),("2015-06-24",224,5,46),("2015-09-21",1249,2,45),("2015-04-05",1040,12,50),("2015-07-04",747,1,42),("2015-12-10",618,10,44),("2015-11-04",972,5,48),("2015-10-13",1469,10,43),("2015-09-01",251,3,50),("2015-09-08",312,8,50),("2015-04-08",863,5,47),("2015-03-01",266,8,43),("2015-08-10",1316,9,42),("2015-08-06",1163,5,48),("2015-12-08",635,10,44),("2015-05-08",1470,10,45),("2015-03-23",769,11,49),("2015-05-11",1180,7,46),("2015-10-18",516,11,42),("2015-05-29",537,5,44),("2015-06-09",758,5,50),("2015-11-01",159,4,50),("2015-11-10",49,6,46),("2015-06-27",1294,2,41),("2015-07-30",1411,5,47),("2015-04-03",836,10,47),("2015-07-09",115,2,42),("2015-08-07",119,9,42),("2015-11-29",1201,2,42),("2015-10-24",141,7,43),("2015-06-08",642,10,47),("2015-09-11",1314,12,44),("2015-05-25",222,6,42),("2015-04-18",359,11,49),("2015-12-13",164,5,42),("2015-03-26",785,3,46),("2015-10-29",487,10,46),("2015-09-02",1493,5,48),("2015-11-10",710,7,48),("2015-10-05",1283,3,48),("2015-06-06",899,1,49),("2015-12-09",454,4,41),("2015-09-23",408,8,41),("2015-09-15",855,11,45),("2015-10-12",843,7,44),("2015-09-08",657,1,46),("2015-03-02",215,3,50),("2015-05-17",1420,11,45),("2015-03-16",1341,11,47),("2015-03-11",781,8,50),("2015-08-23",434,4,41),("2015-04-20",201,6,43),("2015-10-16",694,9,49);
INSERT INTO `customer_room` (`buy_at`,`id_customer`,`id_room`,`id_gear`) VALUES ("2015-04-06",756,11,42),("2015-04-22",16,7,46),("2015-03-29",568,6,42),("2015-08-17",797,8,48),("2015-10-19",1128,8,44),("2015-06-11",1164,9,45),("2015-08-30",316,8,44),("2015-12-23",1409,12,50),("2015-10-18",1186,8,41),("2015-11-10",800,3,44),("2015-11-13",1101,2,48),("2015-09-05",84,8,50),("2015-09-08",765,4,47),("2015-12-12",1155,11,48),("2015-08-06",1196,10,45),("2015-05-27",805,12,46),("2015-08-22",597,10,42),("2015-11-20",1021,12,43),("2015-03-22",750,11,50),("2015-06-09",155,2,49),("2015-05-05",58,12,45),("2015-10-05",996,12,41),("2015-09-28",1462,1,44),("2015-04-27",353,8,50),("2015-08-18",519,5,49),("2015-09-27",720,4,47),("2015-10-25",872,8,47),("2015-04-21",557,9,49),("2015-03-15",914,5,43),("2015-10-25",238,2,44),("2015-03-19",467,1,44),("2015-04-21",275,6,42),("2015-03-02",670,8,41),("2015-05-20",687,7,44),("2015-05-09",1251,2,50),("2015-03-16",291,4,48),("2015-09-29",1470,9,41),("2015-12-03",1261,1,48),("2015-04-10",827,2,48),("2015-09-16",462,10,49),("2015-08-15",685,1,42),("2015-07-02",240,8,43),("2015-11-25",1168,1,45),("2015-05-05",238,6,49),("2015-04-30",446,7,48),("2015-06-06",1396,5,44),("2015-03-07",891,4,42),("2015-11-24",1375,10,49),("2015-11-15",856,5,49),("2015-07-12",463,6,46),("2015-03-02",1017,5,47),("2015-04-10",882,8,47),("2015-06-27",1352,12,43),("2015-05-18",451,1,46),("2015-06-21",22,6,42),("2015-08-27",696,2,41),("2015-06-08",254,9,44),("2015-12-21",1198,1,44),("2015-08-09",298,10,46),("2015-07-31",523,10,47),("2015-07-30",51,2,46),("2015-06-09",390,12,48),("2015-07-16",28,11,47),("2015-12-26",890,9,45),("2015-05-18",531,4,48),("2015-03-01",1300,7,42),("2015-03-16",997,5,47),("2015-11-27",1240,9,44),("2015-08-07",951,6,43),("2015-12-21",210,10,46),("2015-06-24",848,6,47),("2015-05-23",1416,6,42),("2015-05-06",821,8,46),("2015-09-24",1055,5,49),("2015-03-10",357,4,41),("2015-09-27",323,4,43),("2015-03-02",928,5,44),("2015-03-01",305,5,49),("2015-11-22",626,1,41),("2015-08-13",616,3,49),("2015-08-14",153,5,44),("2015-09-30",966,11,49),("2015-03-30",1191,3,43),("2015-07-05",527,11,50),("2015-05-21",807,10,47),("2015-08-23",325,11,43),("2015-04-19",1444,4,44),("2015-08-16",807,4,46),("2015-04-22",596,6,47),("2015-04-02",925,7,50),("2015-11-25",1098,5,41),("2015-12-21",629,4,42),("2015-09-13",228,6,50),("2015-07-25",812,12,48),("2015-05-02",346,12,46),("2015-05-26",563,7,49),("2015-07-23",609,9,47),("2015-06-24",237,9,42),("2015-07-23",425,12,43),("2015-09-11",534,6,42);
INSERT INTO `customer_room` (`buy_at`,`id_customer`,`id_room`,`id_gear`) VALUES ("2015-03-03",1023,12,48),("2015-05-18",662,2,42),("2015-12-10",845,9,48),("2015-06-20",115,2,42),("2015-11-23",998,5,47),("2015-12-06",1286,9,49),("2015-12-08",344,1,48),("2015-08-11",984,8,45),("2015-03-18",655,9,48),("2015-07-22",897,7,49),("2015-10-16",172,5,43),("2015-05-24",1064,8,45),("2015-04-19",1075,11,49),("2015-06-14",1311,6,45),("2015-09-30",1309,5,48),("2015-07-06",499,4,44),("2015-08-17",1165,11,43),("2015-09-29",1178,1,49),("2015-05-25",424,9,48),("2015-12-07",1026,4,47),("2015-10-07",1230,1,41),("2015-08-29",1453,10,44),("2015-03-30",137,1,47),("2015-09-09",923,11,43),("2015-08-19",421,4,41),("2015-03-03",525,1,44),("2015-09-03",1479,1,50),("2015-12-16",569,11,45),("2015-11-11",53,7,46),("2015-08-04",138,6,50),("2015-07-24",1178,10,41),("2015-12-23",1041,1,47),("2015-04-02",750,3,48),("2015-09-05",1113,1,45),("2015-06-06",1450,1,43),("2015-10-26",964,6,47),("2015-10-18",80,4,50),("2015-05-16",1006,4,48),("2015-06-06",1230,6,44),("2015-12-12",102,4,49),("2015-03-06",472,10,47),("2015-07-26",1472,8,42),("2015-08-11",866,6,49),("2015-08-20",1389,12,48),("2015-12-13",24,3,44),("2015-06-12",943,10,50),("2015-12-22",258,9,47),("2015-03-15",150,1,43),("2015-08-28",1222,1,49),("2015-12-25",73,7,44),("2015-10-14",1235,9,47),("2015-06-03",746,11,44),("2015-03-15",1060,7,45),("2015-10-01",935,5,45),("2015-09-02",1147,9,48),("2015-07-05",1285,7,44),("2015-12-27",373,1,50),("2015-07-10",346,8,47),("2015-04-01",1373,10,46),("2015-09-03",991,6,48),("2015-06-09",1471,3,49),("2015-11-16",376,2,48),("2015-06-22",872,1,42),("2015-10-28",952,2,44),("2015-12-11",1250,1,44),("2015-07-03",130,1,44),("2015-10-03",296,11,42),("2015-04-14",207,12,44),("2015-10-04",1097,2,45),("2015-09-08",470,12,46),("2015-08-01",1065,1,42),("2015-10-16",994,6,48),("2015-08-13",763,11,44),("2015-12-24",13,8,41),("2015-10-17",806,4,47),("2015-10-28",1085,7,47),("2015-09-26",467,2,49),("2015-07-16",723,7,46),("2015-10-24",85,12,47),("2015-08-13",325,6,44),("2015-10-18",1299,5,45),("2015-05-09",864,10,46),("2015-12-03",675,4,50),("2015-04-03",629,5,45),("2015-11-12",1341,12,49),("2015-06-05",898,3,47),("2015-06-22",1179,8,43),("2015-08-15",582,7,50),("2015-11-08",739,11,43),("2015-07-03",817,9,49),("2015-12-30",1093,7,42),("2015-03-25",455,7,49),("2015-05-18",82,5,44),("2015-09-19",1003,8,44),("2015-12-27",398,12,50),("2015-10-04",696,5,42),("2015-11-16",441,7,45),("2015-09-08",262,11,45),("2015-06-16",408,6,47),("2015-09-24",1434,3,46);
INSERT INTO `customer_room` (`buy_at`,`id_customer`,`id_room`,`id_gear`) VALUES ("2015-12-05",1227,1,47),("2015-04-05",1448,7,46),("2015-11-14",749,9,45),("2015-07-03",259,9,44),("2015-10-03",984,11,46),("2015-12-25",175,3,41),("2015-09-23",41,7,48),("2015-08-07",782,4,47),("2015-06-20",539,8,46),("2015-03-10",446,7,46),("2015-03-31",181,1,44),("2015-10-18",509,9,43),("2015-11-04",151,9,42),("2015-05-19",557,12,44),("2015-07-17",885,2,50),("2015-05-22",275,12,48),("2015-08-09",1012,4,47),("2015-04-16",1013,1,43),("2015-05-21",158,11,44),("2015-08-31",905,1,49),("2015-08-07",673,11,50),("2015-07-23",762,11,49),("2015-05-29",640,1,49),("2015-08-12",864,5,47),("2015-07-15",460,7,43),("2015-11-25",684,7,46),("2015-08-23",1241,9,41),("2015-12-01",885,4,42),("2015-03-17",523,2,45),("2015-06-07",961,5,44),("2015-11-07",637,10,50),("2015-07-16",50,12,49),("2015-12-15",1044,1,45),("2015-07-05",75,4,47),("2015-10-06",463,4,46),("2015-10-09",877,12,45),("2015-03-23",871,3,50),("2015-09-13",205,7,45),("2015-11-29",865,10,47),("2015-11-27",984,4,42),("2015-04-30",1196,6,50),("2015-11-29",1006,10,50),("2015-11-18",1150,10,41),("2015-09-27",15,9,50),("2015-05-10",1426,7,44),("2015-08-12",444,5,46),("2015-04-20",738,2,48),("2015-06-10",1332,6,43),("2015-06-20",353,9,42),("2015-05-20",390,12,44),("2015-07-17",558,4,46),("2015-09-03",1312,5,44),("2015-02-27",1259,2,46),("2015-09-24",77,11,45),("2015-11-07",420,11,49),("2015-11-21",1390,9,42),("2015-03-19",1138,2,44),("2015-09-01",1232,7,42),("2015-06-24",1007,1,46),("2015-04-06",749,2,48),("2015-06-12",1347,11,47),("2015-10-10",512,3,48),("2015-03-08",1170,6,48),("2015-04-24",1211,8,41),("2015-08-08",1457,12,47),("2015-12-09",311,7,44),("2015-03-27",1256,8,45),("2015-07-01",1104,6,43),("2015-09-26",1054,6,48),("2015-11-05",691,1,41),("2015-05-08",333,10,48),("2015-06-20",368,12,48),("2015-02-24",1422,9,47),("2015-09-09",1087,12,41),("2015-02-28",838,3,46),("2015-05-15",1380,9,46),("2015-10-26",39,2,48),("2015-09-24",14,8,49),("2015-12-02",65,6,43),("2015-08-05",585,5,42),("2015-07-24",1460,1,47),("2015-06-08",249,4,47),("2015-02-25",1129,4,44),("2015-11-03",1237,5,43),("2015-08-04",548,2,41),("2015-04-22",1181,11,45),("2015-11-03",1454,3,44),("2015-07-18",1059,4,41),("2015-08-06",46,9,41),("2015-11-24",1415,4,46),("2015-08-18",214,1,47),("2015-10-31",1280,4,45),("2015-06-25",741,2,43),("2015-07-26",301,6,45),("2015-04-15",1237,3,45),("2015-09-10",326,11,50),("2015-08-03",816,4,46),("2015-03-12",938,9,48),("2015-06-16",964,3,44),("2015-04-08",1080,11,44);
INSERT INTO `customer_room` (`buy_at`,`id_customer`,`id_room`,`id_gear`) VALUES ("2015-04-08",1163,12,48),("2015-03-24",910,10,41),("2015-12-15",636,4,45),("2015-04-19",164,6,45),("2015-11-27",345,8,45),("2015-03-28",393,8,47),("2015-10-06",81,5,43),("2015-11-17",232,12,46),("2015-08-28",1283,6,45),("2015-07-02",747,12,47),("2015-06-29",298,11,42),("2015-11-23",414,1,46),("2015-06-11",145,7,45),("2015-10-04",942,5,42),("2015-04-28",971,10,41),("2015-04-18",150,2,43),("2015-06-29",1184,1,42),("2015-10-03",913,2,47),("2015-09-23",39,4,50),("2015-03-20",1328,10,45),("2015-12-15",517,11,47),("2015-07-18",1051,10,49),("2015-07-07",207,9,46),("2015-08-30",290,6,46),("2015-02-24",898,2,41),("2015-08-28",869,7,42),("2015-04-03",430,7,45),("2015-10-15",974,6,43),("2015-06-08",1130,8,47),("2015-08-12",768,7,50),("2015-11-03",1423,12,43),("2015-03-05",882,3,44),("2015-11-30",933,7,49),("2015-04-16",159,7,45),("2015-05-09",237,7,48),("2015-05-25",828,10,45),("2015-03-20",1156,8,50),("2015-05-13",740,5,46),("2015-05-05",1347,10,44),("2015-09-20",1263,11,50),("2015-04-10",1430,2,48),("2015-10-23",899,2,48),("2015-10-17",682,3,48),("2015-10-28",142,5,47),("2015-06-06",1041,3,42),("2015-06-28",467,4,45),("2015-08-14",827,2,43),("2015-08-01",1356,9,43),("2015-05-31",1345,12,41),("2015-11-18",641,12,41),("2015-04-12",1189,7,41),("2015-09-01",1174,11,46),("2015-08-04",550,3,48),("2015-08-01",481,12,48),("2015-12-25",557,7,47),("2015-02-24",1057,11,49),("2015-07-27",381,9,49),("2015-11-12",1469,12,50),("2015-09-25",470,6,47),("2015-07-24",395,10,42),("2015-08-08",1236,9,45),("2015-05-19",526,1,49),("2015-05-10",416,7,44),("2015-07-29",70,4,45),("2015-06-19",664,4,43),("2015-05-08",1484,8,48),("2015-06-24",130,11,42),("2015-11-02",436,10,44),("2015-03-08",389,12,47),("2015-04-24",816,2,43),("2015-12-14",500,2,47),("2015-12-10",1214,12,50),("2015-03-01",532,6,44),("2015-03-24",556,11,41),("2015-05-22",556,2,44),("2015-06-29",352,5,47),("2015-10-03",967,3,44),("2015-10-01",626,4,43),("2015-06-18",465,2,41),("2015-10-26",985,10,48),("2015-11-27",1052,12,41),("2015-05-12",813,1,47),("2015-07-17",335,2,41),("2015-11-20",450,11,44),("2015-05-04",972,1,44),("2015-08-17",922,11,43),("2015-06-17",536,11,48),("2015-08-31",641,7,43),("2015-09-10",1018,12,44),("2015-06-02",1162,11,49),("2015-05-06",1395,7,41),("2015-05-17",1301,4,49),("2015-05-01",399,1,44),("2015-11-11",477,12,48),("2015-09-15",840,12,44),("2015-09-19",1068,2,46),("2015-06-17",654,11,47),("2015-11-07",215,11,41),("2015-04-06",1200,7,47),("2015-06-20",289,3,41);
INSERT INTO `customer_room` (`buy_at`,`id_customer`,`id_room`,`id_gear`) VALUES ("2015-11-09",622,9,45),("2015-09-24",49,1,43),("2015-10-26",764,9,46),("2015-11-09",1426,10,42),("2015-03-01",342,7,41),("2015-10-07",1256,7,41),("2015-12-02",1262,8,43),("2015-02-26",1441,3,43),("2015-11-20",754,8,43),("2015-04-05",528,5,44),("2015-09-28",936,7,41),("2015-10-02",1092,7,46),("2015-08-29",910,1,44),("2015-10-21",1235,12,45),("2015-05-09",905,1,42),("2015-03-07",1409,8,50),("2015-09-25",199,10,48),("2015-04-28",972,7,49),("2015-10-24",849,9,42),("2015-08-09",1011,5,42),("2015-05-27",499,2,48),("2015-04-01",1119,4,41),("2015-10-19",459,10,42),("2015-11-24",197,11,41),("2015-08-07",462,6,47),("2015-07-20",1444,7,49),("2015-07-09",131,5,43),("2015-06-16",1084,2,47),("2015-11-10",187,12,46),("2015-06-01",869,1,47),("2015-04-08",534,4,48),("2015-10-29",980,3,46),("2015-06-16",1309,3,43),("2015-12-12",1126,6,47),("2015-07-12",1253,7,42),("2015-06-26",219,4,42),("2015-03-10",1015,6,45),("2015-07-11",408,11,41),("2015-06-18",1381,1,41),("2015-04-27",1281,5,50),("2015-05-20",1293,7,42),("2015-03-03",1066,5,44),("2015-05-25",1129,7,46),("2015-06-23",593,10,47),("2015-11-08",382,11,49),("2015-05-07",760,7,47),("2015-12-10",474,4,44),("2015-09-05",1230,5,41),("2015-03-16",1148,1,50),("2015-05-26",629,11,45),("2015-05-17",1111,2,49),("2015-04-15",1275,12,43),("2015-07-05",722,1,45),("2015-02-23",988,9,45),("2015-07-06",426,2,43),("2015-12-14",1194,4,46),("2015-04-17",1162,2,48),("2015-05-04",344,3,46),("2015-10-10",894,9,43),("2015-05-11",480,1,41),("2015-03-10",1090,12,46),("2015-10-29",1450,3,46),("2015-06-07",1407,1,48),("2015-10-17",746,10,45),("2015-11-06",852,11,46),("2015-09-12",252,7,44),("2015-10-11",1163,12,49),("2015-08-15",727,7,45),("2015-09-15",1482,2,42),("2015-08-05",1373,5,48),("2015-11-28",1466,10,45),("2015-11-06",418,5,45),("2015-06-20",727,7,50),("2015-07-27",92,10,47),("2015-11-13",1269,4,46),("2015-05-05",820,7,41),("2015-12-21",1479,10,41),("2015-12-14",1080,12,50),("2015-11-25",579,9,43),("2015-04-02",195,4,45),("2015-04-20",1255,3,46),("2015-05-10",482,4,48),("2015-06-20",1162,12,45),("2015-10-25",145,4,41),("2015-06-06",452,2,44),("2015-10-15",827,2,43),("2015-11-30",49,4,43),("2015-12-11",659,10,42),("2015-03-05",312,1,42),("2015-08-03",916,5,43),("2015-12-01",748,3,49),("2015-12-19",810,11,46),("2015-03-23",644,5,41),("2015-10-01",788,7,46),("2015-04-02",930,4,44),("2015-05-28",60,3,41),("2015-09-08",937,1,43),("2015-09-04",308,1,48),("2015-07-10",576,8,45),("2015-09-19",1408,9,45);
INSERT INTO `customer_room` (`buy_at`,`id_customer`,`id_room`,`id_gear`) VALUES ("2015-05-26",167,12,45),("2015-09-23",1033,4,43),("2015-12-20",1101,2,42),("2015-07-14",1272,3,48),("2015-06-11",1459,6,50),("2015-06-19",1288,7,47),("2015-02-23",985,11,47),("2015-12-27",877,12,44),("2015-03-21",175,6,47),("2015-04-17",1463,7,43),("2015-08-25",1351,6,48),("2015-12-24",1281,8,48),("2015-06-19",1165,9,45),("2015-04-20",1041,7,48),("2015-03-25",805,10,42),("2015-08-03",650,5,44),("2015-06-21",837,2,42),("2015-05-10",353,9,41),("2015-03-02",463,7,50),("2015-07-15",1467,7,41),("2015-12-07",212,6,42),("2015-08-29",75,7,41),("2015-11-26",686,12,42),("2015-08-14",869,12,42),("2015-07-19",967,10,50),("2015-04-25",566,11,45),("2015-08-22",384,6,42),("2015-03-30",988,5,49),("2015-06-23",1013,8,42),("2015-09-14",1385,12,45),("2015-07-19",1151,1,50),("2015-12-24",1131,11,46),("2015-02-28",478,8,45),("2015-08-08",814,9,47),("2015-04-30",1262,10,42),("2015-06-01",1150,12,41),("2015-12-14",27,11,46),("2015-11-18",551,3,46),("2015-04-10",965,1,49),("2015-06-23",73,10,46),("2015-12-26",472,8,46),("2015-03-03",927,11,47),("2015-10-29",1367,3,41),("2015-08-26",356,7,42),("2015-10-06",586,11,46),("2015-07-25",65,2,48),("2015-03-11",1170,6,44),("2015-03-20",259,12,50),("2015-07-23",1228,7,49),("2015-12-07",686,2,45),("2015-08-31",1010,7,44),("2015-08-12",1437,12,44),("2015-10-22",1155,3,44),("2015-09-20",1272,4,44),("2015-03-10",758,10,46),("2015-07-18",796,10,42),("2015-11-17",628,8,42),("2015-03-17",477,9,49),("2015-12-04",549,5,47),("2015-04-10",480,7,42),("2015-08-01",180,8,46),("2015-09-06",1005,7,50),("2015-11-28",141,8,48),("2015-03-05",1042,7,49),("2015-06-22",1019,5,49),("2015-12-13",314,1,49),("2015-08-13",378,11,49),("2015-08-19",614,5,41),("2015-11-01",1454,8,45),("2015-12-06",52,12,44),("2015-05-13",684,1,43),("2015-10-17",706,4,41),("2015-06-17",1257,6,46),("2015-11-04",333,2,50),("2015-09-10",442,12,47),("2015-09-12",608,6,50),("2015-05-04",519,8,50),("2015-08-01",1013,2,43),("2015-11-18",1433,5,44),("2015-09-06",772,2,48),("2015-12-12",1311,12,42),("2015-04-05",1152,6,42),("2015-08-25",1221,1,43),("2015-08-17",402,7,46),("2015-05-17",1189,6,41),("2015-11-21",1377,4,43),("2015-06-30",1431,9,42),("2015-04-21",1363,3,47),("2015-04-11",1121,8,49),("2015-04-27",535,8,41),("2015-08-05",591,6,50),("2015-04-30",496,10,44),("2015-12-26",854,11,41),("2015-10-31",448,5,48),("2015-06-24",820,1,46),("2015-07-18",114,11,47),("2015-08-11",1091,3,42),("2015-07-05",250,2,49),("2015-08-19",372,12,41),("2015-06-14",1098,1,43);
INSERT INTO `customer_room` (`buy_at`,`id_customer`,`id_room`,`id_gear`) VALUES ("2015-08-03",1053,11,43),("2015-05-29",1227,2,49),("2015-06-09",1077,11,48),("2015-07-04",451,3,47),("2015-04-13",368,5,48),("2015-07-13",221,2,49),("2015-03-21",1201,2,46),("2015-03-15",855,10,45),("2015-06-03",349,11,47),("2015-04-03",605,2,48),("2015-05-10",1241,11,42),("2015-08-23",59,8,45),("2015-04-30",543,8,47),("2015-11-13",1141,1,50),("2015-06-27",1036,11,41),("2015-04-19",1298,12,45),("2015-12-24",1060,12,44),("2015-06-25",1453,3,50),("2015-07-28",696,6,41),("2015-10-26",1426,9,44),("2015-06-13",1016,3,43),("2015-06-23",1240,9,49),("2015-04-22",432,4,44),("2015-07-02",893,7,48),("2015-09-16",1325,10,49),("2015-10-27",629,8,42),("2015-08-23",234,3,46),("2015-04-19",635,6,41),("2015-11-15",286,5,49),("2015-08-28",1006,11,47),("2015-08-13",128,10,46),("2015-08-28",72,4,50),("2015-06-12",1425,9,41),("2015-05-10",1249,8,49),("2015-12-15",801,8,45),("2015-12-16",807,10,42),("2015-08-10",897,3,48),("2015-09-17",1082,7,50),("2015-12-09",910,2,45),("2015-11-17",1016,8,42),("2015-12-08",1471,3,45),("2015-05-13",197,1,45),("2015-07-14",968,3,49),("2015-07-09",2,9,46),("2015-08-16",1273,4,48),("2015-09-10",638,11,47),("2015-07-24",567,1,43),("2015-11-03",454,10,50),("2015-11-25",554,3,47),("2015-03-14",352,4,41),("2015-08-14",256,11,48),("2015-02-26",1174,2,50),("2015-07-01",1221,12,45),("2015-05-13",949,2,49),("2015-07-28",388,12,43),("2015-09-24",917,9,41),("2015-06-03",368,7,48),("2015-03-01",29,7,43),("2015-06-17",1322,7,47),("2015-04-15",77,10,47),("2015-06-28",928,1,45),("2015-03-11",470,2,48),("2015-12-03",346,6,49),("2015-07-21",1416,8,50),("2015-07-18",604,11,46),("2015-05-02",356,12,42),("2015-06-17",29,1,48),("2015-08-22",75,12,46),("2015-06-29",929,10,45),("2015-07-31",380,5,47),("2015-05-17",92,4,50),("2015-03-25",12,5,50),("2015-06-04",666,3,43),("2015-12-02",1042,9,47),("2015-04-01",402,7,49),("2015-03-11",254,11,44),("2015-09-20",583,9,45),("2015-06-29",1101,11,48),("2015-05-07",30,4,49),("2015-07-06",251,2,43),("2015-05-18",635,4,46),("2015-05-26",1456,7,48),("2015-05-01",96,6,44),("2015-08-08",1053,2,46),("2015-02-23",531,3,45),("2015-04-29",1089,8,43),("2015-03-02",1373,2,50),("2015-05-02",1056,5,41),("2015-06-22",633,2,43),("2015-08-11",100,8,44),("2015-11-04",367,6,45),("2015-09-06",839,11,41),("2015-11-05",1132,8,44),("2015-10-21",501,1,46),("2015-07-24",1363,10,48),("2015-06-05",655,5,42),("2015-10-04",864,12,41),("2015-06-30",238,12,46),("2015-11-30",926,3,41),("2015-06-20",938,2,48);
INSERT INTO `customer_room` (`buy_at`,`id_customer`,`id_room`,`id_gear`) VALUES ("2015-08-07",547,7,47),("2015-06-03",459,3,44),("2015-06-23",1323,3,43),("2015-06-04",510,6,41),("2015-06-14",451,4,46),("2015-05-11",663,10,44),("2015-11-25",1001,4,41),("2015-12-25",365,1,49),("2015-07-07",635,6,41),("2015-12-16",939,12,46),("2015-12-23",860,9,45),("2015-10-22",229,12,43),("2015-07-29",926,7,45),("2015-05-14",948,10,48),("2015-05-12",1458,4,47),("2015-04-23",1272,12,47),("2015-08-09",878,6,43),("2015-04-06",1486,3,41),("2015-09-01",69,5,46),("2015-05-12",600,8,48),("2015-07-29",1277,3,41),("2015-03-23",1376,10,48),("2015-08-05",457,8,47),("2015-08-15",658,8,43),("2015-06-22",1455,2,44),("2015-11-13",507,3,44),("2015-08-08",1077,9,49),("2015-07-01",1204,6,46),("2015-03-29",1070,12,49),("2015-05-01",104,6,42),("2015-09-01",1272,5,46),("2015-09-02",704,8,49),("2015-06-22",877,9,42),("2015-12-06",1062,5,50),("2015-05-09",211,7,42),("2015-09-08",176,8,46),("2015-06-27",1266,2,49),("2015-11-16",943,1,50),("2015-06-30",530,1,50),("2015-10-02",261,2,43),("2015-10-08",244,2,47),("2015-09-24",1456,2,50),("2015-12-13",596,4,41),("2015-09-09",998,7,48),("2015-03-03",1265,4,47),("2015-09-21",1020,5,50),("2015-07-04",846,6,45),("2015-09-12",15,11,47),("2015-10-09",177,6,43),("2015-10-09",873,9,45),("2015-10-04",1262,3,42),("2015-03-28",261,9,48),("2015-03-26",485,8,47),("2015-12-14",1485,12,47),("2015-12-11",1152,10,41),("2015-04-24",655,4,42),("2015-07-16",399,12,46),("2015-04-22",774,8,50),("2015-04-03",658,3,46),("2015-06-06",1354,7,44),("2015-09-11",331,8,47),("2015-10-21",234,6,49),("2015-03-12",1029,2,42),("2015-06-01",316,9,44),("2015-06-09",1275,8,43),("2015-11-21",961,8,50),("2015-03-11",162,3,50),("2015-10-06",437,5,43),("2015-12-26",1154,4,49),("2015-09-10",655,3,49),("2015-11-01",39,9,42),("2015-08-21",143,5,41),("2015-07-10",555,12,42),("2015-08-13",384,4,50),("2015-08-31",684,11,43),("2015-06-16",918,2,50),("2015-09-06",978,12,43),("2015-06-27",811,12,42),("2015-04-14",1289,6,50),("2015-12-26",1309,5,41),("2015-09-07",596,5,45),("2015-09-13",421,1,44),("2015-05-09",95,7,46),("2015-05-06",1361,4,41),("2015-03-16",57,3,41),("2015-05-31",1225,7,43),("2015-08-27",1048,10,47),("2015-04-30",285,12,47),("2015-10-12",466,3,50),("2015-11-07",42,5,41),("2015-12-01",293,10,50),("2015-05-26",401,1,44),("2015-10-12",802,10,47),("2015-03-04",1289,4,50),("2015-10-06",1431,12,46),("2015-06-07",694,11,46),("2015-03-03",649,12,42),("2015-04-06",1300,8,44),("2015-12-15",893,1,41),("2015-11-29",318,6,45);
INSERT INTO `customer_room` (`buy_at`,`id_customer`,`id_room`,`id_gear`) VALUES ("2015-03-08",511,4,45),("2015-10-23",126,5,41),("2015-09-13",607,1,45),("2015-04-23",483,10,42),("2015-10-06",1425,5,44),("2015-04-04",601,2,48),("2015-06-16",1364,6,42),("2015-07-09",691,2,43),("2015-12-14",258,5,48),("2015-06-21",281,7,42),("2015-12-02",867,5,48),("2015-09-26",756,6,41),("2015-12-30",521,5,49),("2015-05-24",1329,9,42),("2015-05-31",768,12,45),("2015-05-30",696,3,41),("2015-06-13",989,7,43),("2015-10-22",275,12,50),("2015-10-05",679,7,45),("2015-11-23",188,1,49),("2015-03-10",1044,4,42),("2015-05-15",906,2,48),("2015-04-07",713,1,44),("2015-03-11",41,8,41),("2015-11-05",1308,12,44),("2015-08-29",285,2,46),("2015-03-07",1310,7,41),("2015-10-30",409,2,50),("2015-03-22",898,4,42),("2015-02-23",1251,2,47),("2015-03-11",1294,9,44),("2015-10-08",996,4,48),("2015-11-21",367,2,44),("2015-06-26",296,6,45),("2015-03-21",693,3,50),("2015-04-09",406,10,46),("2015-10-07",52,7,45),("2015-04-25",567,1,47),("2015-03-27",1138,6,42),("2015-09-08",592,7,43),("2015-07-26",1037,9,43),("2015-09-03",114,1,50),("2015-07-30",1410,2,45),("2015-12-16",684,9,49),("2015-03-09",273,9,44),("2015-11-09",298,10,49),("2015-06-17",1233,6,46),("2015-11-08",1320,3,45),("2015-07-17",207,11,49),("2015-04-14",485,12,43),("2015-12-16",1135,9,41),("2015-03-28",357,9,43),("2015-03-11",1200,11,43),("2015-12-01",597,7,43),("2015-09-16",71,6,48),("2015-03-19",1216,11,43),("2015-07-23",461,1,45),("2015-10-28",387,2,48),("2015-08-28",1445,5,46),("2015-03-10",1448,6,44),("2015-04-16",712,8,45),("2015-07-25",1112,12,46),("2015-08-01",656,9,50),("2015-03-10",72,3,46),("2015-12-02",1336,3,49),("2015-05-21",1383,6,49),("2015-06-21",337,11,43),("2015-08-27",1120,1,50),("2015-11-15",1463,2,46),("2015-03-03",1407,6,42),("2015-12-18",1340,4,47),("2015-11-29",406,2,49),("2015-06-19",518,11,42),("2015-11-20",969,4,47),("2015-10-13",283,6,44),("2015-06-24",166,3,44),("2015-05-29",165,9,45),("2015-12-25",283,1,45),("2015-07-14",605,7,46),("2015-11-23",218,2,43),("2015-03-26",1430,6,44),("2015-05-06",504,9,46),("2015-06-19",105,7,44),("2015-04-12",460,1,46),("2015-09-18",71,3,45),("2015-04-17",712,11,46),("2015-03-11",618,7,41),("2015-04-18",1068,12,50),("2015-06-23",12,7,44),("2015-08-13",52,10,41),("2015-09-20",1500,5,41),("2015-11-10",1327,3,43),("2015-03-18",1022,3,41),("2015-02-28",500,7,42),("2015-10-17",1178,1,49),("2015-04-29",59,2,47),("2015-08-05",1133,8,49),("2015-11-06",719,10,41),("2015-05-26",961,6,47),("2015-02-25",1227,4,50);
INSERT INTO `customer_room` (`buy_at`,`id_customer`,`id_room`,`id_gear`) VALUES ("2015-06-09",449,12,47),("2015-12-27",902,8,46),("2015-12-15",462,8,45),("2015-03-16",595,11,44),("2015-06-10",668,1,45),("2015-03-10",765,11,49),("2015-09-07",31,3,41),("2015-08-02",187,2,50),("2015-05-11",51,10,44),("2015-05-18",1127,10,45),("2015-04-02",135,9,47),("2015-08-21",405,4,44),("2015-07-22",108,9,44),("2015-04-06",778,9,45),("2015-03-12",505,5,49),("2015-07-17",377,2,50),("2015-03-13",811,10,41),("2015-03-17",804,9,42),("2015-07-10",72,8,45),("2015-04-07",214,7,43),("2015-10-11",1465,3,45),("2015-10-27",331,4,46),("2015-03-26",1021,2,50),("2015-03-31",839,9,48),("2015-11-04",301,10,45),("2015-05-14",400,11,46),("2015-05-30",567,6,50),("2015-07-06",303,7,43),("2015-09-01",1021,1,49),("2015-05-01",764,5,46),("2015-06-19",1073,9,44),("2015-05-05",1268,6,44),("2015-07-30",401,5,42),("2015-06-27",877,1,43),("2015-08-15",454,12,48),("2015-03-30",38,10,48),("2015-06-16",1116,4,48),("2015-03-14",1497,12,45),("2015-12-01",1128,4,46),("2015-12-16",1292,9,43),("2015-06-23",491,1,45),("2015-09-30",326,11,44),("2015-07-12",1480,1,50),("2015-09-02",461,4,50),("2015-10-17",910,3,49),("2015-08-23",981,7,44),("2015-09-13",1454,6,47),("2015-06-24",1333,4,43),("2015-08-04",784,2,44),("2015-11-07",1393,12,48),("2015-05-26",509,5,43),("2015-12-17",1135,11,48),("2015-09-02",1431,11,47),("2015-06-15",956,8,43),("2015-10-12",794,10,45),("2015-10-08",189,7,47),("2015-07-23",907,3,49),("2015-08-12",797,7,47),("2015-07-15",1056,12,41),("2015-03-08",722,7,43),("2015-03-04",57,6,43),("2015-03-07",1403,11,43),("2015-02-25",387,4,45),("2015-05-21",137,3,45),("2015-11-22",904,1,42),("2015-11-14",1494,5,47),("2015-04-25",1344,2,50),("2015-04-24",256,6,49),("2015-03-17",1308,6,50),("2015-06-08",1233,4,45),("2015-10-06",148,4,42),("2015-12-28",1224,10,46),("2015-08-30",1428,7,50),("2015-03-27",689,5,44),("2015-07-17",173,11,41),("2015-10-19",7,3,46),("2015-05-17",478,3,41),("2015-08-25",1231,2,42),("2015-09-03",282,1,42),("2015-11-22",106,9,42),("2015-10-21",704,7,43),("2015-08-31",554,7,44),("2015-04-06",1339,12,48),("2015-05-29",577,11,45),("2015-08-05",452,5,41),("2015-06-03",177,8,43),("2015-07-07",138,2,46),("2015-05-13",127,2,45),("2015-07-08",1361,11,50),("2015-10-06",906,6,49),("2015-07-17",925,12,44),("2015-06-25",1153,10,43),("2015-03-18",1297,9,49),("2015-05-30",974,7,44),("2015-11-30",1328,7,48),("2015-12-29",125,8,46),("2015-07-22",1461,12,45),("2015-12-08",1279,1,43),("2015-02-28",356,1,43),("2015-04-12",874,3,42);
INSERT INTO `customer_room` (`buy_at`,`id_customer`,`id_room`,`id_gear`) VALUES ("2015-11-15",119,11,48),("2015-07-24",1491,5,44),("2015-07-10",3,9,45),("2015-12-13",31,12,46),("2015-12-17",1051,11,48),("2015-11-14",922,4,46),("2015-04-10",968,6,43),("2015-03-07",697,4,47),("2015-09-15",353,9,42),("2015-06-18",669,6,45),("2015-11-17",15,2,41),("2015-07-19",191,9,48),("2015-03-05",85,11,43),("2015-02-26",913,2,42),("2015-10-04",1321,12,49),("2015-12-23",1201,7,43),("2015-03-28",162,8,48),("2015-10-09",183,9,46),("2015-06-05",602,4,46),("2015-04-28",1237,3,41),("2015-05-16",1046,5,42),("2015-11-02",397,7,47),("2015-09-21",1076,10,47),("2015-06-16",1062,4,46),("2015-03-28",759,6,44),("2015-07-08",91,1,49),("2015-02-24",1342,8,48),("2015-05-15",1084,7,42),("2015-10-20",1055,5,44),("2015-08-26",1239,7,41),("2015-04-08",1233,7,42),("2015-09-25",460,11,48),("2015-06-04",1235,2,42),("2015-09-09",807,5,49),("2015-03-25",984,3,44),("2015-07-09",31,6,43),("2015-12-27",729,7,50),("2015-09-07",92,2,41),("2015-03-23",812,2,47),("2015-05-16",1492,7,46),("2015-07-15",1298,4,41),("2015-08-04",50,6,43),("2015-12-25",958,12,47),("2015-03-21",435,6,49),("2015-06-06",1200,5,46),("2015-08-13",926,1,42),("2015-05-15",113,8,41),("2015-10-08",442,2,42),("2015-03-20",762,3,49),("2015-10-15",249,9,49),("2015-09-23",675,11,48),("2015-05-26",611,7,48),("2015-08-08",1414,7,44),("2015-06-14",633,10,41),("2015-08-19",1370,8,48),("2015-11-12",329,7,43),("2015-05-11",466,9,49),("2015-04-25",1450,9,46),("2015-10-25",1346,1,44),("2015-03-17",733,5,47),("2015-04-20",18,10,41),("2015-04-07",801,11,47),("2015-04-15",966,9,43),("2015-06-02",920,4,48),("2015-05-30",343,1,50),("2015-07-30",1376,8,45),("2015-10-12",1311,9,49),("2015-07-26",854,2,41),("2015-11-01",115,12,42),("2015-03-23",1267,4,44),("2015-03-15",867,6,49),("2015-06-22",20,5,41),("2015-11-05",1411,2,47),("2015-05-06",182,6,43),("2015-12-08",1045,1,44),("2015-09-23",1120,10,42),("2015-03-07",463,12,48),("2015-10-01",1474,8,50),("2015-12-27",431,11,47),("2015-07-26",149,12,49),("2015-04-22",1305,4,44),("2015-04-28",1098,6,44),("2015-04-08",192,9,43),("2015-05-25",258,2,46),("2015-03-12",323,6,49),("2015-08-29",98,12,43),("2015-10-26",477,8,45),("2015-12-06",44,9,43),("2015-09-04",135,11,48),("2015-02-23",1434,4,41),("2015-02-28",322,11,46),("2015-12-10",511,1,41),("2015-06-12",588,1,50),("2015-03-22",112,9,47),("2015-05-30",1194,7,42),("2015-10-04",120,5,49),("2015-06-18",843,3,46),("2015-03-26",645,6,49),("2015-12-05",856,10,46),("2015-12-22",805,3,50);
INSERT INTO `customer_room` (`buy_at`,`id_customer`,`id_room`,`id_gear`) VALUES ("2015-10-18",910,6,41),("2015-04-22",473,1,49),("2015-10-30",138,8,42),("2015-07-11",497,1,42),("2015-03-08",1083,5,42),("2015-05-12",1326,5,43),("2015-09-16",912,10,43),("2015-08-20",750,9,47),("2015-11-09",43,7,50),("2015-11-27",820,5,49),("2015-04-08",58,10,42),("2015-03-06",378,9,48),("2015-08-07",1250,6,42),("2015-05-28",1307,11,50),("2015-09-11",356,8,45),("2015-07-23",1,12,47),("2015-03-28",876,12,50),("2015-08-04",736,1,41),("2015-05-06",1427,1,44),("2015-07-06",80,7,44),("2015-12-24",180,2,48),("2015-12-20",552,2,41),("2015-05-01",73,11,42),("2015-08-27",1217,7,50),("2015-03-17",1123,7,42),("2015-09-08",548,9,47),("2015-05-17",757,12,47),("2015-04-27",430,3,50),("2015-07-27",545,8,43),("2015-03-25",1279,3,41),("2015-04-21",324,9,47),("2015-03-12",1331,6,45),("2015-10-06",655,12,45),("2015-05-25",1475,8,49),("2015-02-25",287,12,41),("2015-07-22",1348,2,49),("2015-05-27",102,1,41),("2015-12-25",693,6,45),("2015-06-11",132,2,48),("2015-12-25",897,1,43),("2015-04-06",557,1,47),("2015-03-31",1124,10,41),("2015-08-23",332,7,48),("2015-04-29",40,2,44),("2015-11-25",286,6,47),("2015-07-09",374,5,50),("2015-12-26",514,11,43),("2015-04-19",972,1,43),("2015-06-17",322,5,44),("2015-02-26",983,11,45),("2015-02-23",52,3,46),("2015-12-21",144,11,45),("2015-09-11",1284,9,45),("2015-08-03",995,8,45),("2015-06-26",188,1,43),("2015-03-03",603,8,49),("2015-12-25",1158,4,49),("2015-09-09",1135,5,50),("2015-03-25",1210,12,47),("2015-03-08",939,1,48),("2015-06-23",824,7,44),("2015-06-21",111,7,49),("2015-06-20",178,3,43),("2015-08-12",1076,6,42),("2015-07-18",731,8,48),("2015-06-15",165,5,46),("2015-05-16",12,11,46),("2015-08-25",1140,3,48),("2015-05-06",1128,3,47),("2015-06-27",952,7,44),("2015-09-28",1485,4,45),("2015-08-07",1279,9,41),("2015-07-17",924,4,45),("2015-11-11",542,12,50),("2015-02-27",572,10,50),("2015-09-13",1243,11,41),("2015-05-22",1110,4,50),("2015-11-12",1469,2,49),("2015-04-26",197,5,41),("2015-03-30",735,4,49),("2015-03-13",682,3,45),("2015-04-24",41,9,41),("2015-08-23",1075,2,46),("2015-05-23",547,5,42),("2015-08-15",983,9,48),("2015-03-04",606,10,49),("2015-07-10",1278,1,47),("2015-11-25",1128,11,45),("2015-07-02",1120,10,49),("2015-09-08",948,5,43),("2015-02-27",1091,5,42),("2015-05-23",999,8,49),("2015-07-19",1135,8,42),("2015-05-24",815,6,43),("2015-03-27",1457,2,50),("2015-06-05",1380,1,41),("2015-11-18",979,10,41),("2015-05-10",1132,4,41),("2015-08-25",939,3,44),("2015-07-22",530,12,42);
INSERT INTO `customer_room` (`buy_at`,`id_customer`,`id_room`,`id_gear`) VALUES ("2015-09-16",1047,1,42),("2015-03-04",342,4,42),("2015-03-02",1089,12,50),("2015-11-02",350,8,44),("2015-11-15",1336,7,46),("2015-07-28",728,10,48),("2015-07-20",1452,9,44),("2015-10-24",1301,11,44),("2015-04-20",441,9,47),("2015-03-08",1162,3,46),("2015-03-30",1155,2,50),("2015-06-08",447,11,50),("2015-06-02",1121,3,45),("2015-10-17",953,10,43),("2015-05-25",1258,10,45),("2015-03-22",569,10,42),("2015-11-25",114,9,41),("2015-03-05",317,7,46),("2015-10-30",440,10,43),("2015-04-11",228,8,48),("2015-04-16",1300,2,46),("2015-10-02",658,11,46),("2015-05-01",567,11,47),("2015-05-18",748,8,50),("2015-07-15",736,6,45),("2015-12-02",405,5,43),("2015-05-15",115,10,49),("2015-09-29",972,7,42),("2015-10-04",804,5,44),("2015-08-18",1394,1,42),("2015-02-23",1120,11,46),("2015-04-03",14,9,47),("2015-08-27",773,8,47),("2015-11-12",499,11,47),("2015-05-02",1491,3,50),("2015-05-02",503,1,46),("2015-06-08",375,1,49),("2015-05-11",114,6,45),("2015-12-02",471,12,44),("2015-05-22",1110,3,48),("2015-05-03",625,11,41),("2015-11-15",567,2,42),("2015-08-29",55,6,43),("2015-10-05",1121,10,50),("2015-10-13",577,5,44),("2015-03-28",1416,12,41),("2015-03-11",691,11,45),("2015-08-05",562,4,45),("2015-07-17",1280,8,44),("2015-07-13",971,8,49),("2015-08-23",86,8,41),("2015-05-06",653,4,48),("2015-07-20",1393,8,48),("2015-03-24",571,4,48),("2015-07-03",242,8,43),("2015-03-14",546,3,50),("2015-04-05",535,6,43),("2015-05-02",451,8,47),("2015-05-27",441,10,48),("2015-04-26",238,5,49),("2015-11-04",1154,3,41),("2015-08-13",807,11,47),("2015-05-30",705,4,47),("2015-08-15",356,3,41),("2015-05-21",1164,8,48),("2015-07-08",894,2,45),("2015-07-30",1435,2,44),("2015-09-16",531,9,47),("2015-11-18",377,6,42),("2015-05-27",1342,4,41),("2015-12-25",1491,2,43),("2015-04-10",302,3,45),("2015-03-13",956,2,50),("2015-04-18",1053,10,45),("2015-08-19",1349,10,48),("2015-10-09",599,9,46),("2015-06-17",505,4,47),("2015-04-04",1298,2,43),("2015-09-06",614,1,43),("2015-08-27",1365,11,45),("2015-12-01",1441,3,45),("2015-04-26",789,5,49),("2015-04-28",1359,5,46),("2015-03-12",546,8,48),("2015-11-11",483,10,44),("2015-03-15",1047,8,48),("2015-06-04",90,5,43),("2015-08-01",268,6,47),("2015-06-01",1068,3,43),("2015-05-11",580,1,41),("2015-12-16",1466,2,48),("2015-04-13",45,2,43),("2015-06-11",401,3,48),("2015-09-21",1272,2,48),("2015-08-05",129,11,42),("2015-03-27",365,9,44),("2015-10-07",769,4,46),("2015-10-06",46,11,48),("2015-08-08",1178,3,44),("2015-10-20",51,2,47);
INSERT INTO `customer_room` (`buy_at`,`id_customer`,`id_room`,`id_gear`) VALUES ("2015-10-03",1080,5,46),("2015-07-09",1418,11,41),("2015-10-14",153,6,44),("2015-07-20",1335,10,50),("2015-06-24",213,4,41),("2015-03-15",880,4,48),("2015-11-21",28,2,46),("2015-08-09",1445,7,48),("2015-03-14",1130,8,48),("2015-03-30",833,4,46),("2015-04-22",448,2,41),("2015-03-07",814,11,43),("2015-12-03",1010,10,42),("2015-10-19",1219,7,41),("2015-12-30",501,10,43),("2015-09-29",996,2,46),("2015-05-11",184,4,46),("2015-07-29",1238,11,42),("2015-04-01",860,8,49),("2015-12-05",602,4,44),("2015-06-29",1449,3,50),("2015-05-26",272,10,49),("2015-11-06",1174,8,48),("2015-10-19",1340,4,47),("2015-04-14",799,4,50),("2015-07-18",578,8,46),("2015-12-12",1098,11,49),("2015-09-09",1323,3,47),("2015-09-04",1134,9,45),("2015-09-15",845,5,48),("2015-08-05",606,10,44),("2015-10-09",73,12,47),("2015-03-27",431,10,48),("2015-10-12",896,7,43),("2015-11-01",1227,10,41),("2015-11-11",301,12,46),("2015-10-20",1041,12,46),("2015-06-25",1202,9,41),("2015-08-03",74,10,42),("2015-07-09",902,7,45),("2015-03-23",1354,12,49),("2015-05-27",738,10,48),("2015-06-28",153,5,43),("2015-12-25",772,4,46),("2015-04-13",531,6,50),("2015-06-06",1430,4,42),("2015-11-09",1289,12,46),("2015-12-11",1362,3,48),("2015-05-20",724,12,43),("2015-08-07",161,9,48),("2015-10-15",406,10,45),("2015-10-03",1489,7,41),("2015-12-13",806,7,41),("2015-09-24",146,8,46),("2015-09-13",497,10,42),("2015-08-08",1221,5,46),("2015-04-05",1251,5,45),("2015-04-29",649,6,45),("2015-07-23",866,6,48),("2015-10-01",1488,2,45),("2015-05-18",1340,10,50),("2015-06-03",65,9,49),("2015-10-25",529,11,50),("2015-10-02",1250,8,48),("2015-09-12",770,7,42),("2015-07-19",1249,11,50),("2015-04-24",834,11,45),("2015-11-06",1419,6,50),("2015-04-07",1366,1,48),("2015-09-26",626,1,44),("2015-03-12",164,8,43),("2015-08-10",56,3,42),("2015-07-28",267,8,48),("2015-02-27",365,1,47),("2015-03-09",11,1,48),("2015-02-24",43,12,48),("2015-06-15",1330,6,43),("2015-06-25",343,8,44),("2015-12-05",668,6,41),("2015-11-23",532,3,43),("2015-03-01",569,1,42),("2015-05-11",314,4,41),("2015-07-14",867,12,46),("2015-03-29",794,11,50),("2015-05-31",448,3,49),("2015-04-10",653,6,41),("2015-08-23",1396,8,44),("2015-07-14",575,2,48),("2015-08-03",1389,6,42),("2015-07-30",864,1,50),("2015-10-18",1362,8,43),("2015-12-26",1464,7,50),("2015-08-23",1237,7,45),("2015-11-06",270,9,41),("2015-07-31",1098,4,49),("2015-03-22",486,12,47),("2015-04-30",236,6,42),("2015-03-24",672,12,50),("2015-03-02",600,4,43),("2015-07-05",76,6,43);
INSERT INTO `customer_room` (`buy_at`,`id_customer`,`id_room`,`id_gear`) VALUES ("2015-11-05",159,8,43),("2015-08-13",284,2,50),("2015-10-20",596,10,50),("2015-08-07",1208,9,46),("2015-11-14",1161,5,47),("2015-09-26",529,11,43),("2015-07-07",290,10,42),("2015-03-12",299,11,45),("2015-10-28",836,10,46),("2015-12-07",818,12,45),("2015-10-18",42,4,45),("2015-09-16",219,8,46),("2015-04-04",689,3,42),("2015-11-26",1015,11,45),("2015-08-10",253,10,48),("2015-10-15",778,6,50),("2015-12-01",272,5,49),("2015-12-02",30,2,47),("2015-07-10",835,7,42),("2015-08-09",544,7,47),("2015-03-30",366,11,45),("2015-02-23",1451,1,45),("2015-11-19",391,1,42),("2015-08-03",1115,2,46),("2015-11-19",1022,10,44),("2015-11-24",853,10,46),("2015-12-03",1186,4,46),("2015-03-05",213,10,49),("2015-04-24",972,3,44),("2015-05-16",91,11,48),("2015-03-03",338,4,48),("2015-03-15",640,2,41),("2015-10-17",1373,11,41),("2015-04-19",266,9,41),("2015-08-09",196,11,42),("2015-06-05",369,9,41),("2015-04-28",470,10,49),("2015-10-03",1423,5,46),("2015-04-04",316,12,48),("2015-09-21",907,5,49),("2015-09-27",1126,6,46),("2015-10-09",329,11,41),("2015-07-07",976,10,47),("2015-12-06",1426,11,49),("2015-09-27",276,2,42),("2015-07-06",900,7,45),("2015-08-10",1243,12,45),("2015-04-27",1,7,47),("2015-12-18",1291,9,48),("2015-08-15",140,6,44),("2015-09-17",466,4,47),("2015-08-20",1125,1,47),("2015-08-21",516,8,45),("2015-08-03",1342,8,41),("2015-12-01",1345,8,43),("2015-12-01",348,4,41),("2015-10-04",1209,1,46),("2015-02-26",692,10,48),("2015-06-12",294,11,48),("2015-10-11",1072,4,50),("2015-10-15",319,6,41),("2015-11-18",67,12,41),("2015-04-28",585,3,50),("2015-04-27",1141,12,49),("2015-05-16",1277,3,41),("2015-05-30",1090,1,50),("2015-07-13",674,8,43),("2015-11-09",1346,4,45),("2015-10-27",1183,2,49),("2015-03-26",1049,9,43),("2015-11-06",70,3,46),("2015-09-18",1441,7,50),("2015-05-15",232,9,42),("2015-05-04",1314,2,43),("2015-12-29",371,7,41),("2015-11-30",626,9,42),("2015-05-14",734,2,46),("2015-03-09",198,6,50),("2015-03-10",187,10,50),("2015-03-19",540,11,44),("2015-07-28",1442,9,42),("2015-04-01",1282,7,41),("2015-03-02",679,11,42),("2015-11-02",976,11,41),("2015-03-05",154,12,41),("2015-10-02",162,7,48),("2015-12-23",1494,12,44),("2015-06-02",381,7,43),("2015-12-25",1189,7,48),("2015-11-14",1377,5,47),("2015-11-16",232,9,43),("2015-12-18",583,11,43),("2015-10-27",682,1,50),("2015-03-22",622,6,49),("2015-06-07",1169,6,49),("2015-10-05",886,12,50),("2015-06-12",736,4,46),("2015-05-10",1045,5,47),("2015-08-31",991,12,49),("2015-09-24",1156,10,49);
INSERT INTO `customer_room` (`buy_at`,`id_customer`,`id_room`,`id_gear`) VALUES ("2015-07-08",948,1,45),("2015-06-15",1271,4,50),("2015-08-01",1073,9,50),("2015-06-04",313,4,43),("2015-04-21",1479,6,44),("2015-06-20",742,6,46),("2015-09-17",825,4,43),("2015-04-28",118,10,47),("2015-12-19",52,10,46),("2015-07-27",611,8,47),("2015-06-07",926,8,43),("2015-05-27",127,4,42),("2015-05-04",546,10,41),("2015-03-10",1189,5,50),("2015-04-18",760,7,47),("2015-04-14",1263,12,41),("2015-08-30",1273,6,48),("2015-07-02",177,4,42),("2015-11-23",926,12,50),("2015-09-13",1446,3,50),("2015-10-26",980,10,42),("2015-06-29",220,9,43),("2015-10-30",1329,7,47),("2015-11-28",1095,12,48),("2015-10-03",755,3,46),("2015-05-04",1455,1,44),("2015-06-18",1343,4,42),("2015-12-04",524,2,46),("2015-09-12",233,10,45),("2015-07-31",763,8,46),("2015-08-04",1376,6,45),("2015-03-29",1447,1,43),("2015-05-16",1376,1,46),("2015-05-06",387,2,42),("2015-04-15",1343,8,46),("2015-03-09",115,8,45),("2015-11-10",122,2,47),("2015-11-27",585,8,49),("2015-04-14",1232,9,41),("2015-10-28",152,6,46),("2015-05-12",1365,1,44),("2015-04-08",1234,3,50),("2015-03-08",298,2,45),("2015-09-21",403,4,48),("2015-03-09",1092,6,42),("2015-07-16",1149,3,50),("2015-05-30",1008,4,50),("2015-06-06",927,3,46),("2015-03-21",1373,3,45),("2015-08-18",1065,5,48),("2015-07-28",781,2,43),("2015-10-23",1099,3,43),("2015-10-04",993,8,47),("2015-08-28",981,8,47),("2015-06-23",694,11,45),("2015-10-04",937,9,49),("2015-03-13",355,6,42),("2015-08-24",791,12,43),("2015-10-18",1458,11,49),("2015-08-23",1395,7,44),("2015-03-14",213,9,43),("2015-11-02",1142,3,50),("2015-03-08",406,8,44),("2015-02-23",955,5,45),("2015-07-05",1161,9,46),("2015-05-02",917,7,44),("2015-07-30",934,8,50),("2015-09-18",1227,6,42),("2015-06-08",442,8,47),("2015-03-24",19,2,48),("2015-07-05",8,5,44),("2015-05-29",199,8,46),("2015-07-21",1234,10,44),("2015-06-02",34,2,44),("2015-12-21",1298,10,47),("2015-09-27",1028,12,44),("2015-04-07",401,1,41),("2015-03-05",952,7,49),("2015-03-30",1066,8,45),("2015-08-14",448,11,44),("2015-08-19",798,8,41),("2015-07-27",91,8,48),("2015-06-17",811,7,44),("2015-04-13",204,2,42),("2015-11-07",940,6,45),("2015-05-27",1156,7,41),("2015-12-06",619,5,42),("2015-12-19",1265,4,42),("2015-11-22",3,3,49),("2015-10-01",457,7,45),("2015-10-19",569,5,50),("2015-09-02",463,3,47),("2015-09-10",142,1,44),("2015-04-04",30,8,43),("2015-06-27",407,11,50),("2015-03-30",452,5,50),("2015-04-05",613,5,41),("2015-02-28",655,2,48),("2015-11-15",1185,11,41),("2015-07-30",652,5,46);

#Insert for leasing_room
INSERT INTO `leasing_room` (`start_at`,`price`,`id_room`,`id_customer`) VALUES ("2015-03-05",35207,12,256),("2015-08-07",32570,12,614),("2015-11-19",16696,12,733),("2015-08-24",20863,12,1443),("2015-05-17",23123,12,1459),("2015-03-16",19954,12,1334),("2015-07-11",30063,12,693),("2015-05-10",55995,12,1104),("2015-05-22",34481,12,503),("2015-03-04",23773,12,72),("2015-07-01",49123,12,1065),("2015-04-17",27175,12,113),("2015-05-28",31293,12,610),("2015-09-13",26963,12,277),("2015-04-15",45430,12,564),("2015-04-09",56934,12,195),("2015-04-23",13124,12,664),("2015-03-04",10239,12,832),("2015-08-17",47885,12,1082),("2015-03-20",15462,12,407);
INSERT INTO `leasing_room` (`start_at`,`price`,`id_room`,`id_customer`) VALUES ("2015-04-12",31924,6,626),("2015-11-02",21252,6,1159),("2015-09-20",44346,6,1050),("2015-07-21",30872,6,584),("2015-08-18",27147,6,887),("2015-06-26",50740,6,657),("2015-06-12",21801,6,136),("2015-12-04",34074,6,328),("2015-05-17",13284,6,961),("2015-11-30",43184,6,816),("2015-09-07",30085,6,963),("2015-05-12",33688,6,408),("2015-03-06",16349,6,1039),("2015-09-25",13950,6,103),("2015-06-29",27731,6,742),("2015-03-18",34169,6,699),("2015-05-04",17058,6,44),("2015-05-22",22899,6,1399),("2015-04-30",39746,6,1043),("2015-09-13",40591,6,955);
INSERT INTO `leasing_room` (`start_at`,`end_at`,`price`,`id_room`,`id_customer`) VALUES ("2015-06-07","2015-06-17",189465,6,514),("2015-09-22","2015-09-29",183830,6,615),("2015-11-18","2015-11-27",396365,6,964);


#Insert for leasing_building
INSERT INTO `leasing_building` (`start_at`,`price`,`id_building`,`id_customer`) VALUES ("2015-12-10",718568,2,1328),("2015-06-27",648718,1,838),("2015-10-02",741181,2,102);
INSERT INTO `leasing_building` (`start_at`,`end_at`,`price`,`id_building`,`id_customer`) VALUES ("2015-06-04","2015-06-24",5258082,3,1386),("2015-03-14","2015-03-24",5130610,3,1477),("2015-08-20","2015-09-15",5734600,1,684);

#_______________________________________________________________________________________

#Select queries

#       - Voir le salaire de chacun de ses employers ainsi que leur horaire de travail et les tâches qui leur sont affectés
INSERT INTO employee_room VALUES (1,1);
SELECT CONCAT(employee.lastname, ' ', employee.firstname) AS Employee, 
employee.salary AS Salary, 
CONCAT(schedule.start_at, ' => ', schedule.end_at) AS Work,
post.name AS Post
,room.name AS Workplace
FROM room  
INNER JOIN employee_room ON employee_room.id_room = room.id
INNER JOIN employee ON employee.id = employee_room.id_employee
INNER JOIN post ON employee.id_post = post.id
INNER JOIN schedule ON post.id_schedule = schedule.id
GROUP BY employee.id;



##-----------------
SELECT CONCAT(employee.lastname, ' ', employee.firstname) AS Employee, 
employee.salary AS Salary, 
CONCAT(schedule.start_at, ' => ', schedule.end_at) AS Work,
post.name AS Post
FROM employee 
INNER JOIN post ON employee.id_post = post.id
INNER JOIN schedule ON post.id_schedule = schedule.id
GROUP BY employee.id;
##-----------------

#       - Voir les soirée à thème programmé (lieu, réduction éventuel, nombre de personne prévu)
SELECT theme_room.name AS Party, 
SUM(room.nb_people) AS Capacity, 
room_theme_room.start_at AS Date,
CONCAT(address.postal_code,' ',address.civic_num,' ',address.street_name,' ',address.town_name) AS address,
SUM(room.entrance_price) AS Price
FROM theme_room INNER JOIN room_theme_room ON theme_room.id = room_theme_room.id_theme_room
INNER JOIN room ON room_theme_room.id_room = room.id
INNER JOIN building ON room.id_building = building.id
INNER JOIN address ON building.id_address = address.id
#WHERE room_theme_room.start_at > NOW()
GROUP BY building.id, Date #room_theme_room.id
ORDER BY Date ASC;

#       - Voir l'ensemble des équipements des différentes pièces de la discothèque afin de voir les améliorations pouvant y être apporté
SELECT building.name AS building, 
room.name AS Room, 
room.nb_people AS Capacity, 
room_gear.quantity AS Quantity, 
gear.name AS Equipment,
state.name AS State
FROM building
INNER JOIN room ON building.id = room.id_building
INNER JOIN room_gear ON room.id = room_gear.id_room
INNER JOIN gear ON room_gear.id_gear = gear.id
INNER JOIN gear_state ON gear.id = gear_state.id_gear
INNER JOIN state ON gear_state.id_state = state.id
GROUP BY building.id, room.id, gear.id, state.id
ORDER BY state.name = 'NOK' DESC;

#       - Voir le chiffre d'affaire réalisé à une date données
#       - Voir le chiffre d'affaire pour les soirée à thèmes à une date données
#       - Voir le chiffre d'affaire réalisé entre deux dates
SET @dateYear='2015';
SET @dateStart=CONCAT(@dateYear,'-01-01');
SET @dateEnd=CONCAT(@dateYear,'-12-31');

SELECT Q1.Returned_Gear, Q4.Returned_Building, Q5.Returned_Room, (
(IF(Q1.Returned_Gear != NULL,0,Q1.Returned_Gear) + IF(Q4.Returned_Building != NULL,0,Q4.Returned_Building) + IF(Q5.Returned_Room != NULL,0,Q5.Returned_Room))) AS Result 
FROM
(
        SELECT SUM(gear.price + room.entrance_price) AS Returned_Gear
        FROM customer 
        INNER JOIN customer_room ON customer.id = customer_room.id_customer 
        INNER JOIN gear ON customer_room.id_gear = gear.id 
        INNER JOIN room ON customer_room.id_room = room.id 
        WHERE customer_room.buy_at >= @dateStart AND customer_room.buy_at <= @dateEnd
) AS Q1,
(
        SELECT SUM(leasing_building.price) AS Returned_Building
        FROM leasing_building
        WHERE leasing_building.start_at >= @dateStart AND leasing_building.end_at <= @dateEnd
) AS Q4, 
(
        SELECT SUM(leasing_room.price) AS Returned_Room
        FROM leasing_room
        WHERE leasing_room.start_at >= @dateStart AND leasing_room.end_at <= @dateEnd
) AS Q5;

#       - Voir le chiffre d'affaire pour les soirée à thèmes entre deux dates
SET @dateYear='2015';
SET @dateStart=CONCAT(@dateYear,'-01-12');
SET @dateEnd=CONCAT(@dateYear,'-12-31');

SELECT theme_room.name AS Party_Name, CONCAT(address.postal_code, ' ', address.civic_num, ' ', address.street_name, ' ', address.town_name) AS Party_Address, room_theme_room.start_at AS Party_day
FROM theme_room 
INNER JOIN room_theme_room ON theme_room.id = room_theme_room.id_room
INNER JOIN room ON room_theme_room.id_room = room.id
INNER JOIN building ON room.id_building = building.id
INNER JOIN address ON building.id_address = address.id
WHERE room_theme_room.start_at BETWEEN @dateStart AND @dateEnd;

#       - Voir l'état des finances de la discothèque pour une année fiscale (la différence de tout se qu'il y a à payer et les revenu)
SET @dateYear='2015';
SET @dateStart=CONCAT(@dateYear,'-01-01');
SET @dateEnd=CONCAT(@dateYear,'-12-31');

SELECT Q1.Returned_Gear, Q2.Spent_Gear, Q3.Spent_Salary, Q4.Returned_Building, Q5.Returned_Room, (
(IF(Q1.Returned_Gear != 'NULL',0,Q1.Returned_Gear) + IF(Q4.Returned_Building != 'NULL',0,Q4.Returned_Building) + IF(Q5.Returned_Room != 'NULL',0,Q5.Returned_Room)) - (IF(Q2.Spent_Gear != 'NULL',0,Q2.Spent_Gear) + IF(Q3.Spent_Salary != 'NULL',0,Q3.Spent_Salary))) AS Result 
FROM
(
        SELECT SUM(gear.price + room.entrance_price) AS Returned_Gear
        FROM customer 
        INNER JOIN customer_room ON customer.id = customer_room.id_customer 
        INNER JOIN gear ON customer_room.id_gear = gear.id 
        INNER JOIN room ON customer_room.id_room = room.id 
        WHERE customer_room.buy_at >= @dateStart AND customer_room.buy_at <= @dateEnd
) AS Q1, 
(
        SELECT SUM(room_salable_gear.quantity * gear.price) AS Spent_Gear
        FROM room 
        INNER JOIN room_salable_gear ON room.id = room_salable_gear.id_room 
        INNER JOIN gear ON room_salable_gear.id_gear = gear.id
        WHERE room_salable_gear.buy_at >= @dateStart AND room_salable_gear.buy_at <= @dateEnd
) AS Q2, 
(
        SELECT SUM(salary *  (MONTH(IF(@dateEnd > employee.end_at,@dateEnd,employee.end_at)) - MONTH(IF(@dateStart < employee.start_at,employee.start_at,@dateStart)) + 1)) AS Spent_Salary
        FROM employee
) AS Q3, 
(
        SELECT SUM(leasing_building.price) AS Returned_Building
        FROM leasing_building
        WHERE (
                (leasing_building.start_at BETWEEN @dateStart AND @dateEnd) AND
                (
                        (
                                (leasing_building.end_at BETWEEN @dateStart AND @dateEnd) AND 
                                (leasing_building.end_at >= leasing_building.start_at)
                        ) OR 
                        leasing_building.end_at = '0000-00-00'
                )
              )
) AS Q4, 
(
        SELECT SUM(leasing_room.price) AS Returned_Room
        FROM leasing_room
        WHERE (
                (leasing_room.start_at BETWEEN @dateStart AND @dateEnd) AND
                (
                        (
                                (leasing_room.end_at BETWEEN @dateStart AND @dateEnd) AND 
                                (leasing_room.end_at >= leasing_room.start_at)
                        ) OR 
                        leasing_room.end_at = '0000-00-00'
                )
              )
) AS Q5;

#       - Voir la consommation moyenne de l'ensemble des client
SELECT AVG(gear.price) AS 'Consuption Average' 
FROM customer 
INNER JOIN customer_room ON customer.id = customer_room.id_customer 
INNER JOIN gear ON customer_room.id_gear = gear.id
WHERE customer_room.buy_at BETWEEN '2015-04-04' AND '2015-04-04'; 

#       - Voir la consommation moyenne de l'ensemble des client avec l'entré
SELECT AVG(gear.price + room.entrance_price) AS 'Consuption Average With Entries' 
FROM customer 
INNER JOIN customer_room ON customer.id = customer_room.id_customer 
INNER JOIN gear ON customer_room.id_gear = gear.id 
INNER JOIN room ON customer_room.id_room = room.id;
WHERE customer_room.buy_at BETWEEN '2015-04-04' AND '2015-04-04'
GROUP BY customer.id; 


#       - Voir la consommation moyenne d'un client
SET @clientId='10';
SELECT CONCAT(customer.firstname, ' ', customer.lastname) AS Customer, AVG(gear.price) AS 'Consuption Average' FROM customer INNER JOIN customer_room ON customer.id = customer_room.id_customer INNER JOIN gear ON customer_room.id_gear = gear.id WHERE customer.id = @clientId GROUP BY customer.id; 

#       - Voir la consommation moyenne pour les 20 plus gros client
SELECT CONCAT(customer.firstname, ' ', customer.lastname) AS Customer, AVG(gear.price) AS Consuption_Average FROM customer INNER JOIN customer_room ON customer.id = customer_room.id_customer INNER JOIN gear ON customer_room.id_gear = gear.id GROUP BY customer.id ORDER BY Consuption_Average DESC LIMIT 20; 

#       - Voir la consommation moyenne d'un client avec entré
SET @clientId='10';
SELECT CONCAT(customer.firstname, ' ', customer.lastname) AS Customer, AVG(gear.price + room.entrance_price) AS 'Consuption Average' FROM customer INNER JOIN customer_room ON customer.id = customer_room.id_customer INNER JOIN gear ON customer_room.id_gear = gear.id INNER JOIN room ON customer_room.id_room = room.id WHERE customer.id = @clientId GROUP BY customer.id; 

#       - Voir la consommation moyenne pour les 20 plus gros client avec entré
SELECT CONCAT(customer.firstname, ' ', customer.lastname) AS Customer, AVG(gear.price + room.entrance_price) AS Consuption_Average FROM customer INNER JOIN customer_room ON customer.id = customer_room.id_customer INNER JOIN gear ON customer_room.id_gear = gear.id INNER JOIN room ON customer_room.id_room = room.id GROUP BY customer.id ORDER BY Consuption_Average DESC LIMIT 20; 

#       - Voir le nombre de client régulier
SET @regularity='10';
SELECT CONCAT(customer.firstname, ' ', customer.lastname) AS Customer, 
COUNT(customer_room.id_customer) AS Entries 
FROM customer 
INNER JOIN customer_room ON customer.id = customer_room.id_customer 
GROUP BY customer.id 
HAVING Entries >= @regularity 
ORDER BY Entries DESC;

#       - La consommation d'un client avec l'entrée
SELECT SUM(gear.price + room.entrance_price) AS 'Consuption SUM With Entries' 
FROM customer 
INNER JOIN customer_room ON customer.id = customer_room.id_customer 
INNER JOIN gear ON customer_room.id_gear = gear.id 
INNER JOIN room ON customer_room.id_room = room.id
WHERE customer.id = 1; 

SELECT SUM(gear.price) AS 'Consuption SUM' 
FROM customer 
INNER JOIN customer_room ON customer.id = customer_room.id_customer 
INNER JOIN gear ON customer_room.id_gear = gear.id 
WHERE customer.id = 1; 

SELECT SUM(room.entrance_price) AS 'Entries SUM' 
FROM customer 
INNER JOIN customer_room ON customer.id = customer_room.id_customer 
INNER JOIN room ON customer_room.id_room = room.id
WHERE customer.id = 1; 

SELECT CONCAT(customer.firstname, ' ', customer.lastname) AS Customer, CONCAT(gear.name,' for ',gear.price) AS Gear
FROM customer 
INNER JOIN customer_room ON customer.id = customer_room.id_customer 
INNER JOIN gear ON customer_room.id_gear = gear.id 
INNER JOIN room ON customer_room.id_room = room.id
WHERE customer.id = 1;



#       - Afficher le nombre de personne étant venu à une soirée en particulier puis le nombre de personne mineur, entre 18-25, entre 26-35, plus vieux que 36 ans
#UNION
SET @dateYear='2015';
SET @dateStart=CONCAT(@dateYear,'-04-04');
SET @dateEnd=CONCAT(@dateYear,'-04-04');
SELECT @dateStart AS Start
, @dateEnd AS End
, COUNT(*) AS Total_People
, "" AS People_Mineur
, "" AS People_1825
, "" AS People_2635
, "" AS People_36More
FROM customer
INNER JOIN customer_room ON customer.id = customer_room.id_customer
INNER JOIN room ON customer_room.id_room = room.id
WHERE (customer_room.buy_at BETWEEN @dateStart AND @dateEnd)
UNION
SELECT "" AS Start
, "" AS End
, "" AS Total_People
, COUNT(*) AS People_Mineur
, "" AS People_1825
, "" AS People_2635
, "" AS People_36More
FROM customer
INNER JOIN customer_room ON customer.id = customer_room.id_customer
INNER JOIN room ON customer_room.id_room = room.id
WHERE (customer_room.buy_at BETWEEN @dateStart AND @dateEnd) AND ((YEAR(@dateEnd) - YEAR(customer.date_of_birth)) < 18)
UNION
SELECT @dateStart AS Start
, @dateEnd AS End
, NULL AS Total_People
, NULL AS People_Mineur
, COUNT(*) AS People_1825
, NULL AS People_2635
, NULL AS People_36More
FROM customer
INNER JOIN customer_room ON customer.id = customer_room.id_customer
INNER JOIN room ON customer_room.id_room = room.id
WHERE (customer_room.buy_at BETWEEN @dateStart AND @dateEnd) AND ((YEAR(@dateEnd) - YEAR(customer.date_of_birth)) BETWEEN 18 AND 25)
UNION
SELECT @dateStart AS Start
, @dateEnd AS End
, NULL AS Total_People
, NULL AS People_Mineur
, NULL AS People_1825
, COUNT(*) AS People_2635
, NULL AS People_36More
FROM customer
INNER JOIN customer_room ON customer.id = customer_room.id_customer
INNER JOIN room ON customer_room.id_room = room.id
WHERE (customer_room.buy_at BETWEEN @dateStart AND @dateEnd) AND ((YEAR(@dateEnd) - YEAR(customer.date_of_birth)) BETWEEN 26 AND 35)
UNION
SELECT @dateStart AS Start
, @dateEnd AS End
, NULL AS Total_People
, NULL AS People_Mineur
, NULL AS People_1825
, NULL AS People_2635
, COUNT(*) AS People_36More
FROM customer
INNER JOIN customer_room ON customer.id = customer_room.id_customer
INNER JOIN room ON customer_room.id_room = room.id
WHERE (customer_room.buy_at BETWEEN @dateStart AND @dateEnd) AND ((YEAR(@dateEnd) - YEAR(customer.date_of_birth)) > 35)
;

#Sub request

SET @dateYear='2015';
SET @dateStart=CONCAT(@dateYear,'-04-04');
SET @dateEnd=CONCAT(@dateYear,'-04-04');

SELECT @dateStart AS Start
, @dateEnd AS End
, Q1.Total_People
, Q2.People_Mineur
, Q3.People_1825
, Q4.People_2635
, Q5.People_36More
FROM
(
SELECT COUNT(*) AS Total_People
FROM customer
INNER JOIN customer_room ON customer.id = customer_room.id_customer
INNER JOIN room ON customer_room.id_room = room.id
WHERE (customer_room.buy_at BETWEEN @dateStart AND @dateEnd)
) AS Q1,
(
SELECT COUNT(*) AS People_Mineur
FROM customer
INNER JOIN customer_room ON customer.id = customer_room.id_customer
INNER JOIN room ON customer_room.id_room = room.id
WHERE (customer_room.buy_at BETWEEN @dateStart AND @dateEnd) AND ((YEAR(@dateEnd) - YEAR(customer.date_of_birth)) < 18)
) AS Q2,
(
SELECT COUNT(*) AS People_1825
FROM customer
INNER JOIN customer_room ON customer.id = customer_room.id_customer
INNER JOIN room ON customer_room.id_room = room.id
WHERE (customer_room.buy_at BETWEEN @dateStart AND @dateEnd) AND ((YEAR(@dateEnd) - YEAR(customer.date_of_birth)) BETWEEN 18 AND 25)
) AS Q3,
(
SELECT COUNT(*) AS People_2635
FROM customer
INNER JOIN customer_room ON customer.id = customer_room.id_customer
INNER JOIN room ON customer_room.id_room = room.id
WHERE (customer_room.buy_at BETWEEN @dateStart AND @dateEnd) AND ((YEAR(@dateEnd) - YEAR(customer.date_of_birth)) BETWEEN 26 AND 35)
) AS Q4,
(
SELECT COUNT(*) AS People_36More
FROM customer
INNER JOIN customer_room ON customer.id = customer_room.id_customer
INNER JOIN room ON customer_room.id_room = room.id
WHERE (customer_room.buy_at BETWEEN @dateStart AND @dateEnd) AND ((YEAR(@dateEnd) - YEAR(customer.date_of_birth)) > 35)
) AS Q5;


#       - Afficher la consommation des personnes de plus de 25 ans qui consomme moins que la moyenne des consommations sur une période de temp dans une année
SET @dateYear='2015';
SET @dateStart=CONCAT(@dateYear,'-04-04');
SET @dateEnd=CONCAT(@dateYear,'-04-04');

SELECT CONCAT(customer.firstname, ' ', customer.lastname) AS Customer
, Average.Consuption_Average
, SUM(gear.price + room.entrance_price) AS Consuption
FROM 
(
        SELECT AVG(gear.price + room.entrance_price) AS Consuption_Average
        FROM customer 
        INNER JOIN customer_room ON customer.id = customer_room.id_customer 
        INNER JOIN gear ON customer_room.id_gear = gear.id 
        INNER JOIN room ON customer_room.id_room = room.id
        WHERE (customer_room.buy_at BETWEEN @dateStart AND @dateEnd) 
        AND ((YEAR(@dateEnd) - YEAR(customer.date_of_birth)) >= 25)
) AS Average,
customer
INNER JOIN customer_room ON customer.id = customer_room.id_customer 
INNER JOIN gear ON customer_room.id_gear = gear.id 
INNER JOIN room ON customer_room.id_room = room.id
WHERE (customer_room.buy_at BETWEEN @dateStart AND @dateEnd) 
AND ((YEAR(@dateEnd) - YEAR(customer.date_of_birth)) >= 25)
GROUP BY customer.id
HAVING Consuption <= Average.Consuption_Average





LIMIT 1

UNION

SELECT CONCAT(customer.firstname, ' ', customer.lastname) AS Customer
, ''
, SUM(gear.price + room.entrance_price) AS Consuption
FROM customer
INNER JOIN customer_room ON customer.id = customer_room.id_customer 
INNER JOIN gear ON customer_room.id_gear = gear.id 
INNER JOIN room ON customer_room.id_room = room.id
WHERE (customer_room.buy_at BETWEEN @dateStart AND @dateEnd) 
AND ((YEAR(@dateEnd) - YEAR(customer.date_of_birth)) >= 25)
GROUP BY customer.id
HAVING Consuption <= (
        SELECT AVG(gear.price + room.entrance_price) AS Consuption_Average
        FROM customer 
        INNER JOIN customer_room ON customer.id = customer_room.id_customer 
        INNER JOIN gear ON customer_room.id_gear = gear.id 
        INNER JOIN room ON customer_room.id_room = room.id
        WHERE (customer_room.buy_at BETWEEN @dateStart AND @dateEnd) 
        AND ((YEAR(@dateEnd) - YEAR(customer.date_of_birth)) >= 25)
)
LIMIT 0,100
;
