DROP DATABASE IF EXISTS jockeyponey;
CREATE DATABASE jockeyponey;
USE jockeyponey;


-- CREATE TABLES --

CREATE TABLE `jockeyponeycourse` (
  `id` bigint(20) unsigned NOT NULL auto_increment,
  `date_arrive` datetime default NULL,
  `id_jockey` bigint(20) default NULL,
  `id_poney` bigint(20) default NULL,
  `id_course` bigint(20) default NULL,
  PRIMARY KEY (`id`),
  FOREIGN KEY (`id_jockey`) REFERENCES `jockey`(`id`),
  FOREIGN KEY (`id_poney`) REFERENCES `poney`(`id`),
  FOREIGN KEY (`id_course`) REFERENCES `course`(`id`)
) AUTO_INCREMENT=1;

CREATE TABLE `jockey` (
  `id` bigint(20) unsigned NOT NULL auto_increment,
  `prenom` varchar(50) default NULL,
  `nom` varchar(50) default NULL,
  PRIMARY KEY (`id`)
) AUTO_INCREMENT=1;

CREATE TABLE `poney` (
  `id` bigint(20) unsigned NOT NULL auto_increment,
  `nom` varchar(50) default NULL,
  PRIMARY KEY (`id`)
) AUTO_INCREMENT=1;

CREATE TABLE `course` (
  `id` bigint(20) unsigned NOT NULL auto_increment,
  `start_course` datetime default NULL,
  PRIMARY KEY (`id`)
) AUTO_INCREMENT=1;


-- CREATE INTO --

INSERT INTO jockey VALUES (1,"Tiger","Duffy"),(2,"Hayfa","Pace"),(3,"Cole","Christensen"),(4,"Zachary","Sargent"),(5,"Samantha","Singleton"),(6,"Buckminster","Chavez"),(7,"Ivan","Hancock"),(8,"Dexter","Stone"),(9,"Eleanor","Weeks");
INSERT INTO jockey VALUES (10,"Maggie","Cameron"),(11,"Faith","Hays"),(12,"Knox","Spencer"),(13,"Kevin","Ferguson"),(14,"Freya","Graham"),(15,"Ginger","Mooney"),(16,"Yolanda","Johnston"),(17,"Brody","Lawson"),(18,"Herrod","Conrad"),(19,"Vivien","Delaney");
INSERT INTO jockey VALUES (20,"Lael","Huber"),(21,"Edward","Shepard"),(22,"Kaseem","Livingston"),(23,"Quinlan","Morrison"),(24,"Gail","Rivera"),(25,"Cassady","Odom"),(26,"Shannon","Bender"),(27,"Barclay","Cortez"),(28,"Maite","Hines"),(29,"Aidan","Dotson");
INSERT INTO jockey VALUES (30,"Hermione","Leon"),(31,"Ruth","Martinez"),(32,"Marny","Knowles"),(33,"Gail","Mcfadden"),(34,"Dante","Bolton"),(35,"Kelly","Walls"),(36,"Maisie","Goodman"),(37,"Imani","Bowen"),(38,"Isabella","Randolph"),(39,"Xantha","Mcneil");
INSERT INTO jockey VALUES (40,"Valentine","Parsons"),(41,"Taylor","Landry"),(42,"Isabelle","Powers"),(43,"Nero","Golden"),(44,"Reuben","Barker"),(45,"Adrian","Gibbs"),(46,"Diana","Winters"),(47,"Hop","Edwards"),(48,"Isadora","Bryant"),(49,"Oliver","Valenzuela");
INSERT INTO jockey VALUES (50,"Hammett","Wallace"),(51,"Vladimir","Stanton"),(52,"Simon","Hartman"),(53,"Charlotte","Blevins"),(54,"Mason","Bentley"),(55,"Stephen","Copeland"),(56,"Willa","Barrett"),(57,"Alea","Lee"),(58,"Vladimir","Salinas"),(59,"Josiah","Hurley");
INSERT INTO jockey VALUES (60,"Indira","King"),(61,"Alma","Tate"),(62,"Christopher","Wise"),(63,"Joel","Martin"),(64,"Octavius","Bryan"),(65,"Brandon","Holden"),(66,"Hillary","Freeman"),(67,"Maxwell","Lott"),(68,"Xavier","Garrison"),(69,"Brady","Lawson");
INSERT INTO jockey VALUES (70,"Trevor","Garrison"),(71,"Mercedes","Maxwell"),(72,"Hillary","Harrell"),(73,"Odette","Garner"),(74,"Aretha","Houston"),(75,"Samuel","Ratliff"),(76,"Oren","Patterson"),(77,"Madison","Whitaker"),(78,"Brooke","Carr"),(79,"Daria","Finley");
INSERT INTO jockey VALUES (80,"Megan","Livingston"),(81,"Acton","Lambert"),(82,"September","Dennis"),(83,"Len","Malone"),(84,"Ralph","Mccormick"),(85,"Jordan","Beard"),(86,"Dylan","Hamilton"),(87,"Nora","Branch"),(88,"Mikayla","Roth"),(89,"Christian","Leblanc");
INSERT INTO jockey VALUES (90,"Noble","Valencia"),(91,"Alyssa","Marks"),(92,"Madison","Mcintyre"),(93,"Alexander","Suarez"),(94,"Ginger","Oneal"),(95,"Cody","Vargas"),(96,"Ulric","Sampson"),(97,"Alyssa","Peck"),(98,"Merritt","Hammond"),(99,"Linus","Mercer"),(0,"Yeo","Mendoza");
INSERT INTO jockey (id,nom,prenom) VALUES (101,"Halla","Dillard"),(102,"Raja","Jimenez"),(103,"Jamalia","Sandoval"),(104,"Zachery","Valencia"),(105,"Kaitlin","Cabrera"),(106,"Kelsie","Camacho"),(107,"Sade","Rush"),(108,"Salvador","Jarvis"),(109,"Alea","Norton"),(110,"Ulla","Daugherty");
INSERT INTO jockey (id,nom,prenom) VALUES (111,"Jennifer","Mccarthy"),(112,"Xena","Cunningham"),(113,"Rogan","Knox"),(114,"Merritt","Battle"),(115,"Chastity","Clark"),(116,"Colette","Rich"),(117,"Irma","Navarro"),(118,"Sean","Atkinson"),(119,"Dorothy","Elliott"),(120,"Hu","Koch");
INSERT INTO jockey (id,nom,prenom) VALUES (121,"Cyrus","Everett"),(122,"Cameran","Church"),(123,"Dalton","Dillard"),(124,"Gail","Blevins"),(125,"Cody","Madden"),(126,"Craig","Mcdowell"),(127,"Neve","Gomez"),(128,"Alma","Franklin"),(129,"Amir","Henderson"),(130,"Marsden","Goodwin");
INSERT INTO jockey (id,nom,prenom) VALUES (131,"Walker","Guerra"),(132,"Hector","Solomon"),(133,"Jacob","Meyers"),(134,"Chloe","Montgomery"),(135,"Ainsley","Koch"),(136,"Lavinia","Kline"),(137,"Yuli","Welch"),(138,"Genevieve","Frost"),(139,"Kenneth","Mckay"),(140,"Katell","Harmon");
INSERT INTO jockey (id,nom,prenom) VALUES (141,"Ruby","Nixon"),(142,"Briar","Noel"),(143,"Octavia","Barber"),(144,"Ariana","Chen"),(145,"Inez","Manning"),(146,"Alan","Harmon"),(147,"Rina","Wong"),(148,"Kane","Hensley"),(149,"Odysseus","Conley"),(150,"Malik","Chase");
INSERT INTO jockey (id,nom,prenom) VALUES (151,"Joan","Stone"),(152,"Michael","Miller"),(153,"Jacqueline","Maynard"),(154,"Charity","Lester"),(155,"Timothy","Tyson"),(156,"Cooper","Gomez"),(157,"Rhea","Acevedo"),(158,"Todd","Glover"),(159,"Abigail","Spencer"),(160,"Jeremy","Carlson");
INSERT INTO jockey (id,nom,prenom) VALUES (161,"Lara","Finch"),(162,"Audrey","Conway"),(163,"Ulla","Mcleod"),(164,"Ila","Dixon"),(165,"Zahir","Joyner"),(166,"Fulton","Cain"),(167,"Malachi","Reese"),(168,"Allegra","Gilliam"),(169,"Winter","Jennings"),(170,"Illiana","Humphrey");
INSERT INTO jockey (id,nom,prenom) VALUES (171,"Brennan","Patton"),(172,"Kerry","Benson"),(173,"Riley","Holden"),(174,"Kameko","Sawyer"),(175,"Ramona","Berry"),(176,"Grady","Shelton"),(177,"Frances","Lambert"),(178,"Cooper","Barker"),(179,"Clare","Pena"),(180,"Heidi","Wolfe");
INSERT INTO jockey (id,nom,prenom) VALUES (181,"Mohammad","Mcbride"),(182,"Azalia","Lara"),(183,"Reed","Lancaster"),(184,"Kitra","Morse"),(185,"Kerry","Watson"),(186,"Uriel","Tucker"),(187,"Plato","Berger"),(188,"September","Scott"),(189,"Kibo","Burns"),(190,"Nita","Farmer");
INSERT INTO jockey (id,nom,prenom) VALUES (191,"Dillon","Frazier"),(192,"Liberty","Davidson"),(193,"Bethany","Williamson"),(194,"Scott","Leach"),(195,"Gareth","Kline"),(196,"Whilemina","Alvarez"),(197,"Eden","Farrell"),(198,"Cody","Gallagher"),(199,"Lacy","Horn"),(200,"Tatyana","Curtis");
INSERT INTO jockey (id,nom,prenom) VALUES (201,"Ramsey","Hunter"),(202,"Alvarado","Julie"),(203,"Hawkins","Tashya"),(204,"Peterson","Joan"),(205,"Best","Barrett"),(206,"Whitley","Leroy"),(207,"Bray","Aurelia"),(208,"Baxter","Kareem"),(209,"Good","Isabelle"),(210,"Cummings","Wylie");
INSERT INTO jockey (id,nom,prenom) VALUES (211,"Bryan","Christopher"),(212,"Russell","Tanner"),(213,"Boone","Xandra"),(214,"Mcdowell","Isadora"),(215,"Caldwell","Hop"),(216,"Fletcher","Quamar"),(217,"French","Erin"),(218,"Stevens","Aurora"),(219,"Kirk","Eden"),(220,"Gill","Denton");
INSERT INTO jockey (id,nom,prenom) VALUES (221,"Collier","Ingrid"),(222,"Moses","Noel"),(223,"Hamilton","Erica"),(224,"Barton","Iona"),(225,"Clark","Tiger"),(226,"Mcmahon","Cassidy"),(227,"Hogan","Nicholas"),(228,"Robbins","Riley"),(229,"Jarvis","Adria"),(230,"Castillo","Henry");
INSERT INTO jockey (id,nom,prenom) VALUES (231,"Hopper","Jana"),(232,"Jarvis","Nehru"),(233,"Heath","Gabriel"),(234,"Cortez","Lucas"),(235,"Dickerson","Sawyer"),(236,"Hendrix","Eden"),(237,"Duran","Rooney"),(238,"Ferrell","Isaac"),(239,"Wooten","Erin"),(240,"Klein","Justine");
INSERT INTO jockey (id,nom,prenom) VALUES (241,"Edwards","Aubrey"),(242,"Ramos","Devin"),(243,"Leon","Brennan"),(244,"Mathis","Phillip"),(245,"Sears","Lionel"),(246,"Rush","Rafael"),(247,"Mendez","Noah"),(248,"Mann","Claudia"),(249,"Whitaker","Wade"),(250,"Olson","Jonah");
INSERT INTO jockey (id,nom,prenom) VALUES (251,"Mcmahon","Wyoming"),(252,"Sykes","Wylie"),(253,"Dillard","Brooke"),(254,"Moss","Pascale"),(255,"Duncan","Kelly"),(256,"Jacobson","Hayfa"),(257,"Farmer","Rashad"),(258,"Goodwin","Melanie"),(259,"Delaney","Kitra"),(260,"Frederick","Leigh");
INSERT INTO jockey (id,nom,prenom) VALUES (261,"Coleman","Kiara"),(262,"Haynes","Kaden"),(263,"Butler","Miriam"),(264,"Chavez","Evelyn"),(265,"Blevins","Chastity"),(266,"Marquez","Aretha"),(267,"Jimenez","August"),(268,"Brooks","Cassady"),(269,"Nielsen","Xena"),(270,"Hodges","Ivy");
INSERT INTO jockey (id,nom,prenom) VALUES (271,"Castaneda","Steel"),(272,"Atkinson","Alfreda"),(273,"French","Hu"),(274,"Castro","Ariana"),(275,"Barlow","Colleen"),(276,"Flores","Lacota"),(277,"Armstrong","Arden"),(278,"Mcneil","Dennis"),(279,"Hull","Leroy"),(280,"Weber","Cherokee");
INSERT INTO jockey (id,nom,prenom) VALUES (281,"Prince","Calvin"),(282,"Olson","Dorian"),(283,"Sanchez","Nadine"),(284,"Dennis","Xavier"),(285,"Bray","Marsden"),(286,"Mclaughlin","Blake"),(287,"Carey","Garrett"),(288,"Salinas","Jane"),(289,"Jennings","Addison"),(290,"Watkins","Wyoming");
INSERT INTO jockey (id,nom,prenom) VALUES (291,"Reeves","Michael"),(292,"Erickson","Erasmus"),(293,"Haney","Allistair"),(294,"Buckner","Liberty"),(295,"Mosley","Lunea"),(296,"Calderon","Iola"),(297,"Gay","Sydnee"),(298,"Copeland","Garth"),(299,"Rosa","Burton"),(300,"Henry","Nita");
INSERT INTO jockey (id,prenom,nom) VALUES (301,"Maile","Shields"),(302,"Brock","Sheppard"),(303,"Lance","Smith"),(304,"Camille","Hatfield"),(305,"Ivory","Small"),(306,"Harlan","Odom"),(307,"Kiona","Flores"),(308,"Linus","York"),(309,"Judith","Carver"),(310,"Nehru","Baxter");
INSERT INTO jockey (id,prenom,nom) VALUES (311,"Jack","Mosley"),(312,"Basia","Barker"),(313,"Prescott","Foreman"),(314,"Sheila","Cash"),(315,"Kelly","Lowe"),(316,"Damian","Chambers"),(317,"Iliana","Franks"),(318,"Beatrice","Howard"),(319,"Amethyst","Larsen"),(320,"Gabriel","Morin");
INSERT INTO jockey (id,prenom,nom) VALUES (321,"Ashton","Jimenez"),(322,"Nolan","Mayo"),(323,"Griffin","Richardson"),(324,"Shafira","Gillespie"),(325,"Hakeem","Nicholson"),(326,"David","Barker"),(327,"Mechelle","Moreno"),(328,"Ruth","Mercer"),(329,"Palmer","Williamson"),(330,"Kendall","Johns");
INSERT INTO jockey (id,prenom,nom) VALUES (331,"Sylvester","Velasquez"),(332,"Quinn","Wright"),(333,"Avye","Hammond"),(334,"Zephania","Buck"),(335,"Wylie","Perry"),(336,"Reuben","Lott"),(337,"Yoshi","Francis"),(338,"Julie","Osborn"),(339,"Kim","Farmer"),(340,"Marsden","Foster");
INSERT INTO jockey (id,prenom,nom) VALUES (341,"Xander","Henson"),(342,"Blythe","Coffey"),(343,"Eleanor","Livingston"),(344,"Mufutau","Davenport"),(345,"Lacota","Jackson"),(346,"Amery","Lang"),(347,"Kane","Cleveland"),(348,"Noelani","Pitts"),(349,"Sydney","Willis"),(350,"Ishmael","Chandler");
INSERT INTO jockey (id,prenom,nom) VALUES (351,"Rylee","Koch"),(352,"Aidan","Leach"),(353,"Simon","Horton"),(354,"Graiden","Porter"),(355,"Gareth","Solomon"),(356,"Cecilia","West"),(357,"Charles","Morrow"),(358,"Whoopi","Townsend"),(359,"Colby","Skinner"),(360,"Callie","Lowe");
INSERT INTO jockey (id,prenom,nom) VALUES (361,"Virginia","Reed"),(362,"Lunea","Rutledge"),(363,"Ciara","Schultz"),(364,"Brett","Hoffman"),(365,"Wallace","Rodriguez"),(366,"Dane","Bolton"),(367,"Azalia","Padilla"),(368,"Jasper","Bryant"),(369,"Kuame","Larson"),(370,"Elijah","Peters");
INSERT INTO jockey (id,prenom,nom) VALUES (371,"Oren","Phelps"),(372,"Julie","Bryant"),(373,"Caldwell","Terrell"),(374,"Damian","Jenkins"),(375,"Eve","Sawyer"),(376,"Rebecca","Dixon"),(377,"Ralph","Lindsey"),(378,"Boris","Hahn"),(379,"Raphael","Spence"),(380,"Debra","Powers");
INSERT INTO jockey (id,prenom,nom) VALUES (381,"Daryl","Horn"),(382,"Shaeleigh","Franks"),(383,"Xavier","Hahn"),(384,"Dexter","Stone"),(385,"Dane","Wyatt"),(386,"Nathan","Guzman"),(387,"Knox","Cervantes"),(388,"Raya","Donovan"),(389,"Tiger","Greene"),(390,"Kato","Cleveland");
INSERT INTO jockey (id,prenom,nom) VALUES (391,"Buffy","Cooke"),(392,"Hyacinth","Bond"),(393,"Lacota","Riggs"),(394,"Debra","Willis"),(395,"Sonia","Albert"),(396,"Brian","Hewitt"),(397,"Lucius","Wilkins"),(398,"Merritt","Foreman"),(399,"Felicia","Steele"),(400,"Whilemina","Macdonald");


INSERT INTO poney (id,nom) VALUES (1,"Colin"),(2,"Davis"),(3,"Driscoll"),(4,"Uriah"),(5,"Ralph"),(6,"Clark"),(7,"Luke"),(8,"Kennan"),(9,"Stewart"),(10,"Alan");
INSERT INTO poney (id,nom) VALUES (11,"Noble"),(12,"Acton"),(13,"Peter"),(14,"Abraham"),(15,"Hedley"),(16,"Richard"),(17,"Emerson"),(18,"Dorian"),(19,"Philip"),(20,"Clayton");
INSERT INTO poney (id,nom) VALUES (21,"Stewart"),(22,"Laith"),(23,"Kelly"),(24,"Talon"),(25,"Thor"),(26,"Moses"),(27,"Emery"),(28,"Paul"),(29,"Yardley"),(30,"Phelan");
INSERT INTO poney (id,nom) VALUES (31,"Sylvester"),(32,"Abel"),(33,"Barclay"),(34,"Tobias"),(35,"Dorian"),(36,"Wallace"),(37,"Jeremy"),(38,"Ira"),(39,"Talon"),(40,"Kane");
INSERT INTO poney (id,nom) VALUES (41,"Hoyt"),(42,"Peter"),(43,"Armando"),(44,"Porter"),(45,"Edward"),(46,"Driscoll"),(47,"Carl"),(48,"Abraham"),(49,"Jerome"),(50,"Declan");
INSERT INTO poney (id,nom) VALUES (51,"Preston"),(52,"Chester"),(53,"Brent"),(54,"Ezekiel"),(55,"Timothy"),(56,"Orson"),(57,"Griffin"),(58,"Paul"),(59,"Wade"),(60,"Adrian");
INSERT INTO poney (id,nom) VALUES (61,"Derek"),(62,"Victor"),(63,"Rudyard"),(64,"Gray"),(65,"Bernard"),(66,"Lucian"),(67,"Thaddeus"),(68,"Len"),(69,"Caldwell"),(70,"Dolan");
INSERT INTO poney (id,nom) VALUES (71,"Abel"),(72,"Holmes"),(73,"Jerome"),(74,"Emery"),(75,"Cairo"),(76,"Raja"),(77,"Preston"),(78,"Lane"),(79,"Charles"),(80,"Aristotle");
INSERT INTO poney (id,nom) VALUES (81,"Prescott"),(82,"Grant"),(83,"Levi"),(84,"Philip"),(85,"Kato"),(86,"Hop"),(87,"Brody"),(88,"Bruno"),(89,"Rajah"),(90,"Dexter");
INSERT INTO poney (id,nom) VALUES (91,"Tanner"),(92,"Clarke"),(93,"Slade"),(94,"Ryder"),(95,"Duncan"),(96,"Clayton"),(97,"Drake"),(98,"Kuame"),(99,"Garrison"),(100,"Thomas");

INSERT INTO poney (id,nom) VALUES (101,"Tamekah"),
(102,"Jessica"),
(103,"Buckminster"),
(104,"Francis"),
(105,"Murphy"),
(106,"Joshua"),
(107,"Tatiana"),
(108,"Tarik"),
(109,"Lacy"),
(110,"Bell");
INSERT INTO poney (id,nom) VALUES (111,"Ryder"),
(112,"Tiger"),
(113,"Tad"),
(114,"Dante"),
(115,"Mallory"),
(116,"Charles"),
(117,"Teegan"),
(118,"Yuli"),
(119,"Adrienne"),
(120,"Taylor");
INSERT INTO poney (id,nom) VALUES (121,"Nathaniel"),
(122,"Maxwell"),
(123,"Sage"),
(124,"Rajah"),
(125,"Hayes"),
(126,"Kerry"),
(127,"Galena"),
(128,"Xenos"),
(129,"Brian"),
(130,"Aphrodite");
INSERT INTO poney (id,nom) VALUES (131,"Drake"),
(132,"Adrienne"),
(133,"Danielle"),
(134,"Flynn"),
(135,"Merrill"),
(136,"Trevor"),
(137,"Gabriel"),
(138,"Noelani"),
(139,"Justina"),
(140,"Lars");
INSERT INTO poney (id,nom) VALUES (141,"Genevieve"),
(142,"Macey"),
(143,"Guy"),
(144,"Orla"),
(145,"Adrienne"),
(146,"Evan"),
(147,"Walter"),
(148,"Sigourney"),
(149,"Elton"),
(150,"Moana");
INSERT INTO poney (id,nom) VALUES (151,"Clayton"),
(152,"Idola"),
(153,"Alden"),
(154,"Chandler"),
(155,"Claudia"),
(156,"Clayton"),
(157,"Maryam"),
(158,"Sawyer"),
(159,"Alea"),
(160,"Denton");
INSERT INTO poney (id,nom) VALUES (161,"Zena"),
(162,"Larissa"),
(163,"Vernon"),
(164,"Channing"),
(165,"Aileen"),
(166,"Portia"),
(167,"Belle"),
(168,"Tanner"),
(169,"Kelly"),
(170,"Ashton");
INSERT INTO poney (id,nom) VALUES (171,"Mollie"),
(172,"Lucas"),
(173,"Paki"),
(174,"Nola"),
(175,"Elton"),
(176,"Priscilla"),
(177,"Lucius"),
(178,"Ivor"),
(179,"Hakeem"),
(180,"Mechelle");
INSERT INTO poney (id,nom) VALUES (181,"Garth"),
(182,"Branden"),
(183,"Rose"),
(184,"Lucius"),
(185,"Camille"),
(186,"Rooney"),
(187,"Vincent"),
(188,"Kato"),
(189,"Camille"),
(190,"Eleanor");
INSERT INTO poney (id,nom) VALUES (191,"Vaughan"),
(192,"Valentine"),
(193,"Leigh"),
(194,"Jamal"),
(195,"Edan"),
(196,"Sade"),
(197,"Nicholas"),
(198,"Walker"),
(199,"Baker"),
(200,"Tamekah");

INSERT INTO poney (id,nom) VALUES (201,"Hakeem"),(202,"Blaine"),(203,"Dora"),(204,"James"),(205,"Tana"),(206,"Orlando"),(207,"Jeremy"),(208,"Zelda"),(209,"Debra"),(210,"Virginia");
INSERT INTO poney (id,nom) VALUES (211,"Josiah"),(212,"Brennan"),(213,"Blake"),(214,"Camden"),(215,"Madeson"),(216,"Madeline"),(217,"Constance"),(218,"Cleo"),(219,"Katell"),(220,"Brenden");
INSERT INTO poney (id,nom) VALUES (221,"Isabella"),(222,"Taylor"),(223,"Selma"),(224,"Robert"),(225,"Buckminster"),(226,"Ursula"),(227,"Sawyer"),(228,"Connor"),(229,"Delilah"),(230,"Karina");
INSERT INTO poney (id,nom) VALUES (231,"Branden"),(232,"Vernon"),(233,"Cynthia"),(234,"Willow"),(235,"Ignacia"),(236,"Leo"),(237,"Jaime"),(238,"Cade"),(239,"Deborah"),(240,"Raphael");
INSERT INTO poney (id,nom) VALUES (241,"Yael"),(242,"Addison"),(243,"Wynter"),(244,"Jason"),(245,"Walter"),(246,"Hanae"),(247,"Signe"),(248,"Ulysses"),(249,"Octavius"),(250,"Jolene");
INSERT INTO poney (id,nom) VALUES (251,"Burton"),(252,"Lareina"),(253,"Sade"),(254,"Isabella"),(255,"Danielle"),(256,"Yardley"),(257,"Bree"),(258,"Courtney"),(259,"Nehru"),(260,"Lucy");
INSERT INTO poney (id,nom) VALUES (261,"Serina"),(262,"Omar"),(263,"Basil"),(264,"Yael"),(265,"Clayton"),(266,"Clarke"),(267,"Tanek"),(268,"Wayne"),(269,"Iola"),(270,"Solomon");
INSERT INTO poney (id,nom) VALUES (271,"Winifred"),(272,"Darryl"),(273,"Nita"),(274,"Connor"),(275,"Ella"),(276,"Richard"),(277,"Rachel"),(278,"Kennan"),(279,"Jada"),(280,"Ethan");
INSERT INTO poney (id,nom) VALUES (281,"Deanna"),(282,"Anjolie"),(283,"Tate"),(284,"Bradley"),(285,"Francesca"),(286,"Kaseem"),(287,"Uta"),(288,"Tanya"),(289,"Evangeline"),(290,"Vanna");
INSERT INTO poney (id,nom) VALUES (291,"Zelda"),(292,"Maia"),(293,"Lara"),(294,"Conan"),(295,"Hilary"),(296,"Ivor"),(297,"Preston"),(298,"Miranda"),(299,"Christopher"),(300,"Walker");

INSERT INTO poney (nom,id) VALUES ("Galloway",301),("Riddle",302),("Richard",303),("Reilly",304),("Long",305),("Mayer",306),("Roy",307),("Rodriguez",308),("Stephens",309),("Beard",310);
INSERT INTO poney (nom,id) VALUES ("Wise",311),("Ray",312),("Hobbs",313),("Cleveland",314),("Everett",315),("Stark",316),("Benson",317),("Aguirre",318),("Perkins",319),("Olson",320);
INSERT INTO poney (nom,id) VALUES ("Rojas",321),("Wallace",322),("Cook",323),("Moore",324),("Chen",325),("Garcia",326),("Sharpe",327),("Case",328),("Spence",329),("Wade",330);
INSERT INTO poney (nom,id) VALUES ("Hughes",331),("Turner",332),("Woodard",333),("Valencia",334),("Hodge",335),("Mejia",336),("Little",337),("Holmes",338),("Avery",339),("Crosby",340);
INSERT INTO poney (nom,id) VALUES ("Wagner",341),("Casey",342),("Newton",343),("Jensen",344),("Carlson",345),("Pruitt",346),("Mclaughlin",347),("Cash",348),("Baird",349),("Leblanc",350);
INSERT INTO poney (nom,id) VALUES ("Garza",351),("Wiggins",352),("Page",353),("Johnson",354),("Fleming",355),("Frost",356),("David",357),("Baker",358),("Nunez",359),("Wilkerson",360);
INSERT INTO poney (nom,id) VALUES ("Pratt",361),("Skinner",362),("Jimenez",363),("Allison",364),("Hudson",365),("Carr",366),("Olsen",367),("Mills",368),("Dejesus",369),("Gomez",370);
INSERT INTO poney (nom,id) VALUES ("Brewer",371),("Waters",372),("Martinez",373),("Booker",374),("Zamora",375),("Barton",376),("Hammond",377),("Beck",378),("Griffith",379),("Levy",380);
INSERT INTO poney (nom,id) VALUES ("Knapp",381),("Huber",382),("Moss",383),("Eaton",384),("Wiley",385),("Higgins",386),("Brennan",387),("Anderson",388),("Cobb",389),("Rosa",390);
INSERT INTO poney (nom,id) VALUES ("Estes",391),("Caldwell",392),("Gilmore",393),("Webster",394),("Slater",395),("Mays",396),("Hess",397),("Frost",398),("Ellison",399),("Mejia",400);


INSERT INTO course (id,start_course) VALUES (1,"2019-02-24 19:37:39"),(2,"2019-10-05 20:45:58"),(3,"2019-12-16 18:59:39"),(4,"2019-01-18 16:49:21"),(5,"2018-09-24 12:35:58"),(6,"2019-02-25 18:05:04"),(7,"2018-10-21 16:37:26"),(8,"2018-12-16 02:17:44"),(9,"2019-03-23 06:42:31"),(10,"2019-01-03 02:37:52");
INSERT INTO course (id,start_course) VALUES (11,"2018-12-23 05:28:12"),(12,"2018-11-28 10:46:25"),(13,"2019-11-28 21:52:59"),(14,"2019-09-30 03:36:14"),(15,"2019-11-26 21:13:10"),(16,"2019-11-26 22:36:39"),(17,"2019-08-03 03:11:39"),(18,"2019-11-24 03:20:05"),(19,"2018-06-09 14:21:22"),(20,"2018-06-05 06:40:57");
INSERT INTO course (id,start_course) VALUES (21,"2018-09-14 08:42:58"),(22,"2019-07-08 09:14:14"),(23,"2019-11-02 03:48:23"),(24,"2018-11-22 23:04:13"),(25,"2019-09-10 13:47:39"),(26,"2018-07-27 03:34:02"),(27,"2018-11-06 23:35:56"),(28,"2019-12-22 12:21:49"),(29,"2018-10-05 06:47:27"),(30,"2019-03-21 01:36:03");
INSERT INTO course (id,start_course) VALUES (31,"2019-05-21 07:49:58"),(32,"2018-05-31 22:30:18"),(33,"2019-06-24 22:53:38"),(34,"2018-12-10 13:55:59"),(35,"2019-02-03 19:09:41"),(36,"2019-08-23 23:19:27"),(37,"2019-06-23 17:00:27"),(38,"2019-10-17 14:59:56"),(39,"2019-06-06 22:23:30"),(40,"2019-06-08 19:54:16");
INSERT INTO course (id,start_course) VALUES (41,"2019-10-21 10:45:41"),(42,"2018-09-25 15:28:25"),(43,"2018-06-12 06:57:52"),(44,"2019-06-03 15:50:03"),(45,"2019-08-29 14:16:17"),(46,"2018-06-14 22:11:59"),(47,"2019-11-29 22:51:03"),(48,"2018-10-15 13:20:01"),(49,"2019-09-14 12:14:15"),(50,"2018-04-28 19:13:13");
INSERT INTO course (id,start_course) VALUES (51,"2019-08-20 04:56:03"),(52,"2019-05-05 06:29:02"),(53,"2018-12-09 05:12:44"),(54,"2018-09-05 20:22:49"),(55,"2019-09-03 11:33:37"),(56,"2019-07-11 07:56:52"),(57,"2019-08-16 19:05:51"),(58,"2019-11-11 13:15:02"),(59,"2018-07-15 06:48:58"),(60,"2019-06-03 14:07:52");
INSERT INTO course (id,start_course) VALUES (61,"2019-11-13 09:56:36"),(62,"2018-08-03 18:46:59"),(63,"2019-10-28 09:19:31"),(64,"2018-11-25 05:24:16"),(65,"2019-08-25 02:43:55"),(66,"2019-06-16 19:22:47"),(67,"2018-11-09 23:19:54"),(68,"2018-10-19 13:16:49"),(69,"2018-05-19 19:11:11"),(70,"2018-08-21 18:08:12");
INSERT INTO course (id,start_course) VALUES (71,"2019-08-02 05:40:12"),(72,"2018-08-09 22:52:09"),(73,"2019-10-22 14:54:06"),(74,"2019-04-10 14:55:23"),(75,"2019-02-03 16:50:53"),(76,"2018-12-02 12:08:40"),(77,"2018-11-11 03:30:36"),(78,"2018-10-14 07:50:24"),(79,"2019-10-29 16:03:21"),(80,"2018-07-01 19:34:51");
INSERT INTO course (id,start_course) VALUES (81,"2019-04-05 15:20:50"),(82,"2018-05-23 00:06:52"),(83,"2019-09-06 17:36:17"),(84,"2018-06-22 11:40:03"),(85,"2019-03-16 21:25:04"),(86,"2018-09-02 07:30:34"),(87,"2019-01-16 12:41:29"),(88,"2018-09-09 12:52:03"),(89,"2018-12-16 04:36:50"),(90,"2019-08-22 04:54:39");
INSERT INTO course (id,start_course) VALUES (91,"2018-12-07 23:46:37"),(92,"2019-12-13 05:19:37"),(93,"2019-07-18 22:40:36"),(94,"2019-04-25 20:50:45"),(95,"2019-01-08 03:47:37"),(96,"2018-08-29 06:25:35"),(97,"2019-07-13 04:24:29"),(98,"2018-05-31 06:25:53"),(99,"2019-07-24 19:08:21"),(100,"2018-11-11 19:13:07");

INSERT INTO course (id,start_course) VALUES (101,"2019-01-02 15:38:37"),(102,"2018-11-14 23:49:04"),(103,"2019-08-09 05:39:41"),(104,"2019-07-26 02:03:08"),(105,"2018-07-13 07:12:46"),(106,"2018-07-27 09:04:17"),(107,"2019-02-28 02:53:19"),(108,"2018-06-21 14:20:43"),(109,"2019-02-21 19:02:47"),(110,"2019-06-08 20:36:00");
INSERT INTO course (id,start_course) VALUES (111,"2019-11-17 03:05:41"),(112,"2018-08-05 18:56:50"),(113,"2019-09-05 20:03:00"),(114,"2019-03-23 16:32:00"),(115,"2019-09-27 04:35:48"),(116,"2019-10-07 17:32:28"),(117,"2018-02-10 12:31:01"),(118,"2019-10-23 00:25:07"),(119,"2019-10-05 21:22:54"),(120,"2018-01-25 00:10:34");
INSERT INTO course (id,start_course) VALUES (121,"2018-03-07 06:15:29"),(122,"2018-07-20 20:27:37"),(123,"2019-05-18 12:28:27"),(124,"2018-12-24 10:55:02"),(125,"2019-07-02 07:36:31"),(126,"2018-03-22 19:43:35"),(127,"2019-02-13 19:36:15"),(128,"2019-04-08 02:10:12"),(129,"2018-11-23 02:32:30"),(130,"2019-03-19 08:40:02");
INSERT INTO course (id,start_course) VALUES (131,"2018-04-04 20:04:37"),(132,"2018-04-11 10:08:12"),(133,"2018-11-28 14:59:19"),(134,"2018-08-01 03:21:11"),(135,"2019-04-07 00:05:03"),(136,"2018-09-09 10:08:09"),(137,"2019-04-20 12:44:34"),(138,"2019-01-19 03:57:07"),(139,"2019-10-04 17:43:10"),(140,"2018-03-11 21:10:37");
INSERT INTO course (id,start_course) VALUES (141,"2018-12-01 09:14:41"),(142,"2018-10-14 22:30:25"),(143,"2018-06-10 06:21:52"),(144,"2018-05-17 15:32:19"),(145,"2019-11-22 08:39:18"),(146,"2018-01-07 04:35:50"),(147,"2019-04-17 04:19:56"),(148,"2019-01-05 16:13:58"),(149,"2018-10-05 05:23:17"),(150,"2018-09-09 14:30:59");
INSERT INTO course (id,start_course) VALUES (151,"2019-10-15 04:03:55"),(152,"2018-08-11 05:45:45"),(153,"2018-08-10 01:45:52"),(154,"2019-12-28 05:32:54"),(155,"2018-11-10 23:25:17"),(156,"2018-02-15 16:07:40"),(157,"2019-05-10 12:39:25"),(158,"2019-10-24 20:54:13"),(159,"2018-08-01 20:38:07"),(160,"2019-05-29 22:21:26");
INSERT INTO course (id,start_course) VALUES (161,"2019-01-08 03:15:58"),(162,"2018-06-05 01:39:27"),(163,"2019-05-25 13:04:46"),(164,"2018-07-05 21:19:29"),(165,"2019-06-25 20:14:59"),(166,"2019-06-16 21:35:36"),(167,"2018-01-04 07:21:21"),(168,"2018-01-25 18:59:35"),(169,"2018-04-30 02:38:48"),(170,"2019-09-27 04:27:45");
INSERT INTO course (id,start_course) VALUES (171,"2018-12-20 06:00:29"),(172,"2018-02-03 21:24:49"),(173,"2019-05-04 23:10:28"),(174,"2018-11-18 04:07:33"),(175,"2018-01-16 01:34:20"),(176,"2019-04-08 05:33:01"),(177,"2019-01-04 22:25:15"),(178,"2019-08-07 00:06:38"),(179,"2019-08-26 05:01:22"),(180,"2019-08-25 18:50:28");
INSERT INTO course (id,start_course) VALUES (181,"2019-02-28 03:21:05"),(182,"2019-12-30 23:07:31"),(183,"2019-08-11 10:54:01"),(184,"2019-08-28 01:59:05"),(185,"2019-11-30 09:27:50"),(186,"2019-05-27 06:39:04"),(187,"2019-12-07 01:22:09"),(188,"2019-02-23 18:42:32"),(189,"2018-10-16 12:27:31"),(190,"2018-01-04 23:51:04");
INSERT INTO course (id,start_course) VALUES (191,"2018-07-24 22:43:13"),(192,"2018-08-11 07:24:02"),(193,"2019-03-06 10:04:24"),(194,"2019-03-31 15:48:25"),(195,"2018-01-03 12:47:06"),(196,"2019-12-17 15:23:42"),(197,"2018-08-26 22:19:21"),(198,"2019-02-10 00:58:33"),(199,"2018-08-04 00:20:52"),(200,"2018-08-29 13:38:52");

INSERT INTO course (id,start_course) VALUES (201,"2019-06-24 06:48:16"),(202,"2019-07-05 15:15:46"),(203,"2020-03-18 12:09:34"),(204,"2019-12-13 12:59:17"),(205,"2020-09-08 18:23:53"),(206,"2019-09-03 00:40:04"),(207,"2019-09-19 06:31:34"),(208,"2018-07-05 08:33:06"),(209,"2020-01-05 01:33:02"),(210,"2018-07-04 23:12:05");
INSERT INTO course (id,start_course) VALUES (211,"2019-02-21 16:49:19"),(212,"2018-10-22 00:57:35"),(213,"2018-12-11 22:40:51"),(214,"2018-07-09 01:27:56"),(215,"2018-07-29 03:45:06"),(216,"2020-12-27 11:36:47"),(217,"2019-09-25 17:36:23"),(218,"2019-05-21 00:42:19"),(219,"2019-11-20 22:55:08"),(220,"2020-09-24 20:42:15");
INSERT INTO course (id,start_course) VALUES (221,"2018-10-15 10:44:08"),(222,"2019-08-13 10:47:38"),(223,"2018-11-14 04:57:29"),(224,"2019-03-17 03:54:53"),(225,"2020-12-15 06:49:49"),(226,"2020-11-30 03:35:34"),(227,"2020-10-15 22:56:14"),(228,"2020-10-23 15:18:43"),(229,"2020-07-01 21:45:38"),(230,"2019-07-24 14:27:57");
INSERT INTO course (id,start_course) VALUES (231,"2019-01-07 19:04:44"),(232,"2019-11-23 10:41:14"),(233,"2018-09-01 02:51:13"),(234,"2019-07-27 14:38:53"),(235,"2018-02-01 02:35:33"),(236,"2018-10-26 08:03:26"),(237,"2020-07-25 12:39:14"),(238,"2020-07-29 07:08:37"),(239,"2019-08-17 23:20:05"),(240,"2020-12-12 00:50:38");
INSERT INTO course (id,start_course) VALUES (241,"2019-09-29 16:54:33"),(242,"2019-04-15 11:29:22"),(243,"2018-10-25 15:17:47"),(244,"2018-04-16 13:55:58"),(245,"2018-10-28 18:13:12"),(246,"2018-09-02 04:33:32"),(247,"2020-02-23 06:31:25"),(248,"2019-05-30 19:04:33"),(249,"2020-12-05 15:43:11"),(250,"2019-03-18 21:58:24");
INSERT INTO course (id,start_course) VALUES (251,"2018-02-28 19:44:48"),(252,"2019-04-12 08:56:15"),(253,"2020-12-25 22:43:21"),(254,"2020-09-25 20:57:38"),(255,"2020-01-01 22:45:53"),(256,"2020-01-07 00:39:17"),(257,"2018-03-26 13:50:15"),(258,"2018-12-22 09:31:11"),(259,"2018-11-01 11:47:54"),(260,"2019-11-02 11:47:02");
INSERT INTO course (id,start_course) VALUES (261,"2020-11-15 14:01:42"),(262,"2018-04-30 15:28:48"),(263,"2019-11-10 01:46:51"),(264,"2020-12-30 07:09:51"),(265,"2018-05-06 20:59:05"),(266,"2018-09-30 07:46:38"),(267,"2019-11-13 19:49:50"),(268,"2018-12-22 16:10:54"),(269,"2019-09-16 16:11:22"),(270,"2019-03-03 15:19:29");
INSERT INTO course (id,start_course) VALUES (271,"2019-12-20 08:32:48"),(272,"2018-07-03 02:20:35"),(273,"2020-10-05 02:28:51"),(274,"2018-08-07 07:07:35"),(275,"2018-06-27 02:33:39"),(276,"2020-06-30 18:07:34"),(277,"2018-03-19 20:26:00"),(278,"2020-12-16 02:58:54"),(279,"2018-07-20 01:31:12"),(280,"2020-05-10 10:26:56");
INSERT INTO course (id,start_course) VALUES (281,"2019-04-13 13:39:30"),(282,"2019-03-07 05:39:10"),(283,"2020-06-21 03:43:11"),(284,"2018-06-01 18:15:00"),(285,"2019-07-23 23:25:39"),(286,"2019-08-03 20:47:15"),(287,"2020-09-08 10:48:10"),(288,"2020-05-24 06:01:14"),(289,"2019-01-03 18:27:39"),(290,"2018-12-13 00:43:17");
INSERT INTO course (id,start_course) VALUES (291,"2020-12-04 13:30:37"),(292,"2020-02-02 09:13:39"),(293,"2018-04-27 12:22:27"),(294,"2020-05-14 16:40:24"),(295,"2018-06-11 08:54:53"),(296,"2018-02-16 21:35:12"),(297,"2020-09-11 23:12:20"),(298,"2020-07-23 17:46:56"),(299,"2018-09-11 18:08:05"),(300,"2019-11-30 00:15:27");

INSERT INTO course (id,start_course) VALUES (301,"2019-11-20 00:46:33"),(302,"2019-05-06 15:51:15"),(303,"2020-08-07 07:36:48"),(304,"2018-06-19 20:30:03"),(305,"2019-10-20 00:34:34"),(306,"2019-03-21 08:20:02"),(307,"2020-06-10 10:47:24"),(308,"2019-03-28 13:23:26"),(309,"2018-05-10 04:04:21"),(310,"2018-05-07 16:45:09");
INSERT INTO course (id,start_course) VALUES (311,"2019-06-12 08:52:29"),(312,"2019-08-05 14:56:40"),(313,"2019-05-18 22:45:16"),(314,"2020-01-16 18:52:34"),(315,"2020-12-22 13:27:22"),(316,"2020-04-03 21:44:20"),(317,"2020-06-19 12:43:51"),(318,"2020-09-09 07:16:31"),(319,"2018-04-04 19:08:43"),(320,"2019-11-29 12:24:35");
INSERT INTO course (id,start_course) VALUES (321,"2020-08-20 01:34:25"),(322,"2020-05-27 20:11:26"),(323,"2019-03-24 21:56:53"),(324,"2018-07-19 12:05:20"),(325,"2020-01-14 12:19:13"),(326,"2018-11-10 04:26:03"),(327,"2020-01-28 21:50:36"),(328,"2019-04-27 20:38:47"),(329,"2019-03-25 16:00:24"),(330,"2020-12-15 02:08:26");
INSERT INTO course (id,start_course) VALUES (331,"2020-09-08 21:27:30"),(332,"2020-08-18 05:28:50"),(333,"2019-08-29 21:03:41"),(334,"2020-11-15 09:34:18"),(335,"2019-07-10 15:21:19"),(336,"2020-05-23 10:47:23"),(337,"2019-04-30 12:06:46"),(338,"2019-06-04 09:56:15"),(339,"2019-10-03 18:47:53"),(340,"2019-07-07 16:54:51");
INSERT INTO course (id,start_course) VALUES (341,"2019-10-28 22:42:16"),(342,"2019-04-25 11:43:54"),(343,"2019-09-21 01:19:31"),(344,"2020-04-13 21:41:33"),(345,"2019-05-23 04:48:27"),(346,"2020-02-05 08:04:16"),(347,"2019-03-30 06:19:57"),(348,"2019-07-28 01:03:28"),(349,"2019-05-28 01:40:10"),(350,"2020-02-17 23:27:42");
INSERT INTO course (id,start_course) VALUES (351,"2019-02-07 12:54:07"),(352,"2019-11-15 02:20:59"),(353,"2020-02-25 06:38:16"),(354,"2020-03-06 02:17:17"),(355,"2020-11-03 09:26:55"),(356,"2019-03-21 17:51:39"),(357,"2020-03-01 21:36:41"),(358,"2019-07-30 15:06:20"),(359,"2020-08-11 11:30:53"),(360,"2020-02-25 02:45:52");
INSERT INTO course (id,start_course) VALUES (361,"2019-01-01 02:08:10"),(362,"2018-10-03 11:41:51"),(363,"2018-12-20 21:07:55"),(364,"2020-07-21 20:29:21"),(365,"2019-08-09 06:36:12"),(366,"2018-11-25 04:27:14"),(367,"2019-08-31 14:14:43"),(368,"2019-05-11 01:12:52"),(369,"2019-12-04 07:05:50"),(370,"2019-03-20 01:23:26");
INSERT INTO course (id,start_course) VALUES (371,"2019-07-10 04:48:55"),(372,"2019-07-18 08:57:23"),(373,"2018-07-08 20:56:21"),(374,"2019-11-13 18:19:16"),(375,"2018-10-02 19:12:45"),(376,"2019-09-03 18:57:45"),(377,"2020-09-21 18:13:33"),(378,"2019-04-09 07:13:17"),(379,"2020-01-01 15:39:09"),(380,"2018-08-11 13:40:59");
INSERT INTO course (id,start_course) VALUES (381,"2020-07-25 00:07:58"),(382,"2019-07-06 23:49:30"),(383,"2020-07-12 09:40:32"),(384,"2020-05-16 17:02:42"),(385,"2020-01-13 01:04:03"),(386,"2018-05-23 23:43:21"),(387,"2018-11-26 10:56:04"),(388,"2020-02-17 19:35:24"),(389,"2019-03-22 04:25:23"),(390,"2019-10-08 04:03:54");
INSERT INTO course (id,start_course) VALUES (391,"2018-11-30 21:45:22"),(392,"2020-05-12 01:59:35"),(393,"2020-08-03 20:14:51"),(394,"2018-06-08 21:12:16"),(395,"2019-01-08 09:53:25"),(396,"2020-07-09 11:58:20"),(397,"2020-11-07 09:51:07"),(398,"2020-09-08 20:46:06"),(399,"2020-04-28 03:35:40"),(400,"2018-07-13 09:44:40");

INSERT INTO course (id,start_course) VALUES (401,"2020-05-13 22:36:50"),(402,"2019-07-19 12:10:11"),(403,"2019-05-31 23:46:12"),(404,"2020-02-24 07:39:22"),(405,"2018-09-17 05:00:29"),(406,"2020-02-12 20:00:53"),(407,"2020-10-30 23:51:12"),(408,"2019-04-02 00:14:55"),(409,"2020-03-27 09:59:37"),(410,"2019-04-19 16:26:45");
INSERT INTO course (id,start_course) VALUES (411,"2020-02-29 02:12:27"),(412,"2018-04-16 13:46:47"),(413,"2018-04-06 11:55:06"),(414,"2019-04-11 22:00:42"),(415,"2019-05-30 07:32:05"),(416,"2018-12-04 10:34:39"),(417,"2020-11-26 22:53:56"),(418,"2018-10-19 12:31:41"),(419,"2020-01-04 20:32:05"),(420,"2020-04-20 15:11:41");
INSERT INTO course (id,start_course) VALUES (421,"2019-04-10 06:14:51"),(422,"2019-03-03 05:11:17"),(423,"2018-08-09 08:17:23"),(424,"2018-11-14 12:29:41"),(425,"2020-07-31 09:03:03"),(426,"2018-01-31 08:43:44"),(427,"2019-10-15 08:12:53"),(428,"2020-02-23 01:59:49"),(429,"2020-06-01 23:05:56"),(430,"2018-07-08 11:41:20");
INSERT INTO course (id,start_course) VALUES (431,"2020-10-23 04:01:29"),(432,"2019-10-14 16:44:48"),(433,"2018-02-16 15:36:13"),(434,"2018-03-08 02:28:56"),(435,"2019-07-03 09:28:19"),(436,"2019-04-06 20:14:38"),(437,"2019-05-01 07:23:12"),(438,"2018-04-20 18:47:38"),(439,"2019-10-01 20:50:24"),(440,"2018-10-09 00:32:47");
INSERT INTO course (id,start_course) VALUES (441,"2020-12-04 00:27:02"),(442,"2019-01-05 11:00:24"),(443,"2020-11-14 04:38:48"),(444,"2019-04-24 22:11:00"),(445,"2019-10-02 01:49:45"),(446,"2020-02-19 19:40:38"),(447,"2020-07-04 18:36:11"),(448,"2018-07-19 19:04:37"),(449,"2020-11-18 19:05:01"),(450,"2018-03-07 02:34:34");
INSERT INTO course (id,start_course) VALUES (451,"2018-07-18 14:02:02"),(452,"2018-03-07 07:52:22"),(453,"2019-10-21 00:39:30"),(454,"2020-05-23 11:58:43"),(455,"2019-07-02 08:25:07"),(456,"2018-06-08 22:28:39"),(457,"2020-11-08 14:18:01"),(458,"2018-10-28 06:10:03"),(459,"2019-08-03 15:22:52"),(460,"2019-07-26 15:17:49");
INSERT INTO course (id,start_course) VALUES (461,"2020-01-09 11:53:15"),(462,"2018-11-10 07:12:32"),(463,"2019-09-18 14:34:55"),(464,"2019-02-16 18:20:26"),(465,"2020-08-25 16:33:08"),(466,"2019-06-14 04:45:37"),(467,"2020-08-23 19:20:53"),(468,"2020-10-05 21:35:08"),(469,"2020-10-06 02:54:04"),(470,"2018-12-27 19:21:03");
INSERT INTO course (id,start_course) VALUES (471,"2019-08-24 23:55:44"),(472,"2020-10-22 03:41:21"),(473,"2019-06-10 10:39:10"),(474,"2018-04-17 11:06:51"),(475,"2020-02-03 11:59:26"),(476,"2019-05-14 20:25:23"),(477,"2018-11-22 14:13:01"),(478,"2019-06-09 20:00:37"),(479,"2019-04-08 19:31:43"),(480,"2020-05-09 20:53:08");
INSERT INTO course (id,start_course) VALUES (481,"2018-06-04 10:53:29"),(482,"2018-05-10 11:32:32"),(483,"2018-01-18 14:23:09"),(484,"2020-09-21 12:35:45"),(485,"2019-09-25 20:31:51"),(486,"2020-01-04 08:46:37"),(487,"2018-06-03 21:00:16"),(488,"2019-05-03 06:22:13"),(489,"2020-10-16 12:28:53"),(490,"2020-11-07 10:48:14");
INSERT INTO course (id,start_course) VALUES (491,"2019-04-25 13:53:55"),(492,"2018-01-31 01:09:29"),(493,"2018-03-13 01:29:26"),(494,"2019-05-12 06:20:19"),(495,"2018-06-22 23:55:56"),(496,"2020-02-14 12:25:12"),(497,"2019-08-26 10:28:41"),(498,"2020-07-12 07:25:30"),(499,"2019-06-17 01:12:25"),(500,"2019-12-20 07:13:51");


INSERT INTO jockeyponeycourse (id,date_arrive,id_jockey,id_poney,id_course) VALUES (1,null,307,89,444),(2,null,393,247,432),(3,null,215,304,291),(4,null,12,204,237),(5,null,289,38,261),(6,null,340,281,150),(7,null,128,171,18),(8,null,24,399,289),(9,null,378,153,67),(10,null,276,400,444);
INSERT INTO jockeyponeycourse (id,date_arrive,id_jockey,id_poney,id_course) VALUES (11,null,213,357,362),(12,null,151,245,353),(13,null,344,111,205),(14,null,331,168,486),(15,null,297,51,27),(16,null,373,266,400),(17,null,335,263,153),(18,null,74,176,200),(19,null,364,364,333),(20,null,17,12,495);
INSERT INTO jockeyponeycourse (id,date_arrive,id_jockey,id_poney,id_course) VALUES (21,null,136,321,187),(22,null,25,337,407),(23,null,283,75,351),(24,null,236,101,143),(25,null,388,311,96),(26,null,240,83,144),(27,null,242,109,166),(28,null,313,14,458),(29,null,67,246,433),(30,null,122,95,58);
INSERT INTO jockeyponeycourse (id,date_arrive,id_jockey,id_poney,id_course) VALUES (31,null,217,205,168),(32,null,71,44,423),(33,null,313,217,283),(34,null,195,237,182),(35,null,292,279,267),(36,null,236,331,362),(37,null,209,348,156),(38,null,281,253,160),(39,null,207,93,206),(40,null,188,49,432);
INSERT INTO jockeyponeycourse (id,date_arrive,id_jockey,id_poney,id_course) VALUES (41,null,377,75,54),(42,null,68,360,416),(43,null,257,269,347),(44,null,118,208,387),(45,null,360,284,45),(46,null,34,18,47),(47,null,361,133,58),(48,null,112,108,88),(49,null,314,109,77),(50,null,63,228,224);
INSERT INTO jockeyponeycourse (id,date_arrive,id_jockey,id_poney,id_course) VALUES (51,null,168,365,39),(52,null,313,31,386),(53,null,66,315,336),(54,null,149,388,132),(55,null,376,50,471),(56,null,240,205,463),(57,null,18,106,409),(58,null,181,37,205),(59,null,59,210,172),(60,null,330,319,391);
INSERT INTO jockeyponeycourse (id,date_arrive,id_jockey,id_poney,id_course) VALUES (61,null,175,388,61),(62,null,176,106,377),(63,null,326,393,291),(64,null,203,100,179),(65,null,305,385,39),(66,null,251,335,48),(67,null,143,183,300),(68,null,304,21,328),(69,null,382,333,300),(70,null,49,92,323);
INSERT INTO jockeyponeycourse (id,date_arrive,id_jockey,id_poney,id_course) VALUES (71,null,315,64,191),(72,null,136,199,468),(73,null,165,317,406),(74,null,303,112,492),(75,null,400,384,93),(76,null,374,317,323),(77,null,155,395,448),(78,null,41,81,52),(79,null,66,110,88),(80,null,244,63,334);
INSERT INTO jockeyponeycourse (id,date_arrive,id_jockey,id_poney,id_course) VALUES (81,null,267,358,148),(82,null,186,231,158),(83,null,399,289,306),(84,null,278,219,278),(85,null,59,47,207),(86,null,344,177,326),(87,null,17,121,278),(88,null,326,376,436),(89,null,171,183,403),(90,null,62,337,297);

INSERT INTO jockeyponeycourse (id,date_arrive,id_jockey,id_poney,id_course) VALUES (100,null,360,8,438),(101,null,60,346,117),(102,null,296,287,413),(103,null,293,201,191),(104,null,392,75,251),(105,null,77,334,471),(106,null,11,6,272),(107,null,94,85,174),(108,null,200,298,474),(109,null,293,123,38);
INSERT INTO jockeyponeycourse (id,date_arrive,id_jockey,id_poney,id_course) VALUES (110,null,130,97,31),(111,null,138,267,430),(112,null,314,230,86),(113,null,226,363,36),(114,null,171,35,183),(115,null,66,345,235),(116,null,57,156,273),(117,null,69,170,314),(118,null,6,215,468),(119,null,234,34,119);
INSERT INTO jockeyponeycourse (id,date_arrive,id_jockey,id_poney,id_course) VALUES (120,null,24,290,339),(121,null,121,279,35),(122,null,220,254,127),(123,null,246,83,224),(124,null,140,180,364),(125,null,186,269,5),(126,null,259,256,17),(127,null,376,345,70),(128,null,88,299,225),(129,null,157,110,308);
INSERT INTO jockeyponeycourse (id,date_arrive,id_jockey,id_poney,id_course) VALUES (130,null,101,30,402),(131,null,228,94,127),(132,null,390,105,403),(133,null,165,304,65),(134,null,33,68,12),(135,null,45,155,92),(136,null,90,217,277),(137,null,13,249,213),(138,null,95,360,471),(139,null,348,321,162);
INSERT INTO jockeyponeycourse (id,date_arrive,id_jockey,id_poney,id_course) VALUES (140,null,354,208,49),(141,null,258,326,352),(142,null,195,387,271),(143,null,229,57,297),(144,null,62,313,304),(145,null,81,371,376),(146,null,355,200,444),(147,null,307,239,362),(148,null,76,398,207),(149,null,327,398,161);
INSERT INTO jockeyponeycourse (id,date_arrive,id_jockey,id_poney,id_course) VALUES (150,null,305,8,36),(151,null,300,50,178),(152,null,316,337,443),(153,null,327,109,20),(154,null,35,23,237),(155,null,288,169,429),(156,null,359,141,157),(157,null,149,363,50),(158,null,19,117,301),(159,null,112,59,471);
INSERT INTO jockeyponeycourse (id,date_arrive,id_jockey,id_poney,id_course) VALUES (160,null,14,381,119),(161,null,316,78,474),(162,null,345,31,15),(163,null,268,160,77),(164,null,74,357,372),(165,null,197,92,421),(166,null,319,170,164),(167,null,298,268,455),(168,null,325,8,83),(169,null,247,28,274);
INSERT INTO jockeyponeycourse (id,date_arrive,id_jockey,id_poney,id_course) VALUES (170,null,169,320,115),(171,null,112,173,7),(172,null,358,208,120),(173,null,43,224,91),(174,null,342,32,17),(175,null,216,172,306),(176,null,82,84,456),(177,null,333,89,215),(178,null,194,141,194),(179,null,126,142,306);
INSERT INTO jockeyponeycourse (id,date_arrive,id_jockey,id_poney,id_course) VALUES (180,null,152,375,18),(181,null,382,247,291),(182,null,237,346,298),(183,null,182,391,130),(184,null,129,208,295),(185,null,236,63,113),(186,null,325,298,441),(187,null,126,262,262),(188,null,98,9,159),(189,null,71,129,113);
INSERT INTO jockeyponeycourse (id,date_arrive,id_jockey,id_poney,id_course) VALUES (190,null,24,370,485),(191,null,41,73,27),(192,null,101,379,419),(193,null,392,223,125),(194,null,342,102,294),(195,null,394,261,187),(196,null,392,82,182),(197,null,89,7,433),(198,null,375,400,185),(199,null,70,186,496);

INSERT INTO jockeyponeycourse (id,date_arrive,id_jockey,id_poney,id_course) VALUES (200,null,119,386,415),(201,null,110,50,74),(202,null,83,105,395),(203,null,25,383,303),(204,null,287,90,493),(205,null,227,118,478),(206,null,186,53,41),(207,null,274,24,466),(208,null,87,284,14),(209,null,372,341,9);
INSERT INTO jockeyponeycourse (id,date_arrive,id_jockey,id_poney,id_course) VALUES (210,null,340,173,389),(211,null,331,266,185),(212,null,327,183,52),(213,null,120,39,434),(214,null,348,375,450),(215,null,383,94,249),(216,null,319,58,354),(217,null,81,242,81),(218,null,250,359,60),(219,null,45,306,54);
INSERT INTO jockeyponeycourse (id,date_arrive,id_jockey,id_poney,id_course) VALUES (220,null,138,13,103),(221,null,354,250,261),(222,null,36,269,45),(223,null,43,6,452),(224,null,101,322,466),(225,null,178,218,45),(226,null,60,102,430),(227,null,244,371,351),(228,null,30,210,339),(229,null,222,140,379);
INSERT INTO jockeyponeycourse (id,date_arrive,id_jockey,id_poney,id_course) VALUES (230,null,212,311,17),(231,null,96,60,98),(232,null,259,29,224),(233,null,239,343,434),(234,null,76,303,411),(235,null,206,64,346),(236,null,339,183,355),(237,null,75,181,50),(238,null,323,29,347),(239,null,38,221,181);
INSERT INTO jockeyponeycourse (id,date_arrive,id_jockey,id_poney,id_course) VALUES (240,null,223,32,251),(241,null,91,182,176),(242,null,31,41,216),(243,null,367,118,430),(244,null,144,164,272),(245,null,45,235,273),(246,null,128,118,454),(247,null,138,300,459),(248,null,96,363,414),(249,null,86,352,177);
INSERT INTO jockeyponeycourse (id,date_arrive,id_jockey,id_poney,id_course) VALUES (250,null,107,69,300),(251,null,97,145,481),(252,null,220,10,39),(253,null,364,345,157),(254,null,224,155,308),(255,null,79,35,193),(256,null,218,168,169),(257,null,323,183,51),(258,null,303,304,436),(259,null,219,169,476);
INSERT INTO jockeyponeycourse (id,date_arrive,id_jockey,id_poney,id_course) VALUES (260,null,233,157,422),(261,null,340,131,254),(262,null,226,136,378),(263,null,78,187,3),(264,null,239,122,46),(265,null,122,110,84),(266,null,236,299,311),(267,null,310,378,11),(268,null,265,55,474),(269,null,374,97,439);
INSERT INTO jockeyponeycourse (id,date_arrive,id_jockey,id_poney,id_course) VALUES (270,null,350,128,178),(271,null,237,310,138),(272,null,3,60,8),(273,null,20,369,321),(274,null,245,26,329),(275,null,350,68,17),(276,null,170,247,39),(277,null,361,344,85),(278,null,19,13,8),(279,null,320,290,20);
INSERT INTO jockeyponeycourse (id,date_arrive,id_jockey,id_poney,id_course) VALUES (280,null,181,4,278),(281,null,63,238,256),(282,null,63,96,247),(283,null,294,339,239),(284,null,301,363,66),(285,null,300,274,372),(286,null,223,209,98),(287,null,207,287,228),(288,null,252,142,70),(289,null,140,387,396);
INSERT INTO jockeyponeycourse (id,date_arrive,id_jockey,id_poney,id_course) VALUES (290,null,66,223,192),(291,null,357,347,149),(292,null,292,184,302),(293,null,205,300,16),(294,null,166,214,165),(295,null,384,267,36),(296,null,206,242,497),(297,null,256,358,420),(298,null,167,180,363),(299,null,244,107,159);

INSERT INTO jockeyponeycourse (id,date_arrive,id_jockey,id_poney,id_course) VALUES (300,null,374,165,265),(301,null,127,28,368),(302,null,60,276,271),(303,null,55,1,134),(304,null,270,64,371),(305,null,332,47,484),(306,null,89,23,355),(307,null,261,22,61),(308,null,154,170,58),(309,null,360,356,208);
INSERT INTO jockeyponeycourse (id,date_arrive,id_jockey,id_poney,id_course) VALUES (310,null,393,84,188),(311,null,154,142,112),(312,null,274,338,323),(313,null,365,283,38),(314,null,143,297,6),(315,null,129,177,274),(316,null,273,35,106),(317,null,327,38,471),(318,null,267,384,288),(319,null,127,138,292);
INSERT INTO jockeyponeycourse (id,date_arrive,id_jockey,id_poney,id_course) VALUES (320,null,4,336,328),(321,null,83,69,356),(322,null,81,138,58),(323,null,248,236,199),(324,null,173,164,27),(325,null,171,239,250),(326,null,182,172,425),(327,null,251,261,22),(328,null,374,383,393),(329,null,16,171,91);
INSERT INTO jockeyponeycourse (id,date_arrive,id_jockey,id_poney,id_course) VALUES (330,null,237,386,489),(331,null,22,188,420),(332,null,216,396,307),(333,null,212,259,81),(334,null,94,285,334),(335,null,193,58,254),(336,null,211,12,329),(337,null,4,379,241),(338,null,361,162,356),(339,null,297,37,280);
INSERT INTO jockeyponeycourse (id,date_arrive,id_jockey,id_poney,id_course) VALUES (340,null,147,376,86),(341,null,345,105,86),(342,null,22,95,233),(343,null,88,150,255),(344,null,67,397,392),(345,null,386,149,385),(346,null,147,389,243),(347,null,345,398,455),(348,null,26,290,182),(349,null,347,250,411);
INSERT INTO jockeyponeycourse (id,date_arrive,id_jockey,id_poney,id_course) VALUES (350,null,66,22,64),(351,null,113,19,331),(352,null,1,297,442),(353,null,59,67,184),(354,null,348,272,91),(355,null,97,356,13),(356,null,374,102,95),(357,null,371,119,193),(358,null,197,211,223),(359,null,31,4,398);
INSERT INTO jockeyponeycourse (id,date_arrive,id_jockey,id_poney,id_course) VALUES (360,null,124,375,311),(361,null,123,186,310),(362,null,175,202,280),(363,null,369,387,169),(364,null,364,83,100),(365,null,152,399,384),(366,null,183,60,38),(367,null,180,354,460),(368,null,108,58,361),(369,null,163,145,31);
INSERT INTO jockeyponeycourse (id,date_arrive,id_jockey,id_poney,id_course) VALUES (370,null,350,368,427),(371,null,267,56,218),(372,null,231,144,411),(373,null,247,280,242),(374,null,83,164,439),(375,null,223,258,200),(376,null,332,219,445),(377,null,86,389,438),(378,null,315,130,143),(379,null,3,118,318);
INSERT INTO jockeyponeycourse (id,date_arrive,id_jockey,id_poney,id_course) VALUES (380,null,1,249,342),(381,null,305,235,108),(382,null,190,3,190),(383,null,126,170,434),(384,null,286,60,305),(385,null,266,1,269),(386,null,64,45,214),(387,null,7,21,240),(388,null,268,282,175),(389,null,181,253,339);
INSERT INTO jockeyponeycourse (id,date_arrive,id_jockey,id_poney,id_course) VALUES (390,null,53,394,397),(391,null,3,399,300),(392,null,362,184,244),(393,null,113,116,412),(394,null,253,86,448),(395,null,268,209,442),(396,null,203,396,429),(397,null,42,160,400),(398,null,129,106,112),(399,null,147,127,444);

INSERT INTO jockeyponeycourse (id,date_arrive,id_jockey,id_poney,id_course) VALUES (400,null,192,161,126),(401,null,288,260,466),(402,null,172,335,203),(403,null,361,223,194),(404,null,191,88,144),(405,null,200,146,274),(406,null,118,140,500),(407,null,107,99,180),(408,null,213,59,57),(409,null,144,289,276);
INSERT INTO jockeyponeycourse (id,date_arrive,id_jockey,id_poney,id_course) VALUES (410,null,94,229,44),(411,null,82,184,268),(412,null,165,221,374),(413,null,144,144,196),(414,null,302,376,242),(415,null,349,289,422),(416,null,278,371,341),(417,null,125,26,466),(418,null,207,364,19),(419,null,312,310,311);
INSERT INTO jockeyponeycourse (id,date_arrive,id_jockey,id_poney,id_course) VALUES (420,null,175,379,331),(421,null,288,45,284),(422,null,194,248,382),(423,null,365,2,229),(424,null,3,142,353),(425,null,94,147,94),(426,null,56,196,170),(427,null,59,90,338),(428,null,108,102,438),(429,null,77,363,116);
INSERT INTO jockeyponeycourse (id,date_arrive,id_jockey,id_poney,id_course) VALUES (430,null,30,347,183),(431,null,376,226,191),(432,null,352,121,410),(433,null,148,353,310),(434,null,302,109,435),(435,null,211,57,96),(436,null,142,201,398),(437,null,68,70,243),(438,null,295,394,5),(439,null,307,278,220);
INSERT INTO jockeyponeycourse (id,date_arrive,id_jockey,id_poney,id_course) VALUES (440,null,210,400,118),(441,null,92,191,100),(442,null,344,166,164),(443,null,216,247,303),(444,null,300,400,243),(445,null,251,229,113),(446,null,377,344,244),(447,null,322,130,210),(448,null,187,146,314),(449,null,52,208,476);
INSERT INTO jockeyponeycourse (id,date_arrive,id_jockey,id_poney,id_course) VALUES (450,null,106,316,332),(451,null,273,37,182),(452,null,135,222,216),(453,null,19,331,411),(454,null,147,142,149),(455,null,72,319,253),(456,null,31,322,356),(457,null,252,149,481),(458,null,63,79,208),(459,null,195,387,117);
INSERT INTO jockeyponeycourse (id,date_arrive,id_jockey,id_poney,id_course) VALUES (460,null,397,95,442),(461,null,162,67,452),(462,null,86,2,299),(463,null,280,244,265),(464,null,264,60,20),(465,null,177,75,47),(466,null,182,53,353),(467,null,360,45,150),(468,null,325,383,9),(469,null,258,150,118);
INSERT INTO jockeyponeycourse (id,date_arrive,id_jockey,id_poney,id_course) VALUES (470,null,91,333,260),(471,null,186,187,136),(472,null,305,370,381),(473,null,195,40,54),(474,null,9,310,408),(475,null,147,249,124),(476,null,38,397,206),(477,null,208,143,368),(478,null,297,16,118),(479,null,297,86,52);
INSERT INTO jockeyponeycourse (id,date_arrive,id_jockey,id_poney,id_course) VALUES (480,null,170,328,410),(481,null,146,4,61),(482,null,183,272,180),(483,null,142,395,416),(484,null,331,27,326),(485,null,245,221,178),(486,null,337,252,131),(487,null,328,97,369),(488,null,374,99,6),(489,null,100,257,115);

INSERT INTO jockeyponeycourse (id,date_arrive,id_jockey,id_poney,id_course) VALUES (500,null,171,299,260),(501,null,147,50,54),(502,null,206,285,319),(503,null,64,62,492),(504,null,33,138,28),(505,null,137,82,364),(506,null,269,171,311),(507,null,30,69,68),(508,null,399,69,343),(509,null,72,393,352);
INSERT INTO jockeyponeycourse (id,date_arrive,id_jockey,id_poney,id_course) VALUES (510,null,170,305,456),(511,null,190,100,23),(512,null,142,184,327),(513,null,192,196,76),(514,null,104,392,233),(515,null,147,358,39),(516,null,120,71,174),(517,null,233,107,4),(518,null,397,54,368),(519,null,102,199,357);
INSERT INTO jockeyponeycourse (id,date_arrive,id_jockey,id_poney,id_course) VALUES (520,null,225,108,132),(521,null,249,269,237),(522,null,225,339,242),(523,null,353,366,128),(524,null,366,294,218),(525,null,48,90,206),(526,null,332,64,225),(527,null,235,134,150),(528,null,38,283,342),(529,null,353,322,74);
INSERT INTO jockeyponeycourse (id,date_arrive,id_jockey,id_poney,id_course) VALUES (530,null,69,399,318),(531,null,43,298,21),(532,null,106,247,407),(533,null,385,155,20),(534,null,377,299,393),(535,null,20,207,355),(536,null,165,157,446),(537,null,176,396,95),(538,null,63,40,412),(539,null,193,30,367);
INSERT INTO jockeyponeycourse (id,date_arrive,id_jockey,id_poney,id_course) VALUES (540,null,266,59,78),(541,null,215,60,202),(542,null,366,120,459),(543,null,349,266,123),(544,null,45,67,473),(545,null,282,50,384),(546,null,12,280,224),(547,null,183,45,254),(548,null,207,55,115),(549,null,278,215,112);
INSERT INTO jockeyponeycourse (id,date_arrive,id_jockey,id_poney,id_course) VALUES (550,null,356,126,18),(551,null,117,291,136),(552,null,143,231,201),(553,null,188,180,1),(554,null,295,186,162),(555,null,350,160,256),(556,null,49,15,373),(557,null,216,340,483),(558,null,33,95,397),(559,null,322,4,203);
INSERT INTO jockeyponeycourse (id,date_arrive,id_jockey,id_poney,id_course) VALUES (560,null,172,12,120),(561,null,224,232,168),(562,null,278,142,82),(563,null,143,94,212),(564,null,359,101,327),(565,null,269,363,480),(566,null,222,113,87),(567,null,14,26,353),(568,null,278,36,80),(569,null,100,113,323);
INSERT INTO jockeyponeycourse (id,date_arrive,id_jockey,id_poney,id_course) VALUES (570,null,394,77,312),(571,null,10,103,388),(572,null,147,154,454),(573,null,82,193,482),(574,null,302,372,23),(575,null,320,376,52),(576,null,309,346,183),(577,null,245,288,165),(578,null,122,131,415),(579,null,254,289,171);
INSERT INTO jockeyponeycourse (id,date_arrive,id_jockey,id_poney,id_course) VALUES (580,null,247,55,419),(581,null,384,198,256),(582,null,397,210,270),(583,null,40,378,489),(584,null,305,81,111),(585,null,307,170,463),(586,null,369,345,281),(587,null,126,249,173),(588,null,212,27,292),(589,null,55,195,328);
INSERT INTO jockeyponeycourse (id,date_arrive,id_jockey,id_poney,id_course) VALUES (590,null,304,174,193),(591,null,61,226,278),(592,null,370,165,490),(593,null,238,293,106),(594,null,170,208,254),(595,null,352,155,75),(596,null,157,215,418),(597,null,242,18,127),(598,null,154,278,251),(599,null,351,221,241);

INSERT INTO jockeyponeycourse (id,date_arrive,id_jockey,id_poney,id_course) VALUES (600,null,130,280,485),(601,null,280,226,222),(602,null,283,365,232),(603,null,40,41,278),(604,null,229,308,275),(605,null,124,201,468),(606,null,25,225,470),(607,null,323,161,499),(608,null,42,155,382),(609,null,400,6,202);
INSERT INTO jockeyponeycourse (id,date_arrive,id_jockey,id_poney,id_course) VALUES (610,null,381,5,398),(611,null,279,230,117),(612,null,253,150,413),(613,null,197,344,176),(614,null,204,391,412),(615,null,261,47,467),(616,null,394,396,127),(617,null,106,23,155),(618,null,258,211,42),(619,null,258,119,342);
INSERT INTO jockeyponeycourse (id,date_arrive,id_jockey,id_poney,id_course) VALUES (620,null,83,198,338),(621,null,180,163,274),(622,null,13,362,402),(623,null,330,121,387),(624,null,355,74,2),(625,null,399,346,325),(626,null,116,48,138),(627,null,59,310,291),(628,null,204,251,274),(629,null,59,85,73);
INSERT INTO jockeyponeycourse (id,date_arrive,id_jockey,id_poney,id_course) VALUES (630,null,125,279,478),(631,null,168,364,438),(632,null,104,124,467),(633,null,125,252,224),(634,null,289,89,323),(635,null,227,141,115),(636,null,353,98,308),(637,null,109,104,130),(638,null,43,80,247),(639,null,399,78,379);
INSERT INTO jockeyponeycourse (id,date_arrive,id_jockey,id_poney,id_course) VALUES (640,null,288,330,138),(641,null,83,24,103),(642,null,164,309,319),(643,null,200,31,330),(644,null,288,367,208),(645,null,329,240,398),(646,null,53,147,295),(647,null,133,251,310),(648,null,283,17,258),(649,null,320,333,48);
INSERT INTO jockeyponeycourse (id,date_arrive,id_jockey,id_poney,id_course) VALUES (650,null,69,156,491),(651,null,246,57,267),(652,null,278,54,64),(653,null,258,352,132),(654,null,362,234,28),(655,null,188,289,229),(656,null,62,62,114),(657,null,333,69,299),(658,null,132,54,368),(659,null,6,310,28);
INSERT INTO jockeyponeycourse (id,date_arrive,id_jockey,id_poney,id_course) VALUES (660,null,186,64,290),(661,null,320,256,427),(662,null,66,296,338),(663,null,24,382,173),(664,null,308,145,213),(665,null,287,18,262),(666,null,55,358,450),(667,null,376,398,441),(668,null,237,327,192),(669,null,221,340,402);
INSERT INTO jockeyponeycourse (id,date_arrive,id_jockey,id_poney,id_course) VALUES (670,null,179,384,449),(671,null,366,367,150),(672,null,106,388,157),(673,null,34,278,393),(674,null,219,208,442),(675,null,168,130,263),(676,null,114,227,266),(677,null,91,124,80),(678,null,362,169,197),(679,null,158,264,449);
INSERT INTO jockeyponeycourse (id,date_arrive,id_jockey,id_poney,id_course) VALUES (680,null,325,45,171),(681,null,369,135,158),(682,null,174,373,68),(683,null,260,397,177),(684,null,349,161,474),(685,null,101,75,220),(686,null,223,258,129),(687,null,334,275,415),(688,null,271,382,54),(689,null,389,379,99);
INSERT INTO jockeyponeycourse (id,date_arrive,id_jockey,id_poney,id_course) VALUES (690,null,143,205,41),(691,null,294,7,457),(692,null,397,165,26),(693,null,50,275,241),(694,null,10,245,223),(695,null,221,92,366),(696,null,300,121,68),(697,null,205,54,434),(698,null,91,279,278),(699,null,74,175,447);

INSERT INTO jockeyponeycourse (id,date_arrive,id_jockey,id_poney,id_course) VALUES (700,null,371,32,369),(701,null,93,207,479),(702,null,137,18,363),(703,null,66,75,46),(704,null,55,189,442),(705,null,181,303,57),(706,null,243,345,66),(707,null,261,317,389),(708,null,283,39,90),(709,null,289,290,131);
INSERT INTO jockeyponeycourse (id,date_arrive,id_jockey,id_poney,id_course) VALUES (720,null,269,43,286),(721,null,302,172,458),(722,null,99,377,423),(723,null,129,100,42),(724,null,52,327,112),(725,null,138,90,229),(726,null,253,116,372),(727,null,123,228,73),(728,null,122,356,107),(729,null,36,64,206);
INSERT INTO jockeyponeycourse (id,date_arrive,id_jockey,id_poney,id_course) VALUES (730,null,289,342,364),(731,null,383,348,258),(732,null,9,362,65),(733,null,225,259,407),(734,null,354,249,462),(735,null,231,4,353),(736,null,185,180,4),(737,null,306,17,171),(738,null,159,173,114),(739,null,222,201,19);
INSERT INTO jockeyponeycourse (id,date_arrive,id_jockey,id_poney,id_course) VALUES (740,null,279,40,312),(741,null,108,318,204),(742,null,126,389,387),(743,null,108,81,81),(744,null,118,280,190),(745,null,69,123,327),(746,null,229,291,351),(747,null,379,356,122),(748,null,342,337,240),(749,null,69,112,33);
INSERT INTO jockeyponeycourse (id,date_arrive,id_jockey,id_poney,id_course) VALUES (750,null,23,301,259),(751,null,320,286,130),(752,null,24,212,365),(753,null,362,252,311),(754,null,310,288,437),(755,null,270,263,205),(756,null,96,130,227),(757,null,132,358,100),(758,null,343,209,324),(759,null,1,47,216);
INSERT INTO jockeyponeycourse (id,date_arrive,id_jockey,id_poney,id_course) VALUES (760,null,243,56,410),(761,null,26,196,52),(762,null,306,366,200),(763,null,363,176,6),(764,null,346,160,300),(765,null,289,64,337),(766,null,176,213,117),(767,null,208,200,433),(768,null,335,376,323),(769,null,28,221,271);
INSERT INTO jockeyponeycourse (id,date_arrive,id_jockey,id_poney,id_course) VALUES (770,null,177,287,2),(771,null,189,260,409),(772,null,70,8,143),(773,null,372,298,453),(774,null,278,334,359),(775,null,184,293,281),(776,null,258,105,302),(777,null,133,112,26),(778,null,211,387,99),(779,null,200,325,53);
INSERT INTO jockeyponeycourse (id,date_arrive,id_jockey,id_poney,id_course) VALUES (780,null,103,189,134),(781,null,46,215,82),(782,null,275,396,449),(783,null,184,385,161),(784,null,196,228,65),(785,null,333,207,107),(786,null,322,132,370),(787,null,219,364,483),(788,null,123,276,209),(789,null,158,320,340);

INSERT INTO jockeyponeycourse (id,date_arrive,id_jockey,id_poney,id_course) VALUES (800,null,133,70,159),(801,null,362,283,493),(802,null,236,190,11),(803,null,323,136,477),(804,null,114,263,183),(805,null,195,334,202),(806,null,230,234,272),(807,null,399,396,428),(808,null,322,184,292),(809,null,273,201,86);
INSERT INTO jockeyponeycourse (id,date_arrive,id_jockey,id_poney,id_course) VALUES (810,null,87,283,325),(811,null,200,378,52),(812,null,25,156,315),(813,null,353,329,140),(814,null,155,117,410),(815,null,68,371,256),(816,null,5,342,40),(817,null,110,125,168),(818,null,13,369,229),(819,null,378,355,49);
INSERT INTO jockeyponeycourse (id,date_arrive,id_jockey,id_poney,id_course) VALUES (820,null,241,211,451),(821,null,128,77,304),(822,null,357,1,153),(823,null,17,153,32),(824,null,7,264,193),(825,null,207,82,24),(826,null,146,188,55),(827,null,126,135,323),(828,null,17,194,262),(829,null,210,142,476);
INSERT INTO jockeyponeycourse (id,date_arrive,id_jockey,id_poney,id_course) VALUES (830,null,154,345,226),(831,null,63,20,321),(832,null,228,31,214),(833,null,120,371,163),(834,null,190,93,216),(835,null,52,195,406),(836,null,232,179,208),(837,null,269,55,438),(838,null,397,249,24),(839,null,79,41,91);
INSERT INTO jockeyponeycourse (id,date_arrive,id_jockey,id_poney,id_course) VALUES (840,null,38,394,165),(841,null,81,136,177),(842,null,163,89,272),(843,null,274,62,173),(844,null,363,257,280),(845,null,20,205,307),(846,null,120,174,13),(847,null,147,175,400),(848,null,192,45,222),(849,null,128,221,251);
INSERT INTO jockeyponeycourse (id,date_arrive,id_jockey,id_poney,id_course) VALUES (850,null,233,134,189),(851,null,190,15,335),(852,null,126,13,168),(853,null,217,71,98),(854,null,180,151,129),(855,null,241,210,407),(856,null,319,152,149),(857,null,93,7,376),(858,null,95,325,361),(859,null,377,206,113);
INSERT INTO jockeyponeycourse (id,date_arrive,id_jockey,id_poney,id_course) VALUES (860,null,332,262,108),(861,null,178,157,420),(862,null,25,263,455),(863,null,284,67,204),(864,null,178,347,138),(865,null,337,216,428),(866,null,98,103,253),(867,null,151,50,211),(868,null,392,356,300),(869,null,128,332,279);
INSERT INTO jockeyponeycourse (id,date_arrive,id_jockey,id_poney,id_course) VALUES (870,null,277,146,232),(871,null,120,301,25),(872,null,52,201,90),(873,null,325,100,141),(874,null,238,139,449),(875,null,172,272,217),(876,null,126,277,198),(877,null,122,389,342),(878,null,52,325,393),(879,null,145,371,464);
INSERT INTO jockeyponeycourse (id,date_arrive,id_jockey,id_poney,id_course) VALUES (880,null,202,246,459),(881,null,316,119,53),(882,null,56,381,485),(883,null,109,34,351),(884,null,363,66,262),(885,null,380,215,364),(886,null,266,12,294),(887,null,161,64,397),(888,null,197,292,413),(889,null,295,3,287);
INSERT INTO jockeyponeycourse (id,date_arrive,id_jockey,id_poney,id_course) VALUES (890,null,259,339,213),(891,null,161,371,481),(892,null,368,45,42),(893,null,313,396,158),(894,null,366,202,110),(895,null,28,340,61),(896,null,26,300,55),(897,null,27,63,190),(898,null,243,389,65),(899,null,333,235,478);

INSERT INTO jockeyponeycourse (id,date_arrive,id_jockey,id_poney,id_course) VALUES (900,null,235,334,103),(901,null,203,64,420),(902,null,367,206,267),(903,null,278,356,217),(904,null,229,51,415),(905,null,153,31,350),(906,null,11,51,194),(907,null,78,171,84),(908,null,79,137,310),(909,null,393,239,114);
INSERT INTO jockeyponeycourse (id,date_arrive,id_jockey,id_poney,id_course) VALUES (910,null,19,310,29),(911,null,73,147,369),(912,null,47,231,490),(913,null,112,212,452),(914,null,294,127,429),(915,null,271,69,51),(916,null,56,167,210),(917,null,135,170,335),(918,null,136,257,239),(919,null,344,73,223);
INSERT INTO jockeyponeycourse (id,date_arrive,id_jockey,id_poney,id_course) VALUES (920,null,18,400,463),(921,null,393,209,105),(922,null,254,281,437),(923,null,10,294,249),(924,null,11,27,207),(925,null,381,70,98),(926,null,2,118,118),(927,null,82,1,58),(928,null,148,77,496),(929,null,371,306,366);
INSERT INTO jockeyponeycourse (id,date_arrive,id_jockey,id_poney,id_course) VALUES (930,null,14,143,431),(931,null,286,107,51),(932,null,19,34,278),(933,null,104,382,333),(934,null,337,268,206),(935,null,348,271,291),(936,null,383,303,372),(937,null,57,82,206),(938,null,168,82,87),(939,null,172,252,167);
INSERT INTO jockeyponeycourse (id,date_arrive,id_jockey,id_poney,id_course) VALUES (940,null,22,350,365),(941,null,256,17,186),(942,null,205,175,70),(943,null,255,238,347),(944,null,67,101,129),(945,null,116,60,487),(946,null,347,2,249),(947,null,344,141,455),(948,null,51,42,494),(949,null,157,158,202);
INSERT INTO jockeyponeycourse (id,date_arrive,id_jockey,id_poney,id_course) VALUES (950,null,186,54,490),(951,null,119,159,128),(952,null,209,56,442),(953,null,331,114,358),(954,null,396,256,467),(955,null,78,14,306),(956,null,318,238,134),(957,null,296,360,363),(958,null,296,333,389),(959,null,75,172,75);
INSERT INTO jockeyponeycourse (id,date_arrive,id_jockey,id_poney,id_course) VALUES (960,null,202,284,244),(961,null,221,394,89),(962,null,132,292,4),(963,null,170,351,499),(964,null,140,233,63),(965,null,327,155,422),(966,null,356,46,310),(967,null,8,146,477),(968,null,223,262,195),(969,null,263,297,351);
INSERT INTO jockeyponeycourse (id,date_arrive,id_jockey,id_poney,id_course) VALUES (970,null,135,397,12),(971,null,28,291,349),(972,null,208,220,18),(973,null,250,290,366),(974,null,358,282,4),(975,null,69,346,93),(976,null,380,165,462),(977,null,53,189,217),(978,null,108,97,114),(979,null,241,38,436);
INSERT INTO jockeyponeycourse (id,date_arrive,id_jockey,id_poney,id_course) VALUES (980,null,121,173,355),(981,null,88,375,383),(982,null,39,368,398),(983,null,389,323,14),(984,null,78,144,80),(985,null,63,156,63),(986,null,306,342,297),(987,null,271,214,498),(988,null,147,264,246),(989,null,100,116,426);
INSERT INTO jockeyponeycourse (id,date_arrive,id_jockey,id_poney,id_course) VALUES (990,null,18,98,386),(991,null,399,235,120),(992,null,364,279,491),(993,null,36,95,142),(994,null,232,2,131),(995,null,163,368,364),(996,null,168,113,244),(997,null,52,225,402),(998,null,180,47,43),(999,null,388,191,12);

INSERT INTO jockeyponeycourse (id,date_arrive,id_jockey,id_poney,id_course) VALUES (1010,null,34,233,357),(1011,null,310,217,98),(1012,null,333,225,485),(1013,null,75,260,144),(1014,null,308,288,122),(1015,null,126,224,240),(1016,null,319,328,300),(1017,null,10,383,131),(1018,null,8,219,96),(1019,null,338,29,255);
INSERT INTO jockeyponeycourse (id,date_arrive,id_jockey,id_poney,id_course) VALUES (1020,null,314,50,282),(1021,null,243,329,463),(1022,null,37,139,319),(1023,null,18,381,163),(1024,null,319,273,23),(1025,null,237,49,322),(1026,null,254,114,267),(1027,null,399,148,66),(1028,null,161,333,313),(1029,null,1,270,301);
INSERT INTO jockeyponeycourse (id,date_arrive,id_jockey,id_poney,id_course) VALUES (1030,null,341,118,453),(1031,null,377,11,443),(1032,null,358,274,402),(1033,null,49,351,365),(1034,null,86,337,96),(1035,null,35,34,355),(1036,null,17,229,229),(1037,null,393,42,72),(1038,null,240,330,332),(1039,null,278,384,131);
INSERT INTO jockeyponeycourse (id,date_arrive,id_jockey,id_poney,id_course) VALUES (1040,null,49,363,485),(1041,null,383,170,311),(1042,null,245,212,87),(1043,null,89,186,153),(1044,null,114,329,476),(1045,null,285,12,241),(1046,null,317,328,472),(1047,null,41,288,54),(1048,null,304,276,89),(1049,null,278,50,328);
INSERT INTO jockeyponeycourse (id,date_arrive,id_jockey,id_poney,id_course) VALUES (1050,null,90,351,474),(1051,null,142,368,69),(1052,null,166,85,423),(1053,null,142,162,471),(1054,null,361,47,235),(1055,null,292,91,176),(1056,null,145,221,60),(1057,null,187,207,400),(1058,null,263,103,493),(1059,null,84,24,393);
INSERT INTO jockeyponeycourse (id,date_arrive,id_jockey,id_poney,id_course) VALUES (1060,null,194,114,229),(1061,null,110,313,192),(1062,null,97,353,244),(1063,null,196,44,27),(1064,null,353,164,416),(1065,null,103,224,154),(1066,null,84,115,495),(1067,null,147,31,228),(1068,null,341,18,52),(1069,null,259,301,67);
INSERT INTO jockeyponeycourse (id,date_arrive,id_jockey,id_poney,id_course) VALUES (1070,null,68,168,99),(1071,null,334,108,76),(1072,null,301,268,385),(1073,null,291,9,245),(1074,null,235,287,77),(1075,null,40,319,96),(1076,null,81,110,95),(1077,null,57,42,204),(1078,null,387,236,484),(1079,null,360,221,484);
INSERT INTO jockeyponeycourse (id,date_arrive,id_jockey,id_poney,id_course) VALUES (1090,null,245,363,312),(1091,null,1,206,315),(1092,null,221,374,320),(1093,null,137,199,189),(1094,null,80,101,293),(1095,null,297,197,5),(1096,null,307,129,160),(1097,null,68,291,484),(1098,null,130,95,61),(1099,null,257,39,47);

INSERT INTO jockeyponeycourse (id,date_arrive,id_jockey,id_poney,id_course) VALUES (1100,null,104,291,371),(1101,null,399,6,197),(1102,null,9,179,270),(1103,null,192,321,148),(1104,null,186,198,443),(1105,null,294,306,198),(1106,null,316,309,470),(1107,null,342,249,474),(1108,null,350,6,32),(1109,null,286,136,361);
INSERT INTO jockeyponeycourse (id,date_arrive,id_jockey,id_poney,id_course) VALUES (1110,null,82,101,278),(1111,null,90,142,41),(1112,null,135,260,29),(1113,null,169,368,319),(1114,null,233,38,135),(1115,null,384,221,355),(1116,null,227,217,275),(1117,null,213,284,194),(1118,null,270,201,174),(1119,null,114,293,42);
INSERT INTO jockeyponeycourse (id,date_arrive,id_jockey,id_poney,id_course) VALUES (1130,null,140,20,2),(1131,null,103,31,115),(1132,null,26,384,142),(1133,null,280,73,294),(1134,null,194,68,266),(1135,null,188,17,407),(1136,null,366,29,362),(1137,null,88,295,475),(1138,null,251,222,426),(1139,null,18,396,166);
INSERT INTO jockeyponeycourse (id,date_arrive,id_jockey,id_poney,id_course) VALUES (1140,null,167,366,448),(1141,null,235,151,364),(1142,null,200,111,54),(1143,null,392,394,477),(1144,null,190,360,46),(1145,null,232,190,482),(1146,null,177,394,140),(1147,null,60,131,231),(1148,null,192,157,110),(1149,null,306,351,419);
INSERT INTO jockeyponeycourse (id,date_arrive,id_jockey,id_poney,id_course) VALUES (1150,null,395,254,454),(1151,null,140,139,404),(1152,null,178,1,347),(1153,null,389,179,422),(1154,null,315,97,486),(1155,null,107,73,94),(1156,null,239,171,401),(1157,null,184,351,452),(1158,null,237,82,310),(1159,null,75,36,176);
INSERT INTO jockeyponeycourse (id,date_arrive,id_jockey,id_poney,id_course) VALUES (1160,null,340,362,81),(1161,null,322,35,432),(1162,null,47,250,357),(1163,null,317,93,295),(1164,null,64,380,365),(1165,null,186,34,449),(1166,null,349,306,185),(1167,null,198,388,191),(1168,null,187,377,454),(1169,null,330,159,332);
INSERT INTO jockeyponeycourse (id,date_arrive,id_jockey,id_poney,id_course) VALUES (1170,null,280,109,284),(1171,null,296,283,151),(1172,null,69,189,366),(1173,null,125,153,100),(1174,null,110,144,263),(1175,null,334,186,429),(1176,null,264,288,468),(1177,null,233,43,310),(1178,null,117,289,291),(1179,null,247,85,475);
INSERT INTO jockeyponeycourse (id,date_arrive,id_jockey,id_poney,id_course) VALUES (1180,null,107,276,25),(1181,null,272,150,179),(1182,null,211,114,210),(1183,null,316,167,367),(1184,null,196,393,100),(1185,null,223,229,174),(1186,null,367,37,239),(1187,null,187,11,241),(1188,null,216,310,102),(1189,null,119,158,307);
INSERT INTO jockeyponeycourse (id,date_arrive,id_jockey,id_poney,id_course) VALUES (1190,null,141,172,411),(1191,null,21,373,158),(1192,null,3,91,169),(1193,null,340,35,192),(1194,null,189,357,65),(1195,null,235,115,499),(1196,null,204,271,405),(1197,null,232,309,257),(1198,null,63,107,254),(1199,null,138,248,257);
