-- phpMyAdmin SQL Dump
-- version 4.8.5
-- https://www.phpmyadmin.net/
--
-- Hôte : 127.0.0.1:3306
-- Généré le :  mar. 28 jan. 2020 à 13:11
-- Version du serveur :  5.7.26
-- Version de PHP :  7.2.18

SET SQL_MODE = "NO_AUTO_VALUE_ON_ZERO";
SET AUTOCOMMIT = 0;
START TRANSACTION;
SET time_zone = "+00:00";


/*!40101 SET @OLD_CHARACTER_SET_CLIENT=@@CHARACTER_SET_CLIENT */;
/*!40101 SET @OLD_CHARACTER_SET_RESULTS=@@CHARACTER_SET_RESULTS */;
/*!40101 SET @OLD_COLLATION_CONNECTION=@@COLLATION_CONNECTION */;
/*!40101 SET NAMES utf8mb4 */;

--
-- Base de données :  `jockeyponey`
--

-- --------------------------------------------------------

--
-- Structure de la table `course`
--

DROP TABLE IF EXISTS `course`;
CREATE TABLE IF NOT EXISTS `course` (
  `id` bigint(20) UNSIGNED NOT NULL AUTO_INCREMENT,
  `start_course` datetime DEFAULT NULL,
  PRIMARY KEY (`id`)
) ENGINE=MyISAM AUTO_INCREMENT=501 DEFAULT CHARSET=latin1;

--
-- Déchargement des données de la table `course`
--

INSERT INTO `course` (`id`, `start_course`) VALUES
(1, '2019-02-24 19:37:39'),
(2, '2019-10-05 20:45:58'),
(3, '2019-12-16 18:59:39'),
(4, '2019-01-18 16:49:21'),
(5, '2018-09-24 12:35:58'),
(6, '2019-02-25 18:05:04'),
(7, '2018-10-21 16:37:26'),
(8, '2018-12-16 02:17:44'),
(9, '2019-03-23 06:42:31'),
(10, '2019-01-03 02:37:52'),
(11, '2018-12-23 05:28:12'),
(12, '2018-11-28 10:46:25'),
(13, '2019-11-28 21:52:59'),
(14, '2019-09-30 03:36:14'),
(15, '2019-11-26 21:13:10'),
(16, '2019-11-26 22:36:39'),
(17, '2019-08-03 03:11:39'),
(18, '2019-11-24 03:20:05'),
(19, '2018-06-09 14:21:22'),
(20, '2018-06-05 06:40:57'),
(21, '2018-09-14 08:42:58'),
(22, '2019-07-08 09:14:14'),
(23, '2019-11-02 03:48:23'),
(24, '2018-11-22 23:04:13'),
(25, '2019-09-10 13:47:39'),
(26, '2018-07-27 03:34:02'),
(27, '2018-11-06 23:35:56'),
(28, '2019-12-22 12:21:49'),
(29, '2018-10-05 06:47:27'),
(30, '2019-03-21 01:36:03'),
(31, '2019-05-21 07:49:58'),
(32, '2018-05-31 22:30:18'),
(33, '2019-06-24 22:53:38'),
(34, '2018-12-10 13:55:59'),
(35, '2019-02-03 19:09:41'),
(36, '2019-08-23 23:19:27'),
(37, '2019-06-23 17:00:27'),
(38, '2019-10-17 14:59:56'),
(39, '2019-06-06 22:23:30'),
(40, '2019-06-08 19:54:16'),
(41, '2019-10-21 10:45:41'),
(42, '2018-09-25 15:28:25'),
(43, '2018-06-12 06:57:52'),
(44, '2019-06-03 15:50:03'),
(45, '2019-08-29 14:16:17'),
(46, '2018-06-14 22:11:59'),
(47, '2019-11-29 22:51:03'),
(48, '2018-10-15 13:20:01'),
(49, '2019-09-14 12:14:15'),
(50, '2018-04-28 19:13:13'),
(51, '2019-08-20 04:56:03'),
(52, '2019-05-05 06:29:02'),
(53, '2018-12-09 05:12:44'),
(54, '2018-09-05 20:22:49'),
(55, '2019-09-03 11:33:37'),
(56, '2019-07-11 07:56:52'),
(57, '2019-08-16 19:05:51'),
(58, '2019-11-11 13:15:02'),
(59, '2018-07-15 06:48:58'),
(60, '2019-06-03 14:07:52'),
(61, '2019-11-13 09:56:36'),
(62, '2018-08-03 18:46:59'),
(63, '2019-10-28 09:19:31'),
(64, '2018-11-25 05:24:16'),
(65, '2019-08-25 02:43:55'),
(66, '2019-06-16 19:22:47'),
(67, '2018-11-09 23:19:54'),
(68, '2018-10-19 13:16:49'),
(69, '2018-05-19 19:11:11'),
(70, '2018-08-21 18:08:12'),
(71, '2019-08-02 05:40:12'),
(72, '2018-08-09 22:52:09'),
(73, '2019-10-22 14:54:06'),
(74, '2019-04-10 14:55:23'),
(75, '2019-02-03 16:50:53'),
(76, '2018-12-02 12:08:40'),
(77, '2018-11-11 03:30:36'),
(78, '2018-10-14 07:50:24'),
(79, '2019-10-29 16:03:21'),
(80, '2018-07-01 19:34:51'),
(81, '2019-04-05 15:20:50'),
(82, '2018-05-23 00:06:52'),
(83, '2019-09-06 17:36:17'),
(84, '2018-06-22 11:40:03'),
(85, '2019-03-16 21:25:04'),
(86, '2018-09-02 07:30:34'),
(87, '2019-01-16 12:41:29'),
(88, '2018-09-09 12:52:03'),
(89, '2018-12-16 04:36:50'),
(90, '2019-08-22 04:54:39'),
(91, '2018-12-07 23:46:37'),
(92, '2019-12-13 05:19:37'),
(93, '2019-07-18 22:40:36'),
(94, '2019-04-25 20:50:45'),
(95, '2019-01-08 03:47:37'),
(96, '2018-08-29 06:25:35'),
(97, '2019-07-13 04:24:29'),
(98, '2018-05-31 06:25:53'),
(99, '2019-07-24 19:08:21'),
(100, '2018-11-11 19:13:07'),
(101, '2019-01-02 15:38:37'),
(102, '2018-11-14 23:49:04'),
(103, '2019-08-09 05:39:41'),
(104, '2019-07-26 02:03:08'),
(105, '2018-07-13 07:12:46'),
(106, '2018-07-27 09:04:17'),
(107, '2019-02-28 02:53:19'),
(108, '2018-06-21 14:20:43'),
(109, '2019-02-21 19:02:47'),
(110, '2019-06-08 20:36:00'),
(111, '2019-11-17 03:05:41'),
(112, '2018-08-05 18:56:50'),
(113, '2019-09-05 20:03:00'),
(114, '2019-03-23 16:32:00'),
(115, '2019-09-27 04:35:48'),
(116, '2019-10-07 17:32:28'),
(117, '2018-02-10 12:31:01'),
(118, '2019-10-23 00:25:07'),
(119, '2019-10-05 21:22:54'),
(120, '2018-01-25 00:10:34'),
(121, '2018-03-07 06:15:29'),
(122, '2018-07-20 20:27:37'),
(123, '2019-05-18 12:28:27'),
(124, '2018-12-24 10:55:02'),
(125, '2019-07-02 07:36:31'),
(126, '2018-03-22 19:43:35'),
(127, '2019-02-13 19:36:15'),
(128, '2019-04-08 02:10:12'),
(129, '2018-11-23 02:32:30'),
(130, '2019-03-19 08:40:02'),
(131, '2018-04-04 20:04:37'),
(132, '2018-04-11 10:08:12'),
(133, '2018-11-28 14:59:19'),
(134, '2018-08-01 03:21:11'),
(135, '2019-04-07 00:05:03'),
(136, '2018-09-09 10:08:09'),
(137, '2019-04-20 12:44:34'),
(138, '2019-01-19 03:57:07'),
(139, '2019-10-04 17:43:10'),
(140, '2018-03-11 21:10:37'),
(141, '2018-12-01 09:14:41'),
(142, '2018-10-14 22:30:25'),
(143, '2018-06-10 06:21:52'),
(144, '2018-05-17 15:32:19'),
(145, '2019-11-22 08:39:18'),
(146, '2018-01-07 04:35:50'),
(147, '2019-04-17 04:19:56'),
(148, '2019-01-05 16:13:58'),
(149, '2018-10-05 05:23:17'),
(150, '2018-09-09 14:30:59'),
(151, '2019-10-15 04:03:55'),
(152, '2018-08-11 05:45:45'),
(153, '2018-08-10 01:45:52'),
(154, '2019-12-28 05:32:54'),
(155, '2018-11-10 23:25:17'),
(156, '2018-02-15 16:07:40'),
(157, '2019-05-10 12:39:25'),
(158, '2019-10-24 20:54:13'),
(159, '2018-08-01 20:38:07'),
(160, '2019-05-29 22:21:26'),
(161, '2019-01-08 03:15:58'),
(162, '2018-06-05 01:39:27'),
(163, '2019-05-25 13:04:46'),
(164, '2018-07-05 21:19:29'),
(165, '2019-06-25 20:14:59'),
(166, '2019-06-16 21:35:36'),
(167, '2018-01-04 07:21:21'),
(168, '2018-01-25 18:59:35'),
(169, '2018-04-30 02:38:48'),
(170, '2019-09-27 04:27:45'),
(171, '2018-12-20 06:00:29'),
(172, '2018-02-03 21:24:49'),
(173, '2019-05-04 23:10:28'),
(174, '2018-11-18 04:07:33'),
(175, '2018-01-16 01:34:20'),
(176, '2019-04-08 05:33:01'),
(177, '2019-01-04 22:25:15'),
(178, '2019-08-07 00:06:38'),
(179, '2019-08-26 05:01:22'),
(180, '2019-08-25 18:50:28'),
(181, '2019-02-28 03:21:05'),
(182, '2019-12-30 23:07:31'),
(183, '2019-08-11 10:54:01'),
(184, '2019-08-28 01:59:05'),
(185, '2019-11-30 09:27:50'),
(186, '2019-05-27 06:39:04'),
(187, '2019-12-07 01:22:09'),
(188, '2019-02-23 18:42:32'),
(189, '2018-10-16 12:27:31'),
(190, '2018-01-04 23:51:04'),
(191, '2018-07-24 22:43:13'),
(192, '2018-08-11 07:24:02'),
(193, '2019-03-06 10:04:24'),
(194, '2019-03-31 15:48:25'),
(195, '2018-01-03 12:47:06'),
(196, '2019-12-17 15:23:42'),
(197, '2018-08-26 22:19:21'),
(198, '2019-02-10 00:58:33'),
(199, '2018-08-04 00:20:52'),
(200, '2018-08-29 13:38:52'),
(201, '2019-06-24 06:48:16'),
(202, '2019-07-05 15:15:46'),
(203, '2020-03-18 12:09:34'),
(204, '2019-12-13 12:59:17'),
(205, '2020-09-08 18:23:53'),
(206, '2019-09-03 00:40:04'),
(207, '2019-09-19 06:31:34'),
(208, '2018-07-05 08:33:06'),
(209, '2020-01-05 01:33:02'),
(210, '2018-07-04 23:12:05'),
(211, '2019-02-21 16:49:19'),
(212, '2018-10-22 00:57:35'),
(213, '2018-12-11 22:40:51'),
(214, '2018-07-09 01:27:56'),
(215, '2018-07-29 03:45:06'),
(216, '2020-12-27 11:36:47'),
(217, '2019-09-25 17:36:23'),
(218, '2019-05-21 00:42:19'),
(219, '2019-11-20 22:55:08'),
(220, '2020-09-24 20:42:15'),
(221, '2018-10-15 10:44:08'),
(222, '2019-08-13 10:47:38'),
(223, '2018-11-14 04:57:29'),
(224, '2019-03-17 03:54:53'),
(225, '2020-12-15 06:49:49'),
(226, '2020-11-30 03:35:34'),
(227, '2020-10-15 22:56:14'),
(228, '2020-10-23 15:18:43'),
(229, '2020-07-01 21:45:38'),
(230, '2019-07-24 14:27:57'),
(231, '2019-01-07 19:04:44'),
(232, '2019-11-23 10:41:14'),
(233, '2018-09-01 02:51:13'),
(234, '2019-07-27 14:38:53'),
(235, '2018-02-01 02:35:33'),
(236, '2018-10-26 08:03:26'),
(237, '2020-07-25 12:39:14'),
(238, '2020-07-29 07:08:37'),
(239, '2019-08-17 23:20:05'),
(240, '2020-12-12 00:50:38'),
(241, '2019-09-29 16:54:33'),
(242, '2019-04-15 11:29:22'),
(243, '2018-10-25 15:17:47'),
(244, '2018-04-16 13:55:58'),
(245, '2018-10-28 18:13:12'),
(246, '2018-09-02 04:33:32'),
(247, '2020-02-23 06:31:25'),
(248, '2019-05-30 19:04:33'),
(249, '2020-12-05 15:43:11'),
(250, '2019-03-18 21:58:24'),
(251, '2018-02-28 19:44:48'),
(252, '2019-04-12 08:56:15'),
(253, '2020-12-25 22:43:21'),
(254, '2020-09-25 20:57:38'),
(255, '2020-01-01 22:45:53'),
(256, '2020-01-07 00:39:17'),
(257, '2018-03-26 13:50:15'),
(258, '2018-12-22 09:31:11'),
(259, '2018-11-01 11:47:54'),
(260, '2019-11-02 11:47:02'),
(261, '2020-11-15 14:01:42'),
(262, '2018-04-30 15:28:48'),
(263, '2019-11-10 01:46:51'),
(264, '2020-12-30 07:09:51'),
(265, '2018-05-06 20:59:05'),
(266, '2018-09-30 07:46:38'),
(267, '2019-11-13 19:49:50'),
(268, '2018-12-22 16:10:54'),
(269, '2019-09-16 16:11:22'),
(270, '2019-03-03 15:19:29'),
(271, '2019-12-20 08:32:48'),
(272, '2018-07-03 02:20:35'),
(273, '2020-10-05 02:28:51'),
(274, '2018-08-07 07:07:35'),
(275, '2018-06-27 02:33:39'),
(276, '2020-06-30 18:07:34'),
(277, '2018-03-19 20:26:00'),
(278, '2020-12-16 02:58:54'),
(279, '2018-07-20 01:31:12'),
(280, '2020-05-10 10:26:56'),
(281, '2019-04-13 13:39:30'),
(282, '2019-03-07 05:39:10'),
(283, '2020-06-21 03:43:11'),
(284, '2018-06-01 18:15:00'),
(285, '2019-07-23 23:25:39'),
(286, '2019-08-03 20:47:15'),
(287, '2020-09-08 10:48:10'),
(288, '2020-05-24 06:01:14'),
(289, '2019-01-03 18:27:39'),
(290, '2018-12-13 00:43:17'),
(291, '2020-12-04 13:30:37'),
(292, '2020-02-02 09:13:39'),
(293, '2018-04-27 12:22:27'),
(294, '2020-05-14 16:40:24'),
(295, '2018-06-11 08:54:53'),
(296, '2018-02-16 21:35:12'),
(297, '2020-09-11 23:12:20'),
(298, '2020-07-23 17:46:56'),
(299, '2018-09-11 18:08:05'),
(300, '2019-11-30 00:15:27'),
(301, '2019-11-20 00:46:33'),
(302, '2019-05-06 15:51:15'),
(303, '2020-08-07 07:36:48'),
(304, '2018-06-19 20:30:03'),
(305, '2019-10-20 00:34:34'),
(306, '2019-03-21 08:20:02'),
(307, '2020-06-10 10:47:24'),
(308, '2019-03-28 13:23:26'),
(309, '2018-05-10 04:04:21'),
(310, '2018-05-07 16:45:09'),
(311, '2019-06-12 08:52:29'),
(312, '2019-08-05 14:56:40'),
(313, '2019-05-18 22:45:16'),
(314, '2020-01-16 18:52:34'),
(315, '2020-12-22 13:27:22'),
(316, '2020-04-03 21:44:20'),
(317, '2020-06-19 12:43:51'),
(318, '2020-09-09 07:16:31'),
(319, '2018-04-04 19:08:43'),
(320, '2019-11-29 12:24:35'),
(321, '2020-08-20 01:34:25'),
(322, '2020-05-27 20:11:26'),
(323, '2019-03-24 21:56:53'),
(324, '2018-07-19 12:05:20'),
(325, '2020-01-14 12:19:13'),
(326, '2018-11-10 04:26:03'),
(327, '2020-01-28 21:50:36'),
(328, '2019-04-27 20:38:47'),
(329, '2019-03-25 16:00:24'),
(330, '2020-12-15 02:08:26'),
(331, '2020-09-08 21:27:30'),
(332, '2020-08-18 05:28:50'),
(333, '2019-08-29 21:03:41'),
(334, '2020-11-15 09:34:18'),
(335, '2019-07-10 15:21:19'),
(336, '2020-05-23 10:47:23'),
(337, '2019-04-30 12:06:46'),
(338, '2019-06-04 09:56:15'),
(339, '2019-10-03 18:47:53'),
(340, '2019-07-07 16:54:51'),
(341, '2019-10-28 22:42:16'),
(342, '2019-04-25 11:43:54'),
(343, '2019-09-21 01:19:31'),
(344, '2020-04-13 21:41:33'),
(345, '2019-05-23 04:48:27'),
(346, '2020-02-05 08:04:16'),
(347, '2019-03-30 06:19:57'),
(348, '2019-07-28 01:03:28'),
(349, '2019-05-28 01:40:10'),
(350, '2020-02-17 23:27:42'),
(351, '2019-02-07 12:54:07'),
(352, '2019-11-15 02:20:59'),
(353, '2020-02-25 06:38:16'),
(354, '2020-03-06 02:17:17'),
(355, '2020-11-03 09:26:55'),
(356, '2019-03-21 17:51:39'),
(357, '2020-03-01 21:36:41'),
(358, '2019-07-30 15:06:20'),
(359, '2020-08-11 11:30:53'),
(360, '2020-02-25 02:45:52'),
(361, '2019-01-01 02:08:10'),
(362, '2018-10-03 11:41:51'),
(363, '2018-12-20 21:07:55'),
(364, '2020-07-21 20:29:21'),
(365, '2019-08-09 06:36:12'),
(366, '2018-11-25 04:27:14'),
(367, '2019-08-31 14:14:43'),
(368, '2019-05-11 01:12:52'),
(369, '2019-12-04 07:05:50'),
(370, '2019-03-20 01:23:26'),
(371, '2019-07-10 04:48:55'),
(372, '2019-07-18 08:57:23'),
(373, '2018-07-08 20:56:21'),
(374, '2019-11-13 18:19:16'),
(375, '2018-10-02 19:12:45'),
(376, '2019-09-03 18:57:45'),
(377, '2020-09-21 18:13:33'),
(378, '2019-04-09 07:13:17'),
(379, '2020-01-01 15:39:09'),
(380, '2018-08-11 13:40:59'),
(381, '2020-07-25 00:07:58'),
(382, '2019-07-06 23:49:30'),
(383, '2020-07-12 09:40:32'),
(384, '2020-05-16 17:02:42'),
(385, '2020-01-13 01:04:03'),
(386, '2018-05-23 23:43:21'),
(387, '2018-11-26 10:56:04'),
(388, '2020-02-17 19:35:24'),
(389, '2019-03-22 04:25:23'),
(390, '2019-10-08 04:03:54'),
(391, '2018-11-30 21:45:22'),
(392, '2020-05-12 01:59:35'),
(393, '2020-08-03 20:14:51'),
(394, '2018-06-08 21:12:16'),
(395, '2019-01-08 09:53:25'),
(396, '2020-07-09 11:58:20'),
(397, '2020-11-07 09:51:07'),
(398, '2020-09-08 20:46:06'),
(399, '2020-04-28 03:35:40'),
(400, '2018-07-13 09:44:40'),
(401, '2020-05-13 22:36:50'),
(402, '2019-07-19 12:10:11'),
(403, '2019-05-31 23:46:12'),
(404, '2020-02-24 07:39:22'),
(405, '2018-09-17 05:00:29'),
(406, '2020-02-12 20:00:53'),
(407, '2020-10-30 23:51:12'),
(408, '2019-04-02 00:14:55'),
(409, '2020-03-27 09:59:37'),
(410, '2019-04-19 16:26:45'),
(411, '2020-02-29 02:12:27'),
(412, '2018-04-16 13:46:47'),
(413, '2018-04-06 11:55:06'),
(414, '2019-04-11 22:00:42'),
(415, '2019-05-30 07:32:05'),
(416, '2018-12-04 10:34:39'),
(417, '2020-11-26 22:53:56'),
(418, '2018-10-19 12:31:41'),
(419, '2020-01-04 20:32:05'),
(420, '2020-04-20 15:11:41'),
(421, '2019-04-10 06:14:51'),
(422, '2019-03-03 05:11:17'),
(423, '2018-08-09 08:17:23'),
(424, '2018-11-14 12:29:41'),
(425, '2020-07-31 09:03:03'),
(426, '2018-01-31 08:43:44'),
(427, '2019-10-15 08:12:53'),
(428, '2020-02-23 01:59:49'),
(429, '2020-06-01 23:05:56'),
(430, '2018-07-08 11:41:20'),
(431, '2020-10-23 04:01:29'),
(432, '2019-10-14 16:44:48'),
(433, '2018-02-16 15:36:13'),
(434, '2018-03-08 02:28:56'),
(435, '2019-07-03 09:28:19'),
(436, '2019-04-06 20:14:38'),
(437, '2019-05-01 07:23:12'),
(438, '2018-04-20 18:47:38'),
(439, '2019-10-01 20:50:24'),
(440, '2018-10-09 00:32:47'),
(441, '2020-12-04 00:27:02'),
(442, '2019-01-05 11:00:24'),
(443, '2020-11-14 04:38:48'),
(444, '2019-04-24 22:11:00'),
(445, '2019-10-02 01:49:45'),
(446, '2020-02-19 19:40:38'),
(447, '2020-07-04 18:36:11'),
(448, '2018-07-19 19:04:37'),
(449, '2020-11-18 19:05:01'),
(450, '2018-03-07 02:34:34'),
(451, '2018-07-18 14:02:02'),
(452, '2018-03-07 07:52:22'),
(453, '2019-10-21 00:39:30'),
(454, '2020-05-23 11:58:43'),
(455, '2019-07-02 08:25:07'),
(456, '2018-06-08 22:28:39'),
(457, '2020-11-08 14:18:01'),
(458, '2018-10-28 06:10:03'),
(459, '2019-08-03 15:22:52'),
(460, '2019-07-26 15:17:49'),
(461, '2020-01-09 11:53:15'),
(462, '2018-11-10 07:12:32'),
(463, '2019-09-18 14:34:55'),
(464, '2019-02-16 18:20:26'),
(465, '2020-08-25 16:33:08'),
(466, '2019-06-14 04:45:37'),
(467, '2020-08-23 19:20:53'),
(468, '2020-10-05 21:35:08'),
(469, '2020-10-06 02:54:04'),
(470, '2018-12-27 19:21:03'),
(471, '2019-08-24 23:55:44'),
(472, '2020-10-22 03:41:21'),
(473, '2019-06-10 10:39:10'),
(474, '2018-04-17 11:06:51'),
(475, '2020-02-03 11:59:26'),
(476, '2019-05-14 20:25:23'),
(477, '2018-11-22 14:13:01'),
(478, '2019-06-09 20:00:37'),
(479, '2019-04-08 19:31:43'),
(480, '2020-05-09 20:53:08'),
(481, '2018-06-04 10:53:29'),
(482, '2018-05-10 11:32:32'),
(483, '2018-01-18 14:23:09'),
(484, '2020-09-21 12:35:45'),
(485, '2019-09-25 20:31:51'),
(486, '2020-01-04 08:46:37'),
(487, '2018-06-03 21:00:16'),
(488, '2019-05-03 06:22:13'),
(489, '2020-10-16 12:28:53'),
(490, '2020-11-07 10:48:14'),
(491, '2019-04-25 13:53:55'),
(492, '2018-01-31 01:09:29'),
(493, '2018-03-13 01:29:26'),
(494, '2019-05-12 06:20:19'),
(495, '2018-06-22 23:55:56'),
(496, '2020-02-14 12:25:12'),
(497, '2019-08-26 10:28:41'),
(498, '2020-07-12 07:25:30'),
(499, '2019-06-17 01:12:25'),
(500, '2019-12-20 07:13:51');

-- --------------------------------------------------------

--
-- Structure de la table `jockey`
--

DROP TABLE IF EXISTS `jockey`;
CREATE TABLE IF NOT EXISTS `jockey` (
  `id` bigint(20) UNSIGNED NOT NULL AUTO_INCREMENT,
  `prenom` varchar(50) DEFAULT NULL,
  `nom` varchar(50) DEFAULT NULL,
  PRIMARY KEY (`id`)
) ENGINE=MyISAM AUTO_INCREMENT=401 DEFAULT CHARSET=latin1;

--
-- Déchargement des données de la table `jockey`
--

INSERT INTO `jockey` (`id`, `prenom`, `nom`) VALUES
(1, 'Tiger', 'Duffy'),
(2, 'Hayfa', 'Pace'),
(3, 'Cole', 'Christensen'),
(4, 'Zachary', 'Sargent'),
(5, 'Samantha', 'Singleton'),
(6, 'Buckminster', 'Chavez'),
(7, 'Ivan', 'Hancock'),
(8, 'Dexter', 'Stone'),
(9, 'Eleanor', 'Weeks'),
(10, 'Maggie', 'Cameron'),
(11, 'Faith', 'Hays'),
(12, 'Knox', 'Spencer'),
(13, 'Kevin', 'Ferguson'),
(14, 'Freya', 'Graham'),
(15, 'Ginger', 'Mooney'),
(16, 'Yolanda', 'Johnston'),
(17, 'Brody', 'Lawson'),
(18, 'Herrod', 'Conrad'),
(19, 'Vivien', 'Delaney'),
(20, 'Lael', 'Huber'),
(21, 'Edward', 'Shepard'),
(22, 'Kaseem', 'Livingston'),
(23, 'Quinlan', 'Morrison'),
(24, 'Gail', 'Rivera'),
(25, 'Cassady', 'Odom'),
(26, 'Shannon', 'Bender'),
(27, 'Barclay', 'Cortez'),
(28, 'Maite', 'Hines'),
(29, 'Aidan', 'Dotson'),
(30, 'Hermione', 'Leon'),
(31, 'Ruth', 'Martinez'),
(32, 'Marny', 'Knowles'),
(33, 'Gail', 'Mcfadden'),
(34, 'Dante', 'Bolton'),
(35, 'Kelly', 'Walls'),
(36, 'Maisie', 'Goodman'),
(37, 'Imani', 'Bowen'),
(38, 'Isabella', 'Randolph'),
(39, 'Xantha', 'Mcneil'),
(40, 'Valentine', 'Parsons'),
(41, 'Taylor', 'Landry'),
(42, 'Isabelle', 'Powers'),
(43, 'Nero', 'Golden'),
(44, 'Reuben', 'Barker'),
(45, 'Adrian', 'Gibbs'),
(46, 'Diana', 'Winters'),
(47, 'Hop', 'Edwards'),
(48, 'Isadora', 'Bryant'),
(49, 'Oliver', 'Valenzuela'),
(50, 'Hammett', 'Wallace'),
(51, 'Vladimir', 'Stanton'),
(52, 'Simon', 'Hartman'),
(53, 'Charlotte', 'Blevins'),
(54, 'Mason', 'Bentley'),
(55, 'Stephen', 'Copeland'),
(56, 'Willa', 'Barrett'),
(57, 'Alea', 'Lee'),
(58, 'Vladimir', 'Salinas'),
(59, 'Josiah', 'Hurley'),
(60, 'Indira', 'King'),
(61, 'Alma', 'Tate'),
(62, 'Christopher', 'Wise'),
(63, 'Joel', 'Martin'),
(64, 'Octavius', 'Bryan'),
(65, 'Brandon', 'Holden'),
(66, 'Hillary', 'Freeman'),
(67, 'Maxwell', 'Lott'),
(68, 'Xavier', 'Garrison'),
(69, 'Brady', 'Lawson'),
(70, 'Trevor', 'Garrison'),
(71, 'Mercedes', 'Maxwell'),
(72, 'Hillary', 'Harrell'),
(73, 'Odette', 'Garner'),
(74, 'Aretha', 'Houston'),
(75, 'Samuel', 'Ratliff'),
(76, 'Oren', 'Patterson'),
(77, 'Madison', 'Whitaker'),
(78, 'Brooke', 'Carr'),
(79, 'Daria', 'Finley'),
(80, 'Megan', 'Livingston'),
(81, 'Acton', 'Lambert'),
(82, 'September', 'Dennis'),
(83, 'Len', 'Malone'),
(84, 'Ralph', 'Mccormick'),
(85, 'Jordan', 'Beard'),
(86, 'Dylan', 'Hamilton'),
(87, 'Nora', 'Branch'),
(88, 'Mikayla', 'Roth'),
(89, 'Christian', 'Leblanc'),
(90, 'Noble', 'Valencia'),
(91, 'Alyssa', 'Marks'),
(92, 'Madison', 'Mcintyre'),
(93, 'Alexander', 'Suarez'),
(94, 'Ginger', 'Oneal'),
(95, 'Cody', 'Vargas'),
(96, 'Ulric', 'Sampson'),
(97, 'Alyssa', 'Peck'),
(98, 'Merritt', 'Hammond'),
(99, 'Linus', 'Mercer'),
(0, 'Yeo', 'Mendoza'),
(101, 'Dillard', 'Halla'),
(102, 'Jimenez', 'Raja'),
(103, 'Sandoval', 'Jamalia'),
(104, 'Valencia', 'Zachery'),
(105, 'Cabrera', 'Kaitlin'),
(106, 'Camacho', 'Kelsie'),
(107, 'Rush', 'Sade'),
(108, 'Jarvis', 'Salvador'),
(109, 'Norton', 'Alea'),
(110, 'Daugherty', 'Ulla'),
(111, 'Mccarthy', 'Jennifer'),
(112, 'Cunningham', 'Xena'),
(113, 'Knox', 'Rogan'),
(114, 'Battle', 'Merritt'),
(115, 'Clark', 'Chastity'),
(116, 'Rich', 'Colette'),
(117, 'Navarro', 'Irma'),
(118, 'Atkinson', 'Sean'),
(119, 'Elliott', 'Dorothy'),
(120, 'Koch', 'Hu'),
(121, 'Everett', 'Cyrus'),
(122, 'Church', 'Cameran'),
(123, 'Dillard', 'Dalton'),
(124, 'Blevins', 'Gail'),
(125, 'Madden', 'Cody'),
(126, 'Mcdowell', 'Craig'),
(127, 'Gomez', 'Neve'),
(128, 'Franklin', 'Alma'),
(129, 'Henderson', 'Amir'),
(130, 'Goodwin', 'Marsden'),
(131, 'Guerra', 'Walker'),
(132, 'Solomon', 'Hector'),
(133, 'Meyers', 'Jacob'),
(134, 'Montgomery', 'Chloe'),
(135, 'Koch', 'Ainsley'),
(136, 'Kline', 'Lavinia'),
(137, 'Welch', 'Yuli'),
(138, 'Frost', 'Genevieve'),
(139, 'Mckay', 'Kenneth'),
(140, 'Harmon', 'Katell'),
(141, 'Nixon', 'Ruby'),
(142, 'Noel', 'Briar'),
(143, 'Barber', 'Octavia'),
(144, 'Chen', 'Ariana'),
(145, 'Manning', 'Inez'),
(146, 'Harmon', 'Alan'),
(147, 'Wong', 'Rina'),
(148, 'Hensley', 'Kane'),
(149, 'Conley', 'Odysseus'),
(150, 'Chase', 'Malik'),
(151, 'Stone', 'Joan'),
(152, 'Miller', 'Michael'),
(153, 'Maynard', 'Jacqueline'),
(154, 'Lester', 'Charity'),
(155, 'Tyson', 'Timothy'),
(156, 'Gomez', 'Cooper'),
(157, 'Acevedo', 'Rhea'),
(158, 'Glover', 'Todd'),
(159, 'Spencer', 'Abigail'),
(160, 'Carlson', 'Jeremy'),
(161, 'Finch', 'Lara'),
(162, 'Conway', 'Audrey'),
(163, 'Mcleod', 'Ulla'),
(164, 'Dixon', 'Ila'),
(165, 'Joyner', 'Zahir'),
(166, 'Cain', 'Fulton'),
(167, 'Reese', 'Malachi'),
(168, 'Gilliam', 'Allegra'),
(169, 'Jennings', 'Winter'),
(170, 'Humphrey', 'Illiana'),
(171, 'Patton', 'Brennan'),
(172, 'Benson', 'Kerry'),
(173, 'Holden', 'Riley'),
(174, 'Sawyer', 'Kameko'),
(175, 'Berry', 'Ramona'),
(176, 'Shelton', 'Grady'),
(177, 'Lambert', 'Frances'),
(178, 'Barker', 'Cooper'),
(179, 'Pena', 'Clare'),
(180, 'Wolfe', 'Heidi'),
(181, 'Mcbride', 'Mohammad'),
(182, 'Lara', 'Azalia'),
(183, 'Lancaster', 'Reed'),
(184, 'Morse', 'Kitra'),
(185, 'Watson', 'Kerry'),
(186, 'Tucker', 'Uriel'),
(187, 'Berger', 'Plato'),
(188, 'Scott', 'September'),
(189, 'Burns', 'Kibo'),
(190, 'Farmer', 'Nita'),
(191, 'Frazier', 'Dillon'),
(192, 'Davidson', 'Liberty'),
(193, 'Williamson', 'Bethany'),
(194, 'Leach', 'Scott'),
(195, 'Kline', 'Gareth'),
(196, 'Alvarez', 'Whilemina'),
(197, 'Farrell', 'Eden'),
(198, 'Gallagher', 'Cody'),
(199, 'Horn', 'Lacy'),
(200, 'Curtis', 'Tatyana'),
(201, 'Hunter', 'Ramsey'),
(202, 'Julie', 'Alvarado'),
(203, 'Tashya', 'Hawkins'),
(204, 'Joan', 'Peterson'),
(205, 'Barrett', 'Best'),
(206, 'Leroy', 'Whitley'),
(207, 'Aurelia', 'Bray'),
(208, 'Kareem', 'Baxter'),
(209, 'Isabelle', 'Good'),
(210, 'Wylie', 'Cummings'),
(211, 'Christopher', 'Bryan'),
(212, 'Tanner', 'Russell'),
(213, 'Xandra', 'Boone'),
(214, 'Isadora', 'Mcdowell'),
(215, 'Hop', 'Caldwell'),
(216, 'Quamar', 'Fletcher'),
(217, 'Erin', 'French'),
(218, 'Aurora', 'Stevens'),
(219, 'Eden', 'Kirk'),
(220, 'Denton', 'Gill'),
(221, 'Ingrid', 'Collier'),
(222, 'Noel', 'Moses'),
(223, 'Erica', 'Hamilton'),
(224, 'Iona', 'Barton'),
(225, 'Tiger', 'Clark'),
(226, 'Cassidy', 'Mcmahon'),
(227, 'Nicholas', 'Hogan'),
(228, 'Riley', 'Robbins'),
(229, 'Adria', 'Jarvis'),
(230, 'Henry', 'Castillo'),
(231, 'Jana', 'Hopper'),
(232, 'Nehru', 'Jarvis'),
(233, 'Gabriel', 'Heath'),
(234, 'Lucas', 'Cortez'),
(235, 'Sawyer', 'Dickerson'),
(236, 'Eden', 'Hendrix'),
(237, 'Rooney', 'Duran'),
(238, 'Isaac', 'Ferrell'),
(239, 'Erin', 'Wooten'),
(240, 'Justine', 'Klein'),
(241, 'Aubrey', 'Edwards'),
(242, 'Devin', 'Ramos'),
(243, 'Brennan', 'Leon'),
(244, 'Phillip', 'Mathis'),
(245, 'Lionel', 'Sears'),
(246, 'Rafael', 'Rush'),
(247, 'Noah', 'Mendez'),
(248, 'Claudia', 'Mann'),
(249, 'Wade', 'Whitaker'),
(250, 'Jonah', 'Olson'),
(251, 'Wyoming', 'Mcmahon'),
(252, 'Wylie', 'Sykes'),
(253, 'Brooke', 'Dillard'),
(254, 'Pascale', 'Moss'),
(255, 'Kelly', 'Duncan'),
(256, 'Hayfa', 'Jacobson'),
(257, 'Rashad', 'Farmer'),
(258, 'Melanie', 'Goodwin'),
(259, 'Kitra', 'Delaney'),
(260, 'Leigh', 'Frederick'),
(261, 'Kiara', 'Coleman'),
(262, 'Kaden', 'Haynes'),
(263, 'Miriam', 'Butler'),
(264, 'Evelyn', 'Chavez'),
(265, 'Chastity', 'Blevins'),
(266, 'Aretha', 'Marquez'),
(267, 'August', 'Jimenez'),
(268, 'Cassady', 'Brooks'),
(269, 'Xena', 'Nielsen'),
(270, 'Ivy', 'Hodges'),
(271, 'Steel', 'Castaneda'),
(272, 'Alfreda', 'Atkinson'),
(273, 'Hu', 'French'),
(274, 'Ariana', 'Castro'),
(275, 'Colleen', 'Barlow'),
(276, 'Lacota', 'Flores'),
(277, 'Arden', 'Armstrong'),
(278, 'Dennis', 'Mcneil'),
(279, 'Leroy', 'Hull'),
(280, 'Cherokee', 'Weber'),
(281, 'Calvin', 'Prince'),
(282, 'Dorian', 'Olson'),
(283, 'Nadine', 'Sanchez'),
(284, 'Xavier', 'Dennis'),
(285, 'Marsden', 'Bray'),
(286, 'Blake', 'Mclaughlin'),
(287, 'Garrett', 'Carey'),
(288, 'Jane', 'Salinas'),
(289, 'Addison', 'Jennings'),
(290, 'Wyoming', 'Watkins'),
(291, 'Michael', 'Reeves'),
(292, 'Erasmus', 'Erickson'),
(293, 'Allistair', 'Haney'),
(294, 'Liberty', 'Buckner'),
(295, 'Lunea', 'Mosley'),
(296, 'Iola', 'Calderon'),
(297, 'Sydnee', 'Gay'),
(298, 'Garth', 'Copeland'),
(299, 'Burton', 'Rosa'),
(300, 'Nita', 'Henry'),
(301, 'Maile', 'Shields'),
(302, 'Brock', 'Sheppard'),
(303, 'Lance', 'Smith'),
(304, 'Camille', 'Hatfield'),
(305, 'Ivory', 'Small'),
(306, 'Harlan', 'Odom'),
(307, 'Kiona', 'Flores'),
(308, 'Linus', 'York'),
(309, 'Judith', 'Carver'),
(310, 'Nehru', 'Baxter'),
(311, 'Jack', 'Mosley'),
(312, 'Basia', 'Barker'),
(313, 'Prescott', 'Foreman'),
(314, 'Sheila', 'Cash'),
(315, 'Kelly', 'Lowe'),
(316, 'Damian', 'Chambers'),
(317, 'Iliana', 'Franks'),
(318, 'Beatrice', 'Howard'),
(319, 'Amethyst', 'Larsen'),
(320, 'Gabriel', 'Morin'),
(321, 'Ashton', 'Jimenez'),
(322, 'Nolan', 'Mayo'),
(323, 'Griffin', 'Richardson'),
(324, 'Shafira', 'Gillespie'),
(325, 'Hakeem', 'Nicholson'),
(326, 'David', 'Barker'),
(327, 'Mechelle', 'Moreno'),
(328, 'Ruth', 'Mercer'),
(329, 'Palmer', 'Williamson'),
(330, 'Kendall', 'Johns'),
(331, 'Sylvester', 'Velasquez'),
(332, 'Quinn', 'Wright'),
(333, 'Avye', 'Hammond'),
(334, 'Zephania', 'Buck'),
(335, 'Wylie', 'Perry'),
(336, 'Reuben', 'Lott'),
(337, 'Yoshi', 'Francis'),
(338, 'Julie', 'Osborn'),
(339, 'Kim', 'Farmer'),
(340, 'Marsden', 'Foster'),
(341, 'Xander', 'Henson'),
(342, 'Blythe', 'Coffey'),
(343, 'Eleanor', 'Livingston'),
(344, 'Mufutau', 'Davenport'),
(345, 'Lacota', 'Jackson'),
(346, 'Amery', 'Lang'),
(347, 'Kane', 'Cleveland'),
(348, 'Noelani', 'Pitts'),
(349, 'Sydney', 'Willis'),
(350, 'Ishmael', 'Chandler'),
(351, 'Rylee', 'Koch'),
(352, 'Aidan', 'Leach'),
(353, 'Simon', 'Horton'),
(354, 'Graiden', 'Porter'),
(355, 'Gareth', 'Solomon'),
(356, 'Cecilia', 'West'),
(357, 'Charles', 'Morrow'),
(358, 'Whoopi', 'Townsend'),
(359, 'Colby', 'Skinner'),
(360, 'Callie', 'Lowe'),
(361, 'Virginia', 'Reed'),
(362, 'Lunea', 'Rutledge'),
(363, 'Ciara', 'Schultz'),
(364, 'Brett', 'Hoffman'),
(365, 'Wallace', 'Rodriguez'),
(366, 'Dane', 'Bolton'),
(367, 'Azalia', 'Padilla'),
(368, 'Jasper', 'Bryant'),
(369, 'Kuame', 'Larson'),
(370, 'Elijah', 'Peters'),
(371, 'Oren', 'Phelps'),
(372, 'Julie', 'Bryant'),
(373, 'Caldwell', 'Terrell'),
(374, 'Damian', 'Jenkins'),
(375, 'Eve', 'Sawyer'),
(376, 'Rebecca', 'Dixon'),
(377, 'Ralph', 'Lindsey'),
(378, 'Boris', 'Hahn'),
(379, 'Raphael', 'Spence'),
(380, 'Debra', 'Powers'),
(381, 'Daryl', 'Horn'),
(382, 'Shaeleigh', 'Franks'),
(383, 'Xavier', 'Hahn'),
(384, 'Dexter', 'Stone'),
(385, 'Dane', 'Wyatt'),
(386, 'Nathan', 'Guzman'),
(387, 'Knox', 'Cervantes'),
(388, 'Raya', 'Donovan'),
(389, 'Tiger', 'Greene'),
(390, 'Kato', 'Cleveland'),
(391, 'Buffy', 'Cooke'),
(392, 'Hyacinth', 'Bond'),
(393, 'Lacota', 'Riggs'),
(394, 'Debra', 'Willis'),
(395, 'Sonia', 'Albert'),
(396, 'Brian', 'Hewitt'),
(397, 'Lucius', 'Wilkins'),
(398, 'Merritt', 'Foreman'),
(399, 'Felicia', 'Steele'),
(400, 'Whilemina', 'Macdonald');

-- --------------------------------------------------------

--
-- Structure de la table `jockeyponeycourse`
--

DROP TABLE IF EXISTS `jockeyponeycourse`;
CREATE TABLE IF NOT EXISTS `jockeyponeycourse` (
  `id` bigint(20) UNSIGNED NOT NULL AUTO_INCREMENT,
  `date_arrive` datetime DEFAULT NULL,
  `id_jockey` bigint(20) DEFAULT NULL,
  `id_poney` bigint(20) DEFAULT NULL,
  `id_course` bigint(20) DEFAULT NULL,
  PRIMARY KEY (`id`),
  KEY `id_jockey` (`id_jockey`),
  KEY `id_poney` (`id_poney`),
  KEY `id_course` (`id_course`)
) ENGINE=MyISAM AUTO_INCREMENT=1200 DEFAULT CHARSET=latin1;

--
-- Déchargement des données de la table `jockeyponeycourse`
--

INSERT INTO `jockeyponeycourse` (`id`, `date_arrive`, `id_jockey`, `id_poney`, `id_course`) VALUES
(1, NULL, 307, 89, 444),
(2, NULL, 393, 247, 432),
(3, NULL, 215, 304, 291),
(4, NULL, 12, 204, 237),
(5, NULL, 289, 38, 261),
(6, NULL, 340, 281, 150),
(7, NULL, 128, 171, 18),
(8, NULL, 24, 399, 289),
(9, NULL, 378, 153, 67),
(10, NULL, 276, 400, 444),
(11, NULL, 213, 357, 362),
(12, NULL, 151, 245, 353),
(13, NULL, 344, 111, 205),
(14, NULL, 331, 168, 486),
(15, NULL, 297, 51, 27),
(16, NULL, 373, 266, 400),
(17, NULL, 335, 263, 153),
(18, NULL, 74, 176, 200),
(19, NULL, 364, 364, 333),
(20, NULL, 17, 12, 495),
(21, NULL, 136, 321, 187),
(22, NULL, 25, 337, 407),
(23, NULL, 283, 75, 351),
(24, NULL, 236, 101, 143),
(25, NULL, 388, 311, 96),
(26, NULL, 240, 83, 144),
(27, NULL, 242, 109, 166),
(28, NULL, 313, 14, 458),
(29, NULL, 67, 246, 433),
(30, NULL, 122, 95, 58),
(31, NULL, 217, 205, 168),
(32, NULL, 71, 44, 423),
(33, NULL, 313, 217, 283),
(34, NULL, 195, 237, 182),
(35, NULL, 292, 279, 267),
(36, NULL, 236, 331, 362),
(37, NULL, 209, 348, 156),
(38, NULL, 281, 253, 160),
(39, NULL, 207, 93, 206),
(40, NULL, 188, 49, 432),
(41, NULL, 377, 75, 54),
(42, NULL, 68, 360, 416),
(43, NULL, 257, 269, 347),
(44, NULL, 118, 208, 387),
(45, NULL, 360, 284, 45),
(46, NULL, 34, 18, 47),
(47, NULL, 361, 133, 58),
(48, NULL, 112, 108, 88),
(49, NULL, 314, 109, 77),
(50, NULL, 63, 228, 224),
(51, NULL, 168, 365, 39),
(52, NULL, 313, 31, 386),
(53, NULL, 66, 315, 336),
(54, NULL, 149, 388, 132),
(55, NULL, 376, 50, 471),
(56, NULL, 240, 205, 463),
(57, NULL, 18, 106, 409),
(58, NULL, 181, 37, 205),
(59, NULL, 59, 210, 172),
(60, NULL, 330, 319, 391),
(61, NULL, 175, 388, 61),
(62, NULL, 176, 106, 377),
(63, NULL, 326, 393, 291),
(64, NULL, 203, 100, 179),
(65, NULL, 305, 385, 39),
(66, NULL, 251, 335, 48),
(67, NULL, 143, 183, 300),
(68, NULL, 304, 21, 328),
(69, NULL, 382, 333, 300),
(70, NULL, 49, 92, 323),
(71, NULL, 315, 64, 191),
(72, NULL, 136, 199, 468),
(73, NULL, 165, 317, 406),
(74, NULL, 303, 112, 492),
(75, NULL, 400, 384, 93),
(76, NULL, 374, 317, 323),
(77, NULL, 155, 395, 448),
(78, NULL, 41, 81, 52),
(79, NULL, 66, 110, 88),
(80, NULL, 244, 63, 334),
(81, NULL, 267, 358, 148),
(82, NULL, 186, 231, 158),
(83, NULL, 399, 289, 306),
(84, NULL, 278, 219, 278),
(85, NULL, 59, 47, 207),
(86, NULL, 344, 177, 326),
(87, NULL, 17, 121, 278),
(88, NULL, 326, 376, 436),
(89, NULL, 171, 183, 403),
(90, NULL, 62, 337, 297),
(100, NULL, 360, 8, 438),
(101, NULL, 60, 346, 117),
(102, NULL, 296, 287, 413),
(103, NULL, 293, 201, 191),
(104, NULL, 392, 75, 251),
(105, NULL, 77, 334, 471),
(106, NULL, 11, 6, 272),
(107, NULL, 94, 85, 174),
(108, NULL, 200, 298, 474),
(109, NULL, 293, 123, 38),
(110, NULL, 130, 97, 31),
(111, NULL, 138, 267, 430),
(112, NULL, 314, 230, 86),
(113, NULL, 226, 363, 36),
(114, NULL, 171, 35, 183),
(115, NULL, 66, 345, 235),
(116, NULL, 57, 156, 273),
(117, NULL, 69, 170, 314),
(118, NULL, 6, 215, 468),
(119, NULL, 234, 34, 119),
(120, NULL, 24, 290, 339),
(121, NULL, 121, 279, 35),
(122, NULL, 220, 254, 127),
(123, NULL, 246, 83, 224),
(124, NULL, 140, 180, 364),
(125, NULL, 186, 269, 5),
(126, NULL, 259, 256, 17),
(127, NULL, 376, 345, 70),
(128, NULL, 88, 299, 225),
(129, NULL, 157, 110, 308),
(130, NULL, 101, 30, 402),
(131, NULL, 228, 94, 127),
(132, NULL, 390, 105, 403),
(133, NULL, 165, 304, 65),
(134, NULL, 33, 68, 12),
(135, NULL, 45, 155, 92),
(136, NULL, 90, 217, 277),
(137, NULL, 13, 249, 213),
(138, NULL, 95, 360, 471),
(139, NULL, 348, 321, 162),
(140, NULL, 354, 208, 49),
(141, NULL, 258, 326, 352),
(142, NULL, 195, 387, 271),
(143, NULL, 229, 57, 297),
(144, NULL, 62, 313, 304),
(145, NULL, 81, 371, 376),
(146, NULL, 355, 200, 444),
(147, NULL, 307, 239, 362),
(148, NULL, 76, 398, 207),
(149, NULL, 327, 398, 161),
(150, NULL, 305, 8, 36),
(151, NULL, 300, 50, 178),
(152, NULL, 316, 337, 443),
(153, NULL, 327, 109, 20),
(154, NULL, 35, 23, 237),
(155, NULL, 288, 169, 429),
(156, NULL, 359, 141, 157),
(157, NULL, 149, 363, 50),
(158, NULL, 19, 117, 301),
(159, NULL, 112, 59, 471),
(160, NULL, 14, 381, 119),
(161, NULL, 316, 78, 474),
(162, NULL, 345, 31, 15),
(163, NULL, 268, 160, 77),
(164, NULL, 74, 357, 372),
(165, NULL, 197, 92, 421),
(166, NULL, 319, 170, 164),
(167, NULL, 298, 268, 455),
(168, NULL, 325, 8, 83),
(169, NULL, 247, 28, 274),
(170, NULL, 169, 320, 115),
(171, NULL, 112, 173, 7),
(172, NULL, 358, 208, 120),
(173, NULL, 43, 224, 91),
(174, NULL, 342, 32, 17),
(175, NULL, 216, 172, 306),
(176, NULL, 82, 84, 456),
(177, NULL, 333, 89, 215),
(178, NULL, 194, 141, 194),
(179, NULL, 126, 142, 306),
(180, NULL, 152, 375, 18),
(181, NULL, 382, 247, 291),
(182, NULL, 237, 346, 298),
(183, NULL, 182, 391, 130),
(184, NULL, 129, 208, 295),
(185, NULL, 236, 63, 113),
(186, NULL, 325, 298, 441),
(187, NULL, 126, 262, 262),
(188, NULL, 98, 9, 159),
(189, NULL, 71, 129, 113),
(190, NULL, 24, 370, 485),
(191, NULL, 41, 73, 27),
(192, NULL, 101, 379, 419),
(193, NULL, 392, 223, 125),
(194, NULL, 342, 102, 294),
(195, NULL, 394, 261, 187),
(196, NULL, 392, 82, 182),
(197, NULL, 89, 7, 433),
(198, NULL, 375, 400, 185),
(199, NULL, 70, 186, 496),
(200, NULL, 119, 386, 415),
(201, NULL, 110, 50, 74),
(202, NULL, 83, 105, 395),
(203, NULL, 25, 383, 303),
(204, NULL, 287, 90, 493),
(205, NULL, 227, 118, 478),
(206, NULL, 186, 53, 41),
(207, NULL, 274, 24, 466),
(208, NULL, 87, 284, 14),
(209, NULL, 372, 341, 9),
(210, NULL, 340, 173, 389),
(211, NULL, 331, 266, 185),
(212, NULL, 327, 183, 52),
(213, NULL, 120, 39, 434),
(214, NULL, 348, 375, 450),
(215, NULL, 383, 94, 249),
(216, NULL, 319, 58, 354),
(217, NULL, 81, 242, 81),
(218, NULL, 250, 359, 60),
(219, NULL, 45, 306, 54),
(220, NULL, 138, 13, 103),
(221, NULL, 354, 250, 261),
(222, NULL, 36, 269, 45),
(223, NULL, 43, 6, 452),
(224, NULL, 101, 322, 466),
(225, NULL, 178, 218, 45),
(226, NULL, 60, 102, 430),
(227, NULL, 244, 371, 351),
(228, NULL, 30, 210, 339),
(229, NULL, 222, 140, 379),
(230, NULL, 212, 311, 17),
(231, NULL, 96, 60, 98),
(232, NULL, 259, 29, 224),
(233, NULL, 239, 343, 434),
(234, NULL, 76, 303, 411),
(235, NULL, 206, 64, 346),
(236, NULL, 339, 183, 355),
(237, NULL, 75, 181, 50),
(238, NULL, 323, 29, 347),
(239, NULL, 38, 221, 181),
(240, NULL, 223, 32, 251),
(241, NULL, 91, 182, 176),
(242, NULL, 31, 41, 216),
(243, NULL, 367, 118, 430),
(244, NULL, 144, 164, 272),
(245, NULL, 45, 235, 273),
(246, NULL, 128, 118, 454),
(247, NULL, 138, 300, 459),
(248, NULL, 96, 363, 414),
(249, NULL, 86, 352, 177),
(250, NULL, 107, 69, 300),
(251, NULL, 97, 145, 481),
(252, NULL, 220, 10, 39),
(253, NULL, 364, 345, 157),
(254, NULL, 224, 155, 308),
(255, NULL, 79, 35, 193),
(256, NULL, 218, 168, 169),
(257, NULL, 323, 183, 51),
(258, NULL, 303, 304, 436),
(259, NULL, 219, 169, 476),
(260, NULL, 233, 157, 422),
(261, NULL, 340, 131, 254),
(262, NULL, 226, 136, 378),
(263, NULL, 78, 187, 3),
(264, NULL, 239, 122, 46),
(265, NULL, 122, 110, 84),
(266, NULL, 236, 299, 311),
(267, NULL, 310, 378, 11),
(268, NULL, 265, 55, 474),
(269, NULL, 374, 97, 439),
(270, NULL, 350, 128, 178),
(271, NULL, 237, 310, 138),
(272, NULL, 3, 60, 8),
(273, NULL, 20, 369, 321),
(274, NULL, 245, 26, 329),
(275, NULL, 350, 68, 17),
(276, NULL, 170, 247, 39),
(277, NULL, 361, 344, 85),
(278, NULL, 19, 13, 8),
(279, NULL, 320, 290, 20),
(280, NULL, 181, 4, 278),
(281, NULL, 63, 238, 256),
(282, NULL, 63, 96, 247),
(283, NULL, 294, 339, 239),
(284, NULL, 301, 363, 66),
(285, NULL, 300, 274, 372),
(286, NULL, 223, 209, 98),
(287, NULL, 207, 287, 228),
(288, NULL, 252, 142, 70),
(289, NULL, 140, 387, 396),
(290, NULL, 66, 223, 192),
(291, NULL, 357, 347, 149),
(292, NULL, 292, 184, 302),
(293, NULL, 205, 300, 16),
(294, NULL, 166, 214, 165),
(295, NULL, 384, 267, 36),
(296, NULL, 206, 242, 497),
(297, NULL, 256, 358, 420),
(298, NULL, 167, 180, 363),
(299, NULL, 244, 107, 159),
(300, NULL, 374, 165, 265),
(301, NULL, 127, 28, 368),
(302, NULL, 60, 276, 271),
(303, NULL, 55, 1, 134),
(304, NULL, 270, 64, 371),
(305, NULL, 332, 47, 484),
(306, NULL, 89, 23, 355),
(307, NULL, 261, 22, 61),
(308, NULL, 154, 170, 58),
(309, NULL, 360, 356, 208),
(310, NULL, 393, 84, 188),
(311, NULL, 154, 142, 112),
(312, NULL, 274, 338, 323),
(313, NULL, 365, 283, 38),
(314, NULL, 143, 297, 6),
(315, NULL, 129, 177, 274),
(316, NULL, 273, 35, 106),
(317, NULL, 327, 38, 471),
(318, NULL, 267, 384, 288),
(319, NULL, 127, 138, 292),
(320, NULL, 4, 336, 328),
(321, NULL, 83, 69, 356),
(322, NULL, 81, 138, 58),
(323, NULL, 248, 236, 199),
(324, NULL, 173, 164, 27),
(325, NULL, 171, 239, 250),
(326, NULL, 182, 172, 425),
(327, NULL, 251, 261, 22),
(328, NULL, 374, 383, 393),
(329, NULL, 16, 171, 91),
(330, NULL, 237, 386, 489),
(331, NULL, 22, 188, 420),
(332, NULL, 216, 396, 307),
(333, NULL, 212, 259, 81),
(334, NULL, 94, 285, 334),
(335, NULL, 193, 58, 254),
(336, NULL, 211, 12, 329),
(337, NULL, 4, 379, 241),
(338, NULL, 361, 162, 356),
(339, NULL, 297, 37, 280),
(340, NULL, 147, 376, 86),
(341, NULL, 345, 105, 86),
(342, NULL, 22, 95, 233),
(343, NULL, 88, 150, 255),
(344, NULL, 67, 397, 392),
(345, NULL, 386, 149, 385),
(346, NULL, 147, 389, 243),
(347, NULL, 345, 398, 455),
(348, NULL, 26, 290, 182),
(349, NULL, 347, 250, 411),
(350, NULL, 66, 22, 64),
(351, NULL, 113, 19, 331),
(352, NULL, 1, 297, 442),
(353, NULL, 59, 67, 184),
(354, NULL, 348, 272, 91),
(355, NULL, 97, 356, 13),
(356, NULL, 374, 102, 95),
(357, NULL, 371, 119, 193),
(358, NULL, 197, 211, 223),
(359, NULL, 31, 4, 398),
(360, NULL, 124, 375, 311),
(361, NULL, 123, 186, 310),
(362, NULL, 175, 202, 280),
(363, NULL, 369, 387, 169),
(364, NULL, 364, 83, 100),
(365, NULL, 152, 399, 384),
(366, NULL, 183, 60, 38),
(367, NULL, 180, 354, 460),
(368, NULL, 108, 58, 361),
(369, NULL, 163, 145, 31),
(370, NULL, 350, 368, 427),
(371, NULL, 267, 56, 218),
(372, NULL, 231, 144, 411),
(373, NULL, 247, 280, 242),
(374, NULL, 83, 164, 439),
(375, NULL, 223, 258, 200),
(376, NULL, 332, 219, 445),
(377, NULL, 86, 389, 438),
(378, NULL, 315, 130, 143),
(379, NULL, 3, 118, 318),
(380, NULL, 1, 249, 342),
(381, NULL, 305, 235, 108),
(382, NULL, 190, 3, 190),
(383, NULL, 126, 170, 434),
(384, NULL, 286, 60, 305),
(385, NULL, 266, 1, 269),
(386, NULL, 64, 45, 214),
(387, NULL, 7, 21, 240),
(388, NULL, 268, 282, 175),
(389, NULL, 181, 253, 339),
(390, NULL, 53, 394, 397),
(391, NULL, 3, 399, 300),
(392, NULL, 362, 184, 244),
(393, NULL, 113, 116, 412),
(394, NULL, 253, 86, 448),
(395, NULL, 268, 209, 442),
(396, NULL, 203, 396, 429),
(397, NULL, 42, 160, 400),
(398, NULL, 129, 106, 112),
(399, NULL, 147, 127, 444),
(400, NULL, 192, 161, 126),
(401, NULL, 288, 260, 466),
(402, NULL, 172, 335, 203),
(403, NULL, 361, 223, 194),
(404, NULL, 191, 88, 144),
(405, NULL, 200, 146, 274),
(406, NULL, 118, 140, 500),
(407, NULL, 107, 99, 180),
(408, NULL, 213, 59, 57),
(409, NULL, 144, 289, 276),
(410, NULL, 94, 229, 44),
(411, NULL, 82, 184, 268),
(412, NULL, 165, 221, 374),
(413, NULL, 144, 144, 196),
(414, NULL, 302, 376, 242),
(415, NULL, 349, 289, 422),
(416, NULL, 278, 371, 341),
(417, NULL, 125, 26, 466),
(418, NULL, 207, 364, 19),
(419, NULL, 312, 310, 311),
(420, NULL, 175, 379, 331),
(421, NULL, 288, 45, 284),
(422, NULL, 194, 248, 382),
(423, NULL, 365, 2, 229),
(424, NULL, 3, 142, 353),
(425, NULL, 94, 147, 94),
(426, NULL, 56, 196, 170),
(427, NULL, 59, 90, 338),
(428, NULL, 108, 102, 438),
(429, NULL, 77, 363, 116),
(430, NULL, 30, 347, 183),
(431, NULL, 376, 226, 191),
(432, NULL, 352, 121, 410),
(433, NULL, 148, 353, 310),
(434, NULL, 302, 109, 435),
(435, NULL, 211, 57, 96),
(436, NULL, 142, 201, 398),
(437, NULL, 68, 70, 243),
(438, NULL, 295, 394, 5),
(439, NULL, 307, 278, 220),
(440, NULL, 210, 400, 118),
(441, NULL, 92, 191, 100),
(442, NULL, 344, 166, 164),
(443, NULL, 216, 247, 303),
(444, NULL, 300, 400, 243),
(445, NULL, 251, 229, 113),
(446, NULL, 377, 344, 244),
(447, NULL, 322, 130, 210),
(448, NULL, 187, 146, 314),
(449, NULL, 52, 208, 476),
(450, NULL, 106, 316, 332),
(451, NULL, 273, 37, 182),
(452, NULL, 135, 222, 216),
(453, NULL, 19, 331, 411),
(454, NULL, 147, 142, 149),
(455, NULL, 72, 319, 253),
(456, NULL, 31, 322, 356),
(457, NULL, 252, 149, 481),
(458, NULL, 63, 79, 208),
(459, NULL, 195, 387, 117),
(460, NULL, 397, 95, 442),
(461, NULL, 162, 67, 452),
(462, NULL, 86, 2, 299),
(463, NULL, 280, 244, 265),
(464, NULL, 264, 60, 20),
(465, NULL, 177, 75, 47),
(466, NULL, 182, 53, 353),
(467, NULL, 360, 45, 150),
(468, NULL, 325, 383, 9),
(469, NULL, 258, 150, 118),
(470, NULL, 91, 333, 260),
(471, NULL, 186, 187, 136),
(472, NULL, 305, 370, 381),
(473, NULL, 195, 40, 54),
(474, NULL, 9, 310, 408),
(475, NULL, 147, 249, 124),
(476, NULL, 38, 397, 206),
(477, NULL, 208, 143, 368),
(478, NULL, 297, 16, 118),
(479, NULL, 297, 86, 52),
(480, NULL, 170, 328, 410),
(481, NULL, 146, 4, 61),
(482, NULL, 183, 272, 180),
(483, NULL, 142, 395, 416),
(484, NULL, 331, 27, 326),
(485, NULL, 245, 221, 178),
(486, NULL, 337, 252, 131),
(487, NULL, 328, 97, 369),
(488, NULL, 374, 99, 6),
(489, NULL, 100, 257, 115),
(500, NULL, 171, 299, 260),
(501, NULL, 147, 50, 54),
(502, NULL, 206, 285, 319),
(503, NULL, 64, 62, 492),
(504, NULL, 33, 138, 28),
(505, NULL, 137, 82, 364),
(506, NULL, 269, 171, 311),
(507, NULL, 30, 69, 68),
(508, NULL, 399, 69, 343),
(509, NULL, 72, 393, 352),
(510, NULL, 170, 305, 456),
(511, NULL, 190, 100, 23),
(512, NULL, 142, 184, 327),
(513, NULL, 192, 196, 76),
(514, NULL, 104, 392, 233),
(515, NULL, 147, 358, 39),
(516, NULL, 120, 71, 174),
(517, NULL, 233, 107, 4),
(518, NULL, 397, 54, 368),
(519, NULL, 102, 199, 357),
(520, NULL, 225, 108, 132),
(521, NULL, 249, 269, 237),
(522, NULL, 225, 339, 242),
(523, NULL, 353, 366, 128),
(524, NULL, 366, 294, 218),
(525, NULL, 48, 90, 206),
(526, NULL, 332, 64, 225),
(527, NULL, 235, 134, 150),
(528, NULL, 38, 283, 342),
(529, NULL, 353, 322, 74),
(530, NULL, 69, 399, 318),
(531, NULL, 43, 298, 21),
(532, NULL, 106, 247, 407),
(533, NULL, 385, 155, 20),
(534, NULL, 377, 299, 393),
(535, NULL, 20, 207, 355),
(536, NULL, 165, 157, 446),
(537, NULL, 176, 396, 95),
(538, NULL, 63, 40, 412),
(539, NULL, 193, 30, 367),
(540, NULL, 266, 59, 78),
(541, NULL, 215, 60, 202),
(542, NULL, 366, 120, 459),
(543, NULL, 349, 266, 123),
(544, NULL, 45, 67, 473),
(545, NULL, 282, 50, 384),
(546, NULL, 12, 280, 224),
(547, NULL, 183, 45, 254),
(548, NULL, 207, 55, 115),
(549, NULL, 278, 215, 112),
(550, NULL, 356, 126, 18),
(551, NULL, 117, 291, 136),
(552, NULL, 143, 231, 201),
(553, NULL, 188, 180, 1),
(554, NULL, 295, 186, 162),
(555, NULL, 350, 160, 256),
(556, NULL, 49, 15, 373),
(557, NULL, 216, 340, 483),
(558, NULL, 33, 95, 397),
(559, NULL, 322, 4, 203),
(560, NULL, 172, 12, 120),
(561, NULL, 224, 232, 168),
(562, NULL, 278, 142, 82),
(563, NULL, 143, 94, 212),
(564, NULL, 359, 101, 327),
(565, NULL, 269, 363, 480),
(566, NULL, 222, 113, 87),
(567, NULL, 14, 26, 353),
(568, NULL, 278, 36, 80),
(569, NULL, 100, 113, 323),
(570, NULL, 394, 77, 312),
(571, NULL, 10, 103, 388),
(572, NULL, 147, 154, 454),
(573, NULL, 82, 193, 482),
(574, NULL, 302, 372, 23),
(575, NULL, 320, 376, 52),
(576, NULL, 309, 346, 183),
(577, NULL, 245, 288, 165),
(578, NULL, 122, 131, 415),
(579, NULL, 254, 289, 171),
(580, NULL, 247, 55, 419),
(581, NULL, 384, 198, 256),
(582, NULL, 397, 210, 270),
(583, NULL, 40, 378, 489),
(584, NULL, 305, 81, 111),
(585, NULL, 307, 170, 463),
(586, NULL, 369, 345, 281),
(587, NULL, 126, 249, 173),
(588, NULL, 212, 27, 292),
(589, NULL, 55, 195, 328),
(590, NULL, 304, 174, 193),
(591, NULL, 61, 226, 278),
(592, NULL, 370, 165, 490),
(593, NULL, 238, 293, 106),
(594, NULL, 170, 208, 254),
(595, NULL, 352, 155, 75),
(596, NULL, 157, 215, 418),
(597, NULL, 242, 18, 127),
(598, NULL, 154, 278, 251),
(599, NULL, 351, 221, 241),
(600, NULL, 130, 280, 485),
(601, NULL, 280, 226, 222),
(602, NULL, 283, 365, 232),
(603, NULL, 40, 41, 278),
(604, NULL, 229, 308, 275),
(605, NULL, 124, 201, 468),
(606, NULL, 25, 225, 470),
(607, NULL, 323, 161, 499),
(608, NULL, 42, 155, 382),
(609, NULL, 400, 6, 202),
(610, NULL, 381, 5, 398),
(611, NULL, 279, 230, 117),
(612, NULL, 253, 150, 413),
(613, NULL, 197, 344, 176),
(614, NULL, 204, 391, 412),
(615, NULL, 261, 47, 467),
(616, NULL, 394, 396, 127),
(617, NULL, 106, 23, 155),
(618, NULL, 258, 211, 42),
(619, NULL, 258, 119, 342),
(620, NULL, 83, 198, 338),
(621, NULL, 180, 163, 274),
(622, NULL, 13, 362, 402),
(623, NULL, 330, 121, 387),
(624, NULL, 355, 74, 2),
(625, NULL, 399, 346, 325),
(626, NULL, 116, 48, 138),
(627, NULL, 59, 310, 291),
(628, NULL, 204, 251, 274),
(629, NULL, 59, 85, 73),
(630, NULL, 125, 279, 478),
(631, NULL, 168, 364, 438),
(632, NULL, 104, 124, 467),
(633, NULL, 125, 252, 224),
(634, NULL, 289, 89, 323),
(635, NULL, 227, 141, 115),
(636, NULL, 353, 98, 308),
(637, NULL, 109, 104, 130),
(638, NULL, 43, 80, 247),
(639, NULL, 399, 78, 379),
(640, NULL, 288, 330, 138),
(641, NULL, 83, 24, 103),
(642, NULL, 164, 309, 319),
(643, NULL, 200, 31, 330),
(644, NULL, 288, 367, 208),
(645, NULL, 329, 240, 398),
(646, NULL, 53, 147, 295),
(647, NULL, 133, 251, 310),
(648, NULL, 283, 17, 258),
(649, NULL, 320, 333, 48),
(650, NULL, 69, 156, 491),
(651, NULL, 246, 57, 267),
(652, NULL, 278, 54, 64),
(653, NULL, 258, 352, 132),
(654, NULL, 362, 234, 28),
(655, NULL, 188, 289, 229),
(656, NULL, 62, 62, 114),
(657, NULL, 333, 69, 299),
(658, NULL, 132, 54, 368),
(659, NULL, 6, 310, 28),
(660, NULL, 186, 64, 290),
(661, NULL, 320, 256, 427),
(662, NULL, 66, 296, 338),
(663, NULL, 24, 382, 173),
(664, NULL, 308, 145, 213),
(665, NULL, 287, 18, 262),
(666, NULL, 55, 358, 450),
(667, NULL, 376, 398, 441),
(668, NULL, 237, 327, 192),
(669, NULL, 221, 340, 402),
(670, NULL, 179, 384, 449),
(671, NULL, 366, 367, 150),
(672, NULL, 106, 388, 157),
(673, NULL, 34, 278, 393),
(674, NULL, 219, 208, 442),
(675, NULL, 168, 130, 263),
(676, NULL, 114, 227, 266),
(677, NULL, 91, 124, 80),
(678, NULL, 362, 169, 197),
(679, NULL, 158, 264, 449),
(680, NULL, 325, 45, 171),
(681, NULL, 369, 135, 158),
(682, NULL, 174, 373, 68),
(683, NULL, 260, 397, 177),
(684, NULL, 349, 161, 474),
(685, NULL, 101, 75, 220),
(686, NULL, 223, 258, 129),
(687, NULL, 334, 275, 415),
(688, NULL, 271, 382, 54),
(689, NULL, 389, 379, 99),
(690, NULL, 143, 205, 41),
(691, NULL, 294, 7, 457),
(692, NULL, 397, 165, 26),
(693, NULL, 50, 275, 241),
(694, NULL, 10, 245, 223),
(695, NULL, 221, 92, 366),
(696, NULL, 300, 121, 68),
(697, NULL, 205, 54, 434),
(698, NULL, 91, 279, 278),
(699, NULL, 74, 175, 447),
(700, NULL, 371, 32, 369),
(701, NULL, 93, 207, 479),
(702, NULL, 137, 18, 363),
(703, NULL, 66, 75, 46),
(704, NULL, 55, 189, 442),
(705, NULL, 181, 303, 57),
(706, NULL, 243, 345, 66),
(707, NULL, 261, 317, 389),
(708, NULL, 283, 39, 90),
(709, NULL, 289, 290, 131),
(720, NULL, 269, 43, 286),
(721, NULL, 302, 172, 458),
(722, NULL, 99, 377, 423),
(723, NULL, 129, 100, 42),
(724, NULL, 52, 327, 112),
(725, NULL, 138, 90, 229),
(726, NULL, 253, 116, 372),
(727, NULL, 123, 228, 73),
(728, NULL, 122, 356, 107),
(729, NULL, 36, 64, 206),
(730, NULL, 289, 342, 364),
(731, NULL, 383, 348, 258),
(732, NULL, 9, 362, 65),
(733, NULL, 225, 259, 407),
(734, NULL, 354, 249, 462),
(735, NULL, 231, 4, 353),
(736, NULL, 185, 180, 4),
(737, NULL, 306, 17, 171),
(738, NULL, 159, 173, 114),
(739, NULL, 222, 201, 19),
(740, NULL, 279, 40, 312),
(741, NULL, 108, 318, 204),
(742, NULL, 126, 389, 387),
(743, NULL, 108, 81, 81),
(744, NULL, 118, 280, 190),
(745, NULL, 69, 123, 327),
(746, NULL, 229, 291, 351),
(747, NULL, 379, 356, 122),
(748, NULL, 342, 337, 240),
(749, NULL, 69, 112, 33),
(750, NULL, 23, 301, 259),
(751, NULL, 320, 286, 130),
(752, NULL, 24, 212, 365),
(753, NULL, 362, 252, 311),
(754, NULL, 310, 288, 437),
(755, NULL, 270, 263, 205),
(756, NULL, 96, 130, 227),
(757, NULL, 132, 358, 100),
(758, NULL, 343, 209, 324),
(759, NULL, 1, 47, 216),
(760, NULL, 243, 56, 410),
(761, NULL, 26, 196, 52),
(762, NULL, 306, 366, 200),
(763, NULL, 363, 176, 6),
(764, NULL, 346, 160, 300),
(765, NULL, 289, 64, 337),
(766, NULL, 176, 213, 117),
(767, NULL, 208, 200, 433),
(768, NULL, 335, 376, 323),
(769, NULL, 28, 221, 271),
(770, NULL, 177, 287, 2),
(771, NULL, 189, 260, 409),
(772, NULL, 70, 8, 143),
(773, NULL, 372, 298, 453),
(774, NULL, 278, 334, 359),
(775, NULL, 184, 293, 281),
(776, NULL, 258, 105, 302),
(777, NULL, 133, 112, 26),
(778, NULL, 211, 387, 99),
(779, NULL, 200, 325, 53),
(780, NULL, 103, 189, 134),
(781, NULL, 46, 215, 82),
(782, NULL, 275, 396, 449),
(783, NULL, 184, 385, 161),
(784, NULL, 196, 228, 65),
(785, NULL, 333, 207, 107),
(786, NULL, 322, 132, 370),
(787, NULL, 219, 364, 483),
(788, NULL, 123, 276, 209),
(789, NULL, 158, 320, 340),
(800, NULL, 133, 70, 159),
(801, NULL, 362, 283, 493),
(802, NULL, 236, 190, 11),
(803, NULL, 323, 136, 477),
(804, NULL, 114, 263, 183),
(805, NULL, 195, 334, 202),
(806, NULL, 230, 234, 272),
(807, NULL, 399, 396, 428),
(808, NULL, 322, 184, 292),
(809, NULL, 273, 201, 86),
(810, NULL, 87, 283, 325),
(811, NULL, 200, 378, 52),
(812, NULL, 25, 156, 315),
(813, NULL, 353, 329, 140),
(814, NULL, 155, 117, 410),
(815, NULL, 68, 371, 256),
(816, NULL, 5, 342, 40),
(817, NULL, 110, 125, 168),
(818, NULL, 13, 369, 229),
(819, NULL, 378, 355, 49),
(820, NULL, 241, 211, 451),
(821, NULL, 128, 77, 304),
(822, NULL, 357, 1, 153),
(823, NULL, 17, 153, 32),
(824, NULL, 7, 264, 193),
(825, NULL, 207, 82, 24),
(826, NULL, 146, 188, 55),
(827, NULL, 126, 135, 323),
(828, NULL, 17, 194, 262),
(829, NULL, 210, 142, 476),
(830, NULL, 154, 345, 226),
(831, NULL, 63, 20, 321),
(832, NULL, 228, 31, 214),
(833, NULL, 120, 371, 163),
(834, NULL, 190, 93, 216),
(835, NULL, 52, 195, 406),
(836, NULL, 232, 179, 208),
(837, NULL, 269, 55, 438),
(838, NULL, 397, 249, 24),
(839, NULL, 79, 41, 91),
(840, NULL, 38, 394, 165),
(841, NULL, 81, 136, 177),
(842, NULL, 163, 89, 272),
(843, NULL, 274, 62, 173),
(844, NULL, 363, 257, 280),
(845, NULL, 20, 205, 307),
(846, NULL, 120, 174, 13),
(847, NULL, 147, 175, 400),
(848, NULL, 192, 45, 222),
(849, NULL, 128, 221, 251),
(850, NULL, 233, 134, 189),
(851, NULL, 190, 15, 335),
(852, NULL, 126, 13, 168),
(853, NULL, 217, 71, 98),
(854, NULL, 180, 151, 129),
(855, NULL, 241, 210, 407),
(856, NULL, 319, 152, 149),
(857, NULL, 93, 7, 376),
(858, NULL, 95, 325, 361),
(859, NULL, 377, 206, 113),
(860, NULL, 332, 262, 108),
(861, NULL, 178, 157, 420),
(862, NULL, 25, 263, 455),
(863, NULL, 284, 67, 204),
(864, NULL, 178, 347, 138),
(865, NULL, 337, 216, 428),
(866, NULL, 98, 103, 253),
(867, NULL, 151, 50, 211),
(868, NULL, 392, 356, 300),
(869, NULL, 128, 332, 279),
(870, NULL, 277, 146, 232),
(871, NULL, 120, 301, 25),
(872, NULL, 52, 201, 90),
(873, NULL, 325, 100, 141),
(874, NULL, 238, 139, 449),
(875, NULL, 172, 272, 217),
(876, NULL, 126, 277, 198),
(877, NULL, 122, 389, 342),
(878, NULL, 52, 325, 393),
(879, NULL, 145, 371, 464),
(880, NULL, 202, 246, 459),
(881, NULL, 316, 119, 53),
(882, NULL, 56, 381, 485),
(883, NULL, 109, 34, 351),
(884, NULL, 363, 66, 262),
(885, NULL, 380, 215, 364),
(886, NULL, 266, 12, 294),
(887, NULL, 161, 64, 397),
(888, NULL, 197, 292, 413),
(889, NULL, 295, 3, 287),
(890, NULL, 259, 339, 213),
(891, NULL, 161, 371, 481),
(892, NULL, 368, 45, 42),
(893, NULL, 313, 396, 158),
(894, NULL, 366, 202, 110),
(895, NULL, 28, 340, 61),
(896, NULL, 26, 300, 55),
(897, NULL, 27, 63, 190),
(898, NULL, 243, 389, 65),
(899, NULL, 333, 235, 478),
(900, NULL, 235, 334, 103),
(901, NULL, 203, 64, 420),
(902, NULL, 367, 206, 267),
(903, NULL, 278, 356, 217),
(904, NULL, 229, 51, 415),
(905, NULL, 153, 31, 350),
(906, NULL, 11, 51, 194),
(907, NULL, 78, 171, 84),
(908, NULL, 79, 137, 310),
(909, NULL, 393, 239, 114),
(910, NULL, 19, 310, 29),
(911, NULL, 73, 147, 369),
(912, NULL, 47, 231, 490),
(913, NULL, 112, 212, 452),
(914, NULL, 294, 127, 429),
(915, NULL, 271, 69, 51),
(916, NULL, 56, 167, 210),
(917, NULL, 135, 170, 335),
(918, NULL, 136, 257, 239),
(919, NULL, 344, 73, 223),
(920, NULL, 18, 400, 463),
(921, NULL, 393, 209, 105),
(922, NULL, 254, 281, 437),
(923, NULL, 10, 294, 249),
(924, NULL, 11, 27, 207),
(925, NULL, 381, 70, 98),
(926, NULL, 2, 118, 118),
(927, NULL, 82, 1, 58),
(928, NULL, 148, 77, 496),
(929, NULL, 371, 306, 366),
(930, NULL, 14, 143, 431),
(931, NULL, 286, 107, 51),
(932, NULL, 19, 34, 278),
(933, NULL, 104, 382, 333),
(934, NULL, 337, 268, 206),
(935, NULL, 348, 271, 291),
(936, NULL, 383, 303, 372),
(937, NULL, 57, 82, 206),
(938, NULL, 168, 82, 87),
(939, NULL, 172, 252, 167),
(940, NULL, 22, 350, 365),
(941, NULL, 256, 17, 186),
(942, NULL, 205, 175, 70),
(943, NULL, 255, 238, 347),
(944, NULL, 67, 101, 129),
(945, NULL, 116, 60, 487),
(946, NULL, 347, 2, 249),
(947, NULL, 344, 141, 455),
(948, NULL, 51, 42, 494),
(949, NULL, 157, 158, 202),
(950, NULL, 186, 54, 490),
(951, NULL, 119, 159, 128),
(952, NULL, 209, 56, 442),
(953, NULL, 331, 114, 358),
(954, NULL, 396, 256, 467),
(955, NULL, 78, 14, 306),
(956, NULL, 318, 238, 134),
(957, NULL, 296, 360, 363),
(958, NULL, 296, 333, 389),
(959, NULL, 75, 172, 75),
(960, NULL, 202, 284, 244),
(961, NULL, 221, 394, 89),
(962, NULL, 132, 292, 4),
(963, NULL, 170, 351, 499),
(964, NULL, 140, 233, 63),
(965, NULL, 327, 155, 422),
(966, NULL, 356, 46, 310),
(967, NULL, 8, 146, 477),
(968, NULL, 223, 262, 195),
(969, NULL, 263, 297, 351),
(970, NULL, 135, 397, 12),
(971, NULL, 28, 291, 349),
(972, NULL, 208, 220, 18),
(973, NULL, 250, 290, 366),
(974, NULL, 358, 282, 4),
(975, NULL, 69, 346, 93),
(976, NULL, 380, 165, 462),
(977, NULL, 53, 189, 217),
(978, NULL, 108, 97, 114),
(979, NULL, 241, 38, 436),
(980, NULL, 121, 173, 355),
(981, NULL, 88, 375, 383),
(982, NULL, 39, 368, 398),
(983, NULL, 389, 323, 14),
(984, NULL, 78, 144, 80),
(985, NULL, 63, 156, 63),
(986, NULL, 306, 342, 297),
(987, NULL, 271, 214, 498),
(988, NULL, 147, 264, 246),
(989, NULL, 100, 116, 426),
(990, NULL, 18, 98, 386),
(991, NULL, 399, 235, 120),
(992, NULL, 364, 279, 491),
(993, NULL, 36, 95, 142),
(994, NULL, 232, 2, 131),
(995, NULL, 163, 368, 364),
(996, NULL, 168, 113, 244),
(997, NULL, 52, 225, 402),
(998, NULL, 180, 47, 43),
(999, NULL, 388, 191, 12),
(1010, NULL, 34, 233, 357),
(1011, NULL, 310, 217, 98),
(1012, NULL, 333, 225, 485),
(1013, NULL, 75, 260, 144),
(1014, NULL, 308, 288, 122),
(1015, NULL, 126, 224, 240),
(1016, NULL, 319, 328, 300),
(1017, NULL, 10, 383, 131),
(1018, NULL, 8, 219, 96),
(1019, NULL, 338, 29, 255),
(1020, NULL, 314, 50, 282),
(1021, NULL, 243, 329, 463),
(1022, NULL, 37, 139, 319),
(1023, NULL, 18, 381, 163),
(1024, NULL, 319, 273, 23),
(1025, NULL, 237, 49, 322),
(1026, NULL, 254, 114, 267),
(1027, NULL, 399, 148, 66),
(1028, NULL, 161, 333, 313),
(1029, NULL, 1, 270, 301),
(1030, NULL, 341, 118, 453),
(1031, NULL, 377, 11, 443),
(1032, NULL, 358, 274, 402),
(1033, NULL, 49, 351, 365),
(1034, NULL, 86, 337, 96),
(1035, NULL, 35, 34, 355),
(1036, NULL, 17, 229, 229),
(1037, NULL, 393, 42, 72),
(1038, NULL, 240, 330, 332),
(1039, NULL, 278, 384, 131),
(1040, NULL, 49, 363, 485),
(1041, NULL, 383, 170, 311),
(1042, NULL, 245, 212, 87),
(1043, NULL, 89, 186, 153),
(1044, NULL, 114, 329, 476),
(1045, NULL, 285, 12, 241),
(1046, NULL, 317, 328, 472),
(1047, NULL, 41, 288, 54),
(1048, NULL, 304, 276, 89),
(1049, NULL, 278, 50, 328),
(1050, NULL, 90, 351, 474),
(1051, NULL, 142, 368, 69),
(1052, NULL, 166, 85, 423),
(1053, NULL, 142, 162, 471),
(1054, NULL, 361, 47, 235),
(1055, NULL, 292, 91, 176),
(1056, NULL, 145, 221, 60),
(1057, NULL, 187, 207, 400),
(1058, NULL, 263, 103, 493),
(1059, NULL, 84, 24, 393),
(1060, NULL, 194, 114, 229),
(1061, NULL, 110, 313, 192),
(1062, NULL, 97, 353, 244),
(1063, NULL, 196, 44, 27),
(1064, NULL, 353, 164, 416),
(1065, NULL, 103, 224, 154),
(1066, NULL, 84, 115, 495),
(1067, NULL, 147, 31, 228),
(1068, NULL, 341, 18, 52),
(1069, NULL, 259, 301, 67),
(1070, NULL, 68, 168, 99),
(1071, NULL, 334, 108, 76),
(1072, NULL, 301, 268, 385),
(1073, NULL, 291, 9, 245),
(1074, NULL, 235, 287, 77),
(1075, NULL, 40, 319, 96),
(1076, NULL, 81, 110, 95),
(1077, NULL, 57, 42, 204),
(1078, NULL, 387, 236, 484),
(1079, NULL, 360, 221, 484),
(1090, NULL, 245, 363, 312),
(1091, NULL, 1, 206, 315),
(1092, NULL, 221, 374, 320),
(1093, NULL, 137, 199, 189),
(1094, NULL, 80, 101, 293),
(1095, NULL, 297, 197, 5),
(1096, NULL, 307, 129, 160),
(1097, NULL, 68, 291, 484),
(1098, NULL, 130, 95, 61),
(1099, NULL, 257, 39, 47),
(1100, NULL, 104, 291, 371),
(1101, NULL, 399, 6, 197),
(1102, NULL, 9, 179, 270),
(1103, NULL, 192, 321, 148),
(1104, NULL, 186, 198, 443),
(1105, NULL, 294, 306, 198),
(1106, NULL, 316, 309, 470),
(1107, NULL, 342, 249, 474),
(1108, NULL, 350, 6, 32),
(1109, NULL, 286, 136, 361),
(1110, NULL, 82, 101, 278),
(1111, NULL, 90, 142, 41),
(1112, NULL, 135, 260, 29),
(1113, NULL, 169, 368, 319),
(1114, NULL, 233, 38, 135),
(1115, NULL, 384, 221, 355),
(1116, NULL, 227, 217, 275),
(1117, NULL, 213, 284, 194),
(1118, NULL, 270, 201, 174),
(1119, NULL, 114, 293, 42),
(1130, NULL, 140, 20, 2),
(1131, NULL, 103, 31, 115),
(1132, NULL, 26, 384, 142),
(1133, NULL, 280, 73, 294),
(1134, NULL, 194, 68, 266),
(1135, NULL, 188, 17, 407),
(1136, NULL, 366, 29, 362),
(1137, NULL, 88, 295, 475),
(1138, NULL, 251, 222, 426),
(1139, NULL, 18, 396, 166),
(1140, NULL, 167, 366, 448),
(1141, NULL, 235, 151, 364),
(1142, NULL, 200, 111, 54),
(1143, NULL, 392, 394, 477),
(1144, NULL, 190, 360, 46),
(1145, NULL, 232, 190, 482),
(1146, NULL, 177, 394, 140),
(1147, NULL, 60, 131, 231),
(1148, NULL, 192, 157, 110),
(1149, NULL, 306, 351, 419),
(1150, NULL, 395, 254, 454),
(1151, NULL, 140, 139, 404),
(1152, NULL, 178, 1, 347),
(1153, NULL, 389, 179, 422),
(1154, NULL, 315, 97, 486),
(1155, NULL, 107, 73, 94),
(1156, NULL, 239, 171, 401),
(1157, NULL, 184, 351, 452),
(1158, NULL, 237, 82, 310),
(1159, NULL, 75, 36, 176),
(1160, NULL, 340, 362, 81),
(1161, NULL, 322, 35, 432),
(1162, NULL, 47, 250, 357),
(1163, NULL, 317, 93, 295),
(1164, NULL, 64, 380, 365),
(1165, NULL, 186, 34, 449),
(1166, NULL, 349, 306, 185),
(1167, NULL, 198, 388, 191),
(1168, NULL, 187, 377, 454),
(1169, NULL, 330, 159, 332),
(1170, NULL, 280, 109, 284),
(1171, NULL, 296, 283, 151),
(1172, NULL, 69, 189, 366),
(1173, NULL, 125, 153, 100),
(1174, NULL, 110, 144, 263),
(1175, NULL, 334, 186, 429),
(1176, NULL, 264, 288, 468),
(1177, NULL, 233, 43, 310),
(1178, NULL, 117, 289, 291),
(1179, NULL, 247, 85, 475),
(1180, NULL, 107, 276, 25),
(1181, NULL, 272, 150, 179),
(1182, NULL, 211, 114, 210),
(1183, NULL, 316, 167, 367),
(1184, NULL, 196, 393, 100),
(1185, NULL, 223, 229, 174),
(1186, NULL, 367, 37, 239),
(1187, NULL, 187, 11, 241),
(1188, NULL, 216, 310, 102),
(1189, NULL, 119, 158, 307),
(1190, NULL, 141, 172, 411),
(1191, NULL, 21, 373, 158),
(1192, NULL, 3, 91, 169),
(1193, NULL, 340, 35, 192),
(1194, NULL, 189, 357, 65),
(1195, NULL, 235, 115, 499),
(1196, NULL, 204, 271, 405),
(1197, NULL, 232, 309, 257),
(1198, NULL, 63, 107, 254),
(1199, NULL, 138, 248, 257);

-- --------------------------------------------------------

--
-- Structure de la table `poney`
--

DROP TABLE IF EXISTS `poney`;
CREATE TABLE IF NOT EXISTS `poney` (
  `id` bigint(20) UNSIGNED NOT NULL AUTO_INCREMENT,
  `nom` varchar(50) DEFAULT NULL,
  PRIMARY KEY (`id`)
) ENGINE=MyISAM AUTO_INCREMENT=401 DEFAULT CHARSET=latin1;

--
-- Déchargement des données de la table `poney`
--

INSERT INTO `poney` (`id`, `nom`) VALUES
(1, 'Colin'),
(2, 'Davis'),
(3, 'Driscoll'),
(4, 'Uriah'),
(5, 'Ralph'),
(6, 'Clark'),
(7, 'Luke'),
(8, 'Kennan'),
(9, 'Stewart'),
(10, 'Alan'),
(11, 'Noble'),
(12, 'Acton'),
(13, 'Peter'),
(14, 'Abraham'),
(15, 'Hedley'),
(16, 'Richard'),
(17, 'Emerson'),
(18, 'Dorian'),
(19, 'Philip'),
(20, 'Clayton'),
(21, 'Stewart'),
(22, 'Laith'),
(23, 'Kelly'),
(24, 'Talon'),
(25, 'Thor'),
(26, 'Moses'),
(27, 'Emery'),
(28, 'Paul'),
(29, 'Yardley'),
(30, 'Phelan'),
(31, 'Sylvester'),
(32, 'Abel'),
(33, 'Barclay'),
(34, 'Tobias'),
(35, 'Dorian'),
(36, 'Wallace'),
(37, 'Jeremy'),
(38, 'Ira'),
(39, 'Talon'),
(40, 'Kane'),
(41, 'Hoyt'),
(42, 'Peter'),
(43, 'Armando'),
(44, 'Porter'),
(45, 'Edward'),
(46, 'Driscoll'),
(47, 'Carl'),
(48, 'Abraham'),
(49, 'Jerome'),
(50, 'Declan'),
(51, 'Preston'),
(52, 'Chester'),
(53, 'Brent'),
(54, 'Ezekiel'),
(55, 'Timothy'),
(56, 'Orson'),
(57, 'Griffin'),
(58, 'Paul'),
(59, 'Wade'),
(60, 'Adrian'),
(61, 'Derek'),
(62, 'Victor'),
(63, 'Rudyard'),
(64, 'Gray'),
(65, 'Bernard'),
(66, 'Lucian'),
(67, 'Thaddeus'),
(68, 'Len'),
(69, 'Caldwell'),
(70, 'Dolan'),
(71, 'Abel'),
(72, 'Holmes'),
(73, 'Jerome'),
(74, 'Emery'),
(75, 'Cairo'),
(76, 'Raja'),
(77, 'Preston'),
(78, 'Lane'),
(79, 'Charles'),
(80, 'Aristotle'),
(81, 'Prescott'),
(82, 'Grant'),
(83, 'Levi'),
(84, 'Philip'),
(85, 'Kato'),
(86, 'Hop'),
(87, 'Brody'),
(88, 'Bruno'),
(89, 'Rajah'),
(90, 'Dexter'),
(91, 'Tanner'),
(92, 'Clarke'),
(93, 'Slade'),
(94, 'Ryder'),
(95, 'Duncan'),
(96, 'Clayton'),
(97, 'Drake'),
(98, 'Kuame'),
(99, 'Garrison'),
(100, 'Thomas'),
(101, 'Tamekah'),
(102, 'Jessica'),
(103, 'Buckminster'),
(104, 'Francis'),
(105, 'Murphy'),
(106, 'Joshua'),
(107, 'Tatiana'),
(108, 'Tarik'),
(109, 'Lacy'),
(110, 'Bell'),
(111, 'Ryder'),
(112, 'Tiger'),
(113, 'Tad'),
(114, 'Dante'),
(115, 'Mallory'),
(116, 'Charles'),
(117, 'Teegan'),
(118, 'Yuli'),
(119, 'Adrienne'),
(120, 'Taylor'),
(121, 'Nathaniel'),
(122, 'Maxwell'),
(123, 'Sage'),
(124, 'Rajah'),
(125, 'Hayes'),
(126, 'Kerry'),
(127, 'Galena'),
(128, 'Xenos'),
(129, 'Brian'),
(130, 'Aphrodite'),
(131, 'Drake'),
(132, 'Adrienne'),
(133, 'Danielle'),
(134, 'Flynn'),
(135, 'Merrill'),
(136, 'Trevor'),
(137, 'Gabriel'),
(138, 'Noelani'),
(139, 'Justina'),
(140, 'Lars'),
(141, 'Genevieve'),
(142, 'Macey'),
(143, 'Guy'),
(144, 'Orla'),
(145, 'Adrienne'),
(146, 'Evan'),
(147, 'Walter'),
(148, 'Sigourney'),
(149, 'Elton'),
(150, 'Moana'),
(151, 'Clayton'),
(152, 'Idola'),
(153, 'Alden'),
(154, 'Chandler'),
(155, 'Claudia'),
(156, 'Clayton'),
(157, 'Maryam'),
(158, 'Sawyer'),
(159, 'Alea'),
(160, 'Denton'),
(161, 'Zena'),
(162, 'Larissa'),
(163, 'Vernon'),
(164, 'Channing'),
(165, 'Aileen'),
(166, 'Portia'),
(167, 'Belle'),
(168, 'Tanner'),
(169, 'Kelly'),
(170, 'Ashton'),
(171, 'Mollie'),
(172, 'Lucas'),
(173, 'Paki'),
(174, 'Nola'),
(175, 'Elton'),
(176, 'Priscilla'),
(177, 'Lucius'),
(178, 'Ivor'),
(179, 'Hakeem'),
(180, 'Mechelle'),
(181, 'Garth'),
(182, 'Branden'),
(183, 'Rose'),
(184, 'Lucius'),
(185, 'Camille'),
(186, 'Rooney'),
(187, 'Vincent'),
(188, 'Kato'),
(189, 'Camille'),
(190, 'Eleanor'),
(191, 'Vaughan'),
(192, 'Valentine'),
(193, 'Leigh'),
(194, 'Jamal'),
(195, 'Edan'),
(196, 'Sade'),
(197, 'Nicholas'),
(198, 'Walker'),
(199, 'Baker'),
(200, 'Tamekah'),
(201, 'Hakeem'),
(202, 'Blaine'),
(203, 'Dora'),
(204, 'James'),
(205, 'Tana'),
(206, 'Orlando'),
(207, 'Jeremy'),
(208, 'Zelda'),
(209, 'Debra'),
(210, 'Virginia'),
(211, 'Josiah'),
(212, 'Brennan'),
(213, 'Blake'),
(214, 'Camden'),
(215, 'Madeson'),
(216, 'Madeline'),
(217, 'Constance'),
(218, 'Cleo'),
(219, 'Katell'),
(220, 'Brenden'),
(221, 'Isabella'),
(222, 'Taylor'),
(223, 'Selma'),
(224, 'Robert'),
(225, 'Buckminster'),
(226, 'Ursula'),
(227, 'Sawyer'),
(228, 'Connor'),
(229, 'Delilah'),
(230, 'Karina'),
(231, 'Branden'),
(232, 'Vernon'),
(233, 'Cynthia'),
(234, 'Willow'),
(235, 'Ignacia'),
(236, 'Leo'),
(237, 'Jaime'),
(238, 'Cade'),
(239, 'Deborah'),
(240, 'Raphael'),
(241, 'Yael'),
(242, 'Addison'),
(243, 'Wynter'),
(244, 'Jason'),
(245, 'Walter'),
(246, 'Hanae'),
(247, 'Signe'),
(248, 'Ulysses'),
(249, 'Octavius'),
(250, 'Jolene'),
(251, 'Burton'),
(252, 'Lareina'),
(253, 'Sade'),
(254, 'Isabella'),
(255, 'Danielle'),
(256, 'Yardley'),
(257, 'Bree'),
(258, 'Courtney'),
(259, 'Nehru'),
(260, 'Lucy'),
(261, 'Serina'),
(262, 'Omar'),
(263, 'Basil'),
(264, 'Yael'),
(265, 'Clayton'),
(266, 'Clarke'),
(267, 'Tanek'),
(268, 'Wayne'),
(269, 'Iola'),
(270, 'Solomon'),
(271, 'Winifred'),
(272, 'Darryl'),
(273, 'Nita'),
(274, 'Connor'),
(275, 'Ella'),
(276, 'Richard'),
(277, 'Rachel'),
(278, 'Kennan'),
(279, 'Jada'),
(280, 'Ethan'),
(281, 'Deanna'),
(282, 'Anjolie'),
(283, 'Tate'),
(284, 'Bradley'),
(285, 'Francesca'),
(286, 'Kaseem'),
(287, 'Uta'),
(288, 'Tanya'),
(289, 'Evangeline'),
(290, 'Vanna'),
(291, 'Zelda'),
(292, 'Maia'),
(293, 'Lara'),
(294, 'Conan'),
(295, 'Hilary'),
(296, 'Ivor'),
(297, 'Preston'),
(298, 'Miranda'),
(299, 'Christopher'),
(300, 'Walker'),
(301, 'Galloway'),
(302, 'Riddle'),
(303, 'Richard'),
(304, 'Reilly'),
(305, 'Long'),
(306, 'Mayer'),
(307, 'Roy'),
(308, 'Rodriguez'),
(309, 'Stephens'),
(310, 'Beard'),
(311, 'Wise'),
(312, 'Ray'),
(313, 'Hobbs'),
(314, 'Cleveland'),
(315, 'Everett'),
(316, 'Stark'),
(317, 'Benson'),
(318, 'Aguirre'),
(319, 'Perkins'),
(320, 'Olson'),
(321, 'Rojas'),
(322, 'Wallace'),
(323, 'Cook'),
(324, 'Moore'),
(325, 'Chen'),
(326, 'Garcia'),
(327, 'Sharpe'),
(328, 'Case'),
(329, 'Spence'),
(330, 'Wade'),
(331, 'Hughes'),
(332, 'Turner'),
(333, 'Woodard'),
(334, 'Valencia'),
(335, 'Hodge'),
(336, 'Mejia'),
(337, 'Little'),
(338, 'Holmes'),
(339, 'Avery'),
(340, 'Crosby'),
(341, 'Wagner'),
(342, 'Casey'),
(343, 'Newton'),
(344, 'Jensen'),
(345, 'Carlson'),
(346, 'Pruitt'),
(347, 'Mclaughlin'),
(348, 'Cash'),
(349, 'Baird'),
(350, 'Leblanc'),
(351, 'Garza'),
(352, 'Wiggins'),
(353, 'Page'),
(354, 'Johnson'),
(355, 'Fleming'),
(356, 'Frost'),
(357, 'David'),
(358, 'Baker'),
(359, 'Nunez'),
(360, 'Wilkerson'),
(361, 'Pratt'),
(362, 'Skinner'),
(363, 'Jimenez'),
(364, 'Allison'),
(365, 'Hudson'),
(366, 'Carr'),
(367, 'Olsen'),
(368, 'Mills'),
(369, 'Dejesus'),
(370, 'Gomez'),
(371, 'Brewer'),
(372, 'Waters'),
(373, 'Martinez'),
(374, 'Booker'),
(375, 'Zamora'),
(376, 'Barton'),
(377, 'Hammond'),
(378, 'Beck'),
(379, 'Griffith'),
(380, 'Levy'),
(381, 'Knapp'),
(382, 'Huber'),
(383, 'Moss'),
(384, 'Eaton'),
(385, 'Wiley'),
(386, 'Higgins'),
(387, 'Brennan'),
(388, 'Anderson'),
(389, 'Cobb'),
(390, 'Rosa'),
(391, 'Estes'),
(392, 'Caldwell'),
(393, 'Gilmore'),
(394, 'Webster'),
(395, 'Slater'),
(396, 'Mays'),
(397, 'Hess'),
(398, 'Frost'),
(399, 'Ellison'),
(400, 'Mejia');
COMMIT;

/*!40101 SET CHARACTER_SET_CLIENT=@OLD_CHARACTER_SET_CLIENT */;
/*!40101 SET CHARACTER_SET_RESULTS=@OLD_CHARACTER_SET_RESULTS */;
/*!40101 SET COLLATION_CONNECTION=@OLD_COLLATION_CONNECTION */;
